




--- FRAME UPDATE at 2026-06-20 02:38:47 ---





--- FRAME UPDATE at 2026-06-20 02:38:47 ---
 [ SIM ACTIVE: PAUSED (0) ]
 [ ACTIVE ID: xolector ]
 [ EPOCH: 45 ]
 [ STEPS: 0 ]
 PROJECT CONTROLS:
[>] 1. [[ START ]][ ] 2. [[ PAUSE ]][ ] 3. [[ STEP / END TURN ]]
 PET SWITCHER:
[ ] 4. [Possess liz_bulb][ ] 5. [Possess liz_char][ ] 6. [Possess liz_gen_5414]
 METHODS (xolector):
[ ] 7. [possess_bulb][ ] 8. [possess_char]
 LOG: System Initialized.
 TURN SUMMARY: 

+=========================================================+
Nav > _





--- FRAME UPDATE at 2026-06-20 02:38:47 ---
+===========================================================+
|                                                           |
|           C H T P M + O S   C L I   v2.0                 |
|                                                           |
|  CHTPM+OS Main Menu                                      |
|                                                           |
|  [>] 1. [Project Loader]                             |
|  [ ] 2. [App Store (Fondu)]                          |
|  [ ] 3. [Status]  [ ] 4. [GL-OS]                                          |
|  [ ] 5. [Process Monitor]                            |
|  [ ] 6. [Toggle Frame History (Current: )]                                         |
|  [ ] 7. [Help]                                            |
|                                                           |
+===========================================================+
|  Running Applications: None                               |
|  System Time: 08:00:00 | Turn: 0 | Key: None |
+===========================================================+
|                                                           |
|  $ | [ ] 8. []                                                 |                                                 |

+=========================================================+
Nav > _





--- FRAME UPDATE at 2026-06-20 02:39:12 ---
+===========================================================+
|                                                           |
|           C H T P M + O S   C L I   v2.0                 |
|                                                           |
|  CHTPM+OS Main Menu                                      |
|                                                           |
|  [>] 1. [Project Loader]                             |
|  [ ] 2. [App Store (Fondu)]                          |
|  [ ] 3. [Status]  [ ] 4. [GL-OS]                                          |
|  [ ] 5. [Process Monitor]                            |
|  [ ] 6. [Toggle Frame History (Current: )]                                         |
|  [ ] 7. [Help]                                            |
|                                                           |
+===========================================================+
|  Running Applications: None                               |
|  System Time: 08:00:00 | Turn: 0 | Key: None |
+===========================================================+
|                                                           |
|  $ | [ ] 8. []                                                 |                                                 |

+=========================================================+
Nav > _





--- FRAME UPDATE at 2026-06-20 02:42:24 ---
 [ SIM ACTIVE: PAUSED (0) ]
 [ ACTIVE ID: liz_bulb ]
 [ EPOCH: 45 ]
 [ STEPS: 0 ]
 PROJECT CONTROLS:
[>] 1. [[ START ]][ ] 2. [[ PAUSE ]][ ] 3. [[ STEP / END TURN ]]
 PET SWITCHER:
[ ] 4. [Possess liz_bulb][ ] 5. [Possess liz_char][ ] 6. [Possess liz_gen_5414]
 METHODS (liz_bulb):
[ ] 7. [scan][ ] 8. [eat][ ] 9. [breathe][ ] 10. [check_death][ ] 11. [train][ ] 12. [attack][ ] 13. [mate][ ] 14. [rest][ ] 15. [nothing][ ] 16. [ai][ ] 17. [release]
 LOG: Possessed liz_bulb.
 TURN SUMMARY: 

+=========================================================+
Nav > _





--- FRAME UPDATE at 2026-06-20 02:43:40 ---
 [ SIM ACTIVE: RUNNING (1) ]
 [ ACTIVE ID: xolector ]
 [ EPOCH: 45 ]
 [ STEPS: 0 ]
 PROJECT CONTROLS:
[>] 1. [[ START ]][ ] 2. [[ PAUSE ]][ ] 3. [[ STEP / END TURN ]]
 PET SWITCHER:
[ ] 4. [Possess liz_bulb][ ] 5. [Possess liz_char][ ] 6. [Possess liz_gen_5414]
 METHODS (xolector):
[ ] 7. [possess_bulb][ ] 8. [possess_char]
 LOG: Simulation resumed.
 TURN SUMMARY: 

+=========================================================+
Nav > _





--- FRAME UPDATE at 2026-06-20 02:43:40 ---
 [ SIM ACTIVE: RUNNING (1) ]
 [ ACTIVE ID: liz_bulb ]
 [ EPOCH: 46 ]
 [ STEPS: 1 ]
 PROJECT CONTROLS:
[>] 1. [[ START ]][ ] 2. [[ PAUSE ]][ ] 3. [[ STEP / END TURN ]]
 PET SWITCHER:
[ ] 4. [Possess liz_bulb][ ] 5. [Possess liz_char][ ] 6. [Possess liz_gen_5414]
 METHODS (liz_bulb):
[ ] 7. [scan][ ] 8. [eat][ ] 9. [breathe][ ] 10. [check_death][ ] 11. [train][ ] 12. [attack][ ] 13. [mate][ ] 14. [rest][ ] 15. [nothing][ ] 16. [ai][ ] 17. [release]
 LOG: Epoch 45 Complete.
 TURN SUMMARY: liz_bulb:breathe | liz_bulb:check_death | liz_char:breathe | liz_char:scan | liz_char:rest | liz_char:check_death | liz_gen_5414:breathe | liz_gen_5414:scan | liz_gen_5414:rest | liz_gen_5414:check_death | liz_bulb:train(pieces/world_tank_01/logs/epoch_45.txt) | liz_char:train(pieces/world_tank_01/logs/epoch_45.txt) | liz_gen_5414:train(pieces/world_tank_01/logs/epoch_45.txt)

+=========================================================+
Nav > _





--- FRAME UPDATE at 2026-06-20 02:43:40 ---
+===========================================================+
|                                                           |
|           C H T P M + O S   C L I   v2.0                 |
|                                                           |
|  CHTPM+OS Main Menu                                      |
|                                                           |
|  [>] 1. [Project Loader]                             |
|  [ ] 2. [App Store (Fondu)]                          |
|  [ ] 3. [Status]  [ ] 4. [GL-OS]                                          |
|  [ ] 5. [Process Monitor]                            |
|  [ ] 6. [Toggle Frame History (Current: )]                                         |
|  [ ] 7. [Help]                                            |
|                                                           |
+===========================================================+
|  Running Applications: None                               |
|  System Time: 08:00:00 | Turn: 0 | Key: None |
+===========================================================+
|                                                           |
|  $ | [ ] 8. []                                                 |                                                 |

+=========================================================+
Nav > _





--- FRAME UPDATE at 2026-06-20 02:43:40 ---
+===========================================================+
|                                                           |
|           C H T P M + O S   C L I   v2.0                 |
|                                                           |
|  CHTPM+OS Main Menu                                      |
|                                                           |
|  [>] 1. [Project Loader]                             |
|  [ ] 2. [App Store (Fondu)]                          |
|  [ ] 3. [Status]  [ ] 4. [GL-OS]                                          |
|  [ ] 5. [Process Monitor]                            |
|  [ ] 6. [Toggle Frame History (Current: )]                                         |
|  [ ] 7. [Help]                                            |
|                                                           |
+===========================================================+
|  Running Applications: None                               |
|  System Time: 08:00:00 | Turn: 0 | Key: None |
+===========================================================+
|                                                           |
|  $ | [ ] 8. []                                                 |                                                 |

+=========================================================+
Nav > _





--- FRAME UPDATE at 2026-06-20 02:43:40 ---
 [ SIM ACTIVE: RUNNING (1) ]
 [ ACTIVE ID: liz_bulb ]
 [ EPOCH: 47 ]
 [ STEPS: 2 ]
 PROJECT CONTROLS:
[>] 1. [[ START ]][ ] 2. [[ PAUSE ]][ ] 3. [[ STEP / END TURN ]]
 PET SWITCHER:
[ ] 4. [Possess liz_bulb][ ] 5. [Possess liz_char][ ] 6. [Possess liz_gen_5414]
 METHODS (liz_bulb):
[ ] 7. [scan][ ] 8. [eat][ ] 9. [breathe][ ] 10. [check_death][ ] 11. [train][ ] 12. [attack][ ] 13. [mate][ ] 14. [rest][ ] 15. [nothing][ ] 16. [ai][ ] 17. [release]
 LOG: Epoch 46 Complete.
 TURN SUMMARY: liz_bulb:breathe | liz_bulb:check_death | liz_char:breathe | liz_char:scan | liz_char:rest | liz_char:check_death | liz_gen_5414:breathe | liz_gen_5414:scan | liz_gen_5414:rest | liz_gen_5414:check_death | liz_bulb:train(pieces/world_tank_01/logs/epoch_46.txt) | liz_char:train(pieces/world_tank_01/logs/epoch_46.txt) | liz_gen_5414:train(pieces/world_tank_01/logs/epoch_46.txt)

+=========================================================+
Nav > _





--- FRAME UPDATE at 2026-06-20 02:43:40 ---
+===========================================================+
|                                                           |
|           C H T P M + O S   C L I   v2.0                 |
|                                                           |
|  CHTPM+OS Main Menu                                      |
|                                                           |
|  [>] 1. [Project Loader]                             |
|  [ ] 2. [App Store (Fondu)]                          |
|  [ ] 3. [Status]  [ ] 4. [GL-OS]                                          |
|  [ ] 5. [Process Monitor]                            |
|  [ ] 6. [Toggle Frame History (Current: )]                                         |
|  [ ] 7. [Help]                                            |
|                                                           |
+===========================================================+
|  Running Applications: None                               |
|  System Time: 08:00:00 | Turn: 0 | Key: None |
+===========================================================+
|                                                           |
|  $ | [ ] 8. []                                                 |                                                 |

+=========================================================+
Nav > _





--- FRAME UPDATE at 2026-06-20 02:43:40 ---
 [ SIM ACTIVE: RUNNING (1) ]
 [ ACTIVE ID: liz_bulb ]
 [ EPOCH: 49 ]
 [ STEPS: 3 ]
 PROJECT CONTROLS:
[>] 1. [[ START ]][ ] 2. [[ PAUSE ]][ ] 3. [[ STEP / END TURN ]]
 PET SWITCHER:
[ ] 4. [Possess liz_bulb][ ] 5. [Possess liz_char][ ] 6. [Possess liz_gen_5414]
 METHODS (liz_bulb):
[ ] 7. [scan][ ] 8. [eat][ ] 9. [breathe][ ] 10. [check_death][ ] 11. [train][ ] 12. [attack][ ] 13. [mate][ ] 14. [rest][ ] 15. [nothing][ ] 16. [ai][ ] 17. [release]
 LOG: Epoch 48 Complete.
 TURN SUMMARY: liz_bulb:breathe | liz_bulb:check_death | liz_char:breathe | liz_char:scan | liz_char:rest | liz_char:check_death | liz_gen_5414:breathe | liz_gen_5414:scan | liz_gen_5414:rest | liz_gen_5414:check_death | liz_bulb:train(pieces/world_tank_01/logs/epoch_48.txt) | liz_char:train(pieces/world_tank_01/logs/epoch_48.txt) | liz_gen_5414:train(pieces/world_tank_01/logs/epoch_48.txt)

+=========================================================+
Nav > _





--- FRAME UPDATE at 2026-06-20 02:43:40 ---
 [ SIM ACTIVE: RUNNING (1) ]
 [ ACTIVE ID: liz_bulb ]
 [ EPOCH: 50 ]
 [ STEPS: 4 ]
 PROJECT CONTROLS:
[>] 1. [[ START ]][ ] 2. [[ PAUSE ]][ ] 3. [[ STEP / END TURN ]]
 PET SWITCHER:
[ ] 4. [Possess liz_bulb][ ] 5. [Possess liz_char][ ] 6. [Possess liz_gen_5414]
 METHODS (liz_bulb):
[ ] 7. [scan][ ] 8. [eat][ ] 9. [breathe][ ] 10. [check_death][ ] 11. [train][ ] 12. [attack][ ] 13. [mate][ ] 14. [rest][ ] 15. [nothing][ ] 16. [ai][ ] 17. [release]
 LOG: Epoch 49 Complete.
 TURN SUMMARY: liz_bulb:breathe | liz_bulb:check_death | liz_char:breathe | liz_char:scan | liz_char:rest | liz_char:check_death | liz_gen_5414:breathe | liz_gen_5414:scan | liz_gen_5414:rest | liz_gen_5414:check_death | liz_bulb:train(pieces/world_tank_01/logs/epoch_49.txt) | liz_char:train(pieces/world_tank_01/logs/epoch_49.txt) | liz_gen_5414:train(pieces/world_tank_01/logs/epoch_49.txt)

+=========================================================+
Nav > _





--- FRAME UPDATE at 2026-06-20 02:43:40 ---
 [ SIM ACTIVE: RUNNING (1) ]
 [ ACTIVE ID: liz_bulb ]
 [ EPOCH: 52 ]
 [ STEPS: 5 ]
 PROJECT CONTROLS:
[>] 1. [[ START ]][ ] 2. [[ PAUSE ]][ ] 3. [[ STEP / END TURN ]]
 PET SWITCHER:
[ ] 4. [Possess liz_bulb][ ] 5. [Possess liz_char][ ] 6. [Possess liz_gen_5414]
 METHODS (liz_bulb):
[ ] 7. [scan][ ] 8. [eat][ ] 9. [breathe][ ] 10. [check_death][ ] 11. [train][ ] 12. [attack][ ] 13. [mate][ ] 14. [rest][ ] 15. [nothing][ ] 16. [ai][ ] 17. [release]
 LOG: Epoch 51 Complete.
 TURN SUMMARY: liz_bulb:breathe | liz_bulb:check_death | liz_char:breathe | liz_char:scan | liz_char:rest | liz_char:check_death | liz_gen_5414:breathe | liz_gen_5414:scan | liz_gen_5414:rest | liz_gen_5414:check_death | liz_bulb:train(pieces/world_tank_01/logs/epoch_51.txt) | liz_char:train(pieces/world_tank_01/logs/epoch_51.txt) | liz_gen_5414:train(pieces/world_tank_01/logs/epoch_51.txt)

+=========================================================+
Nav > _





--- FRAME UPDATE at 2026-06-20 02:43:40 ---
+===========================================================+
|                                                           |
|           C H T P M + O S   C L I   v2.0                 |
|                                                           |
|  CHTPM+OS Main Menu                                      |
|                                                           |
|  [>] 1. [Project Loader]                             |
|  [ ] 2. [App Store (Fondu)]                          |
|  [ ] 3. [Status]  [ ] 4. [GL-OS]                                          |
|  [ ] 5. [Process Monitor]                            |
|  [ ] 6. [Toggle Frame History (Current: )]                                         |
|  [ ] 7. [Help]                                            |
|                                                           |
+===========================================================+
|  Running Applications: None                               |
|  System Time: 08:00:00 | Turn: 0 | Key: None |
+===========================================================+
|                                                           |
|  $ | [ ] 8. []                                                 |                                                 |

+=========================================================+
Nav > _





--- FRAME UPDATE at 2026-06-20 02:43:41 ---
 [ SIM ACTIVE: RUNNING (1) ]
 [ ACTIVE ID: liz_bulb ]
 [ EPOCH: 53 ]
 [ STEPS: 6 ]
 PROJECT CONTROLS:
[>] 1. [[ START ]][ ] 2. [[ PAUSE ]][ ] 3. [[ STEP / END TURN ]]
 PET SWITCHER:
[ ] 4. [Possess liz_bulb][ ] 5. [Possess liz_char][ ] 6. [Possess liz_gen_5414]
 METHODS (liz_bulb):
[ ] 7. [scan][ ] 8. [eat][ ] 9. [breathe][ ] 10. [check_death][ ] 11. [train][ ] 12. [attack][ ] 13. [mate][ ] 14. [rest][ ] 15. [nothing][ ] 16. [ai][ ] 17. [release]
 LOG: Epoch 52 Complete.
 TURN SUMMARY: liz_bulb:breathe | liz_bulb:check_death | liz_char:breathe | liz_char:scan | liz_char:rest | liz_char:check_death | liz_gen_5414:breathe | liz_gen_5414:scan | liz_gen_5414:rest | liz_gen_5414:check_death | liz_bulb:train(pieces/world_tank_01/logs/epoch_52.txt) | liz_char:train(pieces/world_tank_01/logs/epoch_52.txt) | liz_gen_5414:train(pieces/world_tank_01/logs/epoch_52.txt)

+=========================================================+
Nav > _





--- FRAME UPDATE at 2026-06-20 02:43:41 ---
 [ SIM ACTIVE: RUNNING (1) ]
 [ ACTIVE ID: liz_bulb ]
 [ EPOCH: 54 ]
 [ STEPS: 7 ]
 PROJECT CONTROLS:
[>] 1. [[ START ]][ ] 2. [[ PAUSE ]][ ] 3. [[ STEP / END TURN ]]
 PET SWITCHER:
[ ] 4. [Possess liz_bulb][ ] 5. [Possess liz_char][ ] 6. [Possess liz_gen_5414]
 METHODS (liz_bulb):
[ ] 7. [scan][ ] 8. [eat][ ] 9. [breathe][ ] 10. [check_death][ ] 11. [train][ ] 12. [attack][ ] 13. [mate][ ] 14. [rest][ ] 15. [nothing][ ] 16. [ai][ ] 17. [release]
 LOG: Epoch 53 Complete.
 TURN SUMMARY: liz_bulb:breathe | liz_bulb:check_death | liz_char:breathe | liz_char:scan | liz_char:rest | liz_char:check_death | liz_gen_5414:breathe | liz_gen_5414:scan | liz_gen_5414:rest | liz_gen_5414:check_death | liz_bulb:train(pieces/world_tank_01/logs/epoch_53.txt) | liz_char:train(pieces/world_tank_01/logs/epoch_53.txt) | liz_gen_5414:train(pieces/world_tank_01/logs/epoch_53.txt)

+=========================================================+
Nav > _





--- FRAME UPDATE at 2026-06-20 02:43:41 ---
 [ SIM ACTIVE: RUNNING (1) ]
 [ ACTIVE ID: liz_bulb ]
 [ EPOCH: 55 ]
 [ STEPS: 8 ]
 PROJECT CONTROLS:
[>] 1. [[ START ]][ ] 2. [[ PAUSE ]][ ] 3. [[ STEP / END TURN ]]
 PET SWITCHER:
[ ] 4. [Possess liz_bulb][ ] 5. [Possess liz_char][ ] 6. [Possess liz_gen_5414]
 METHODS (liz_bulb):
[ ] 7. [scan][ ] 8. [eat][ ] 9. [breathe][ ] 10. [check_death][ ] 11. [train][ ] 12. [attack][ ] 13. [mate][ ] 14. [rest][ ] 15. [nothing][ ] 16. [ai][ ] 17. [release]
 LOG: Epoch 54 Complete.
 TURN SUMMARY: liz_bulb:breathe | liz_bulb:check_death | liz_char:breathe | liz_char:scan | liz_char:rest | liz_char:check_death | liz_gen_5414:breathe | liz_gen_5414:scan | liz_gen_5414:rest | liz_gen_5414:check_death | liz_bulb:train(pieces/world_tank_01/logs/epoch_54.txt) | liz_char:train(pieces/world_tank_01/logs/epoch_54.txt) | liz_gen_5414:train(pieces/world_tank_01/logs/epoch_54.txt)

+=========================================================+
Nav > _





--- FRAME UPDATE at 2026-06-20 02:43:41 ---
+===========================================================+
|                                                           |
|           C H T P M + O S   C L I   v2.0                 |
|                                                           |
|  CHTPM+OS Main Menu                                      |
|                                                           |
|  [>] 1. [Project Loader]                             |
|  [ ] 2. [App Store (Fondu)]                          |
|  [ ] 3. [Status]  [ ] 4. [GL-OS]                                          |
|  [ ] 5. [Process Monitor]                            |
|  [ ] 6. [Toggle Frame History (Current: )]                                         |
|  [ ] 7. [Help]                                            |
|                                                           |
+===========================================================+
|  Running Applications: None                               |
|  System Time: 08:00:00 | Turn: 0 | Key: None |
+===========================================================+
|                                                           |
|  $ | [ ] 8. []                                                 |                                                 |

+=========================================================+
Nav > _





--- FRAME UPDATE at 2026-06-20 02:43:41 ---
 [ SIM ACTIVE: RUNNING (1) ]
 [ ACTIVE ID: liz_bulb ]
 [ EPOCH: 56 ]
 [ STEPS: 9 ]
 PROJECT CONTROLS:
[>] 1. [[ START ]][ ] 2. [[ PAUSE ]][ ] 3. [[ STEP / END TURN ]]
 PET SWITCHER:
[ ] 4. [Possess liz_bulb][ ] 5. [Possess liz_char][ ] 6. [Possess liz_gen_5414]
 METHODS (liz_bulb):
[ ] 7. [scan][ ] 8. [eat][ ] 9. [breathe][ ] 10. [check_death][ ] 11. [train][ ] 12. [attack][ ] 13. [mate][ ] 14. [rest][ ] 15. [nothing][ ] 16. [ai][ ] 17. [release]
 LOG: Epoch 55 Complete.
 TURN SUMMARY: liz_bulb:breathe | liz_bulb:check_death | liz_char:breathe | liz_char:scan | liz_char:rest | liz_char:check_death | liz_gen_5414:breathe | liz_gen_5414:scan | liz_gen_5414:rest | liz_gen_5414:check_death | liz_bulb:train(pieces/world_tank_01/logs/epoch_55.txt) | liz_char:train(pieces/world_tank_01/logs/epoch_55.txt) | liz_gen_5414:train(pieces/world_tank_01/logs/epoch_55.txt)

+=========================================================+
Nav > _





--- FRAME UPDATE at 2026-06-20 02:43:41 ---
 [ SIM ACTIVE: RUNNING (1) ]
 [ ACTIVE ID: liz_bulb ]
 [ EPOCH: 58 ]
 [ STEPS: 10 ]
 PROJECT CONTROLS:
[>] 1. [[ START ]][ ] 2. [[ PAUSE ]][ ] 3. [[ STEP / END TURN ]]
 PET SWITCHER:
[ ] 4. [Possess liz_bulb][ ] 5. [Possess liz_char][ ] 6. [Possess liz_gen_5414]
 METHODS (liz_bulb):
[ ] 7. [scan][ ] 8. [eat][ ] 9. [breathe][ ] 10. [check_death][ ] 11. [train][ ] 12. [attack][ ] 13. [mate][ ] 14. [rest][ ] 15. [nothing][ ] 16. [ai][ ] 17. [release]
 LOG: Epoch 57 Complete.
 TURN SUMMARY: liz_bulb:breathe | liz_bulb:check_death | liz_char:breathe | liz_char:scan | liz_char:rest | liz_char:check_death | liz_gen_5414:breathe | liz_gen_5414:scan | liz_gen_5414:rest | liz_gen_5414:check_death | liz_bulb:train(pieces/world_tank_01/logs/epoch_57.txt) | liz_char:train(pieces/world_tank_01/logs/epoch_57.txt) | liz_gen_5414:train(pieces/world_tank_01/logs/epoch_57.txt)

+=========================================================+
Nav > _





--- FRAME UPDATE at 2026-06-20 02:43:41 ---
 [ SIM ACTIVE: RUNNING (1) ]
 [ ACTIVE ID: liz_bulb ]
 [ EPOCH: 59 ]
 [ STEPS: 11 ]
 PROJECT CONTROLS:
[>] 1. [[ START ]][ ] 2. [[ PAUSE ]][ ] 3. [[ STEP / END TURN ]]
 PET SWITCHER:
[ ] 4. [Possess liz_bulb][ ] 5. [Possess liz_char][ ] 6. [Possess liz_gen_5414]
 METHODS (liz_bulb):
[ ] 7. [scan][ ] 8. [eat][ ] 9. [breathe][ ] 10. [check_death][ ] 11. [train][ ] 12. [attack][ ] 13. [mate][ ] 14. [rest][ ] 15. [nothing][ ] 16. [ai][ ] 17. [release]
 LOG: Epoch 58 Complete.
 TURN SUMMARY: liz_bulb:breathe | liz_bulb:check_death | liz_char:breathe | liz_char:scan | liz_char:rest | liz_char:check_death | liz_gen_5414:breathe | liz_gen_5414:scan | liz_gen_5414:rest | liz_gen_5414:check_death | liz_bulb:train(pieces/world_tank_01/logs/epoch_58.txt) | liz_char:train(pieces/world_tank_01/logs/epoch_58.txt) | liz_gen_5414:train(pieces/world_tank_01/logs/epoch_58.txt)

+=========================================================+
Nav > _





--- FRAME UPDATE at 2026-06-20 02:43:42 ---
+===========================================================+
|                                                           |
|           C H T P M + O S   C L I   v2.0                 |
|                                                           |
|  CHTPM+OS Main Menu                                      |
|                                                           |
|  [>] 1. [Project Loader]                             |
|  [ ] 2. [App Store (Fondu)]                          |
|  [ ] 3. [Status]  [ ] 4. [GL-OS]                                          |
|  [ ] 5. [Process Monitor]                            |
|  [ ] 6. [Toggle Frame History (Current: )]                                         |
|  [ ] 7. [Help]                                            |
|                                                           |
+===========================================================+
|  Running Applications: None                               |
|  System Time: 08:00:00 | Turn: 0 | Key: None |
+===========================================================+
|                                                           |
|  $ | [ ] 8. []                                                 |                                                 |

+=========================================================+
Nav > _





--- FRAME UPDATE at 2026-06-20 02:43:42 ---
 [ SIM ACTIVE: RUNNING (1) ]
 [ ACTIVE ID: liz_bulb ]
 [ EPOCH: 60 ]
 [ STEPS: 12 ]
 PROJECT CONTROLS:
[>] 1. [[ START ]][ ] 2. [[ PAUSE ]][ ] 3. [[ STEP / END TURN ]]
 PET SWITCHER:
[ ] 4. [Possess liz_bulb][ ] 5. [Possess liz_char][ ] 6. [Possess liz_gen_5414]
 METHODS (liz_bulb):
[ ] 7. [scan][ ] 8. [eat][ ] 9. [breathe][ ] 10. [check_death][ ] 11. [train][ ] 12. [attack][ ] 13. [mate][ ] 14. [rest][ ] 15. [nothing][ ] 16. [ai][ ] 17. [release]
 LOG: Epoch 59 Complete.
 TURN SUMMARY: liz_bulb:breathe | liz_bulb:check_death | liz_char:breathe | liz_char:scan | liz_char:rest | liz_char:check_death | liz_gen_5414:breathe | liz_gen_5414:scan | liz_gen_5414:rest | liz_gen_5414:check_death | liz_bulb:train(pieces/world_tank_01/logs/epoch_59.txt) | liz_char:train(pieces/world_tank_01/logs/epoch_59.txt) | liz_gen_5414:train(pieces/world_tank_01/logs/epoch_59.txt)

+=========================================================+
Nav > _





--- FRAME UPDATE at 2026-06-20 02:43:42 ---
+===========================================================+
|                                                           |
|           C H T P M + O S   C L I   v2.0                 |
|                                                           |
|  CHTPM+OS Main Menu                                      |
|                                                           |
|  [>] 1. [Project Loader]                             |
|  [ ] 2. [App Store (Fondu)]                          |
|  [ ] 3. [Status]  [ ] 4. [GL-OS]                                          |
|  [ ] 5. [Process Monitor]                            |
|  [ ] 6. [Toggle Frame History (Current: )]                                         |
|  [ ] 7. [Help]                                            |
|                                                           |
+===========================================================+
|  Running Applications: None                               |
|  System Time: 08:00:00 | Turn: 0 | Key: None |
+===========================================================+
|                                                           |
|  $ | [ ] 8. []                                                 |                                                 |

+=========================================================+
Nav > _





--- FRAME UPDATE at 2026-06-20 02:43:42 ---
 [ SIM ACTIVE: RUNNING (1) ]
 [ ACTIVE ID: xolector ]
 [ EPOCH: 61 ]
 [ STEPS: 13 ]
 PROJECT CONTROLS:
[>] 1. [[ START ]][ ] 2. [[ PAUSE ]][ ] 3. [[ STEP / END TURN ]]
 PET SWITCHER:
[ ] 4. [Possess liz_bulb][ ] 5. [Possess liz_char][ ] 6. [Possess liz_gen_5414]
 METHODS (xolector):
[ ] 7. [possess_bulb][ ] 8. [possess_char]
 LOG: Epoch 60 Complete.
 TURN SUMMARY: liz_bulb:breathe | liz_bulb:scan | liz_bulb:rest | liz_bulb:check_death | liz_char:breathe | liz_char:scan | liz_char:rest | liz_char:check_death | liz_gen_5414:breathe | liz_gen_5414:scan | liz_gen_5414:rest | liz_gen_5414:check_death | liz_bulb:train(pieces/world_tank_01/logs/epoch_60.txt) | liz_char:train(pieces/world_tank_01/logs/epoch_60.txt) | liz_gen_5414:train(pieces/world_tank_01/logs/epoch_60.txt)

+=========================================================+
Nav > _





--- FRAME UPDATE at 2026-06-20 02:43:42 ---
+===========================================================+
|                                                           |
|           C H T P M + O S   C L I   v2.0                 |
|                                                           |
|  CHTPM+OS Main Menu                                      |
|                                                           |
|  [>] 1. [Project Loader]                             |
|  [ ] 2. [App Store (Fondu)]                          |
|  [ ] 3. [Status]  [ ] 4. [GL-OS]                                          |
|  [ ] 5. [Process Monitor]                            |
|  [ ] 6. [Toggle Frame History (Current: )]                                         |
|  [ ] 7. [Help]                                            |
|                                                           |
+===========================================================+
|  Running Applications: None                               |
|  System Time: 08:00:00 | Turn: 0 | Key: None |
+===========================================================+
|                                                           |
|  $ | [ ] 8. []                                                 |                                                 |

+=========================================================+
Nav > _





--- FRAME UPDATE at 2026-06-20 02:43:42 ---
 [ SIM ACTIVE: RUNNING (1) ]
 [ ACTIVE ID: xolector ]
 [ EPOCH: 62 ]
 [ STEPS: 14 ]
 PROJECT CONTROLS:
[>] 1. [[ START ]][ ] 2. [[ PAUSE ]][ ] 3. [[ STEP / END TURN ]]
 PET SWITCHER:
[ ] 4. [Possess liz_bulb][ ] 5. [Possess liz_char][ ] 6. [Possess liz_gen_5414]
 METHODS (xolector):
[ ] 7. [possess_bulb][ ] 8. [possess_char]
 LOG: Epoch 61 Complete.
 TURN SUMMARY: liz_bulb:breathe | liz_bulb:scan | liz_bulb:rest | liz_bulb:check_death | liz_char:breathe | liz_char:scan | liz_char:rest | liz_char:check_death | liz_gen_5414:breathe | liz_gen_5414:scan | liz_gen_5414:rest | liz_gen_5414:check_death | liz_bulb:train(pieces/world_tank_01/logs/epoch_61.txt) | liz_char:train(pieces/world_tank_01/logs/epoch_61.txt) | liz_gen_5414:train(pieces/world_tank_01/logs/epoch_61.txt)

+=========================================================+
Nav > _





--- FRAME UPDATE at 2026-06-20 02:43:42 ---
 [ SIM ACTIVE: RUNNING (1) ]
 [ ACTIVE ID: xolector ]
 [ EPOCH: 63 ]
 [ STEPS: 15 ]
 PROJECT CONTROLS:
[>] 1. [[ START ]][ ] 2. [[ PAUSE ]][ ] 3. [[ STEP / END TURN ]]
 PET SWITCHER:
[ ] 4. [Possess liz_bulb][ ] 5. [Possess liz_char][ ] 6. [Possess liz_gen_5414]
 METHODS (xolector):
[ ] 7. [possess_bulb][ ] 8. [possess_char]
 LOG: Epoch 62 Complete.
 TURN SUMMARY: liz_bulb:breathe | liz_bulb:scan | liz_bulb:rest | liz_bulb:check_death | liz_char:breathe | liz_char:scan | liz_char:rest | liz_char:check_death | liz_gen_5414:breathe | liz_gen_5414:scan | liz_gen_5414:rest | liz_gen_5414:check_death | liz_bulb:train(pieces/world_tank_01/logs/epoch_62.txt) | liz_char:train(pieces/world_tank_01/logs/epoch_62.txt) | liz_gen_5414:train(pieces/world_tank_01/logs/epoch_62.txt)

+=========================================================+
Nav > _





--- FRAME UPDATE at 2026-06-20 02:43:42 ---
 [ SIM ACTIVE: RUNNING (1) ]
 [ ACTIVE ID: xolector ]
 [ EPOCH: 65 ]
 [ STEPS: 16 ]
 PROJECT CONTROLS:
[>] 1. [[ START ]][ ] 2. [[ PAUSE ]][ ] 3. [[ STEP / END TURN ]]
 PET SWITCHER:
[ ] 4. [Possess liz_bulb][ ] 5. [Possess liz_char][ ] 6. [Possess liz_gen_5414]
 METHODS (xolector):
[ ] 7. [possess_bulb][ ] 8. [possess_char]
 LOG: Epoch 64 Complete.
 TURN SUMMARY: liz_bulb:breathe | liz_bulb:scan | liz_bulb:rest | liz_bulb:check_death | liz_char:breathe | liz_char:scan | liz_char:rest | liz_char:check_death | liz_gen_5414:breathe | liz_gen_5414:scan | liz_gen_5414:rest | liz_gen_5414:check_death | liz_bulb:train(pieces/world_tank_01/logs/epoch_64.txt) | liz_char:train(pieces/world_tank_01/logs/epoch_64.txt) | liz_gen_5414:train(pieces/world_tank_01/logs/epoch_64.txt)

+=========================================================+
Nav > _





--- FRAME UPDATE at 2026-06-20 02:43:42 ---
+===========================================================+
|                                                           |
|           C H T P M + O S   C L I   v2.0                 |
|                                                           |
|  CHTPM+OS Main Menu                                      |
|                                                           |
|  [>] 1. [Project Loader]                             |
|  [ ] 2. [App Store (Fondu)]                          |
|  [ ] 3. [Status]  [ ] 4. [GL-OS]                                          |
|  [ ] 5. [Process Monitor]                            |
|  [ ] 6. [Toggle Frame History (Current: )]                                         |
|  [ ] 7. [Help]                                            |
|                                                           |
+===========================================================+
|  Running Applications: None                               |
|  System Time: 08:00:00 | Turn: 0 | Key: None |
+===========================================================+
|                                                           |
|  $ | [ ] 8. []                                                 |                                                 |

+=========================================================+
Nav > _





--- FRAME UPDATE at 2026-06-20 02:43:43 ---
 [ SIM ACTIVE: RUNNING (1) ]
 [ ACTIVE ID: liz_bulb ]
 [ EPOCH: 66 ]
 [ STEPS: 17 ]
 PROJECT CONTROLS:
[>] 1. [[ START ]][ ] 2. [[ PAUSE ]][ ] 3. [[ STEP / END TURN ]]
 PET SWITCHER:
[ ] 4. [Possess liz_bulb][ ] 5. [Possess liz_char][ ] 6. [Possess liz_gen_5414]
 METHODS (liz_bulb):
[ ] 7. [scan][ ] 8. [eat][ ] 9. [breathe][ ] 10. [check_death][ ] 11. [train][ ] 12. [attack][ ] 13. [mate][ ] 14. [rest][ ] 15. [nothing][ ] 16. [ai][ ] 17. [release]
 LOG: Epoch 65 Complete.
 TURN SUMMARY: liz_bulb:breathe | liz_bulb:check_death | liz_char:breathe | liz_char:scan | liz_char:rest | liz_char:check_death | liz_gen_5414:breathe | liz_gen_5414:scan | liz_gen_5414:rest | liz_gen_5414:check_death | liz_bulb:train(pieces/world_tank_01/logs/epoch_65.txt) | liz_char:train(pieces/world_tank_01/logs/epoch_65.txt) | liz_gen_5414:train(pieces/world_tank_01/logs/epoch_65.txt)

+=========================================================+
Nav > _





--- FRAME UPDATE at 2026-06-20 02:43:43 ---
+===========================================================+
|                                                           |
|           C H T P M + O S   C L I   v2.0                 |
|                                                           |
|  CHTPM+OS Main Menu                                      |
|                                                           |
|  [>] 1. [Project Loader]                             |
|  [ ] 2. [App Store (Fondu)]                          |
|  [ ] 3. [Status]  [ ] 4. [GL-OS]                                          |
|  [ ] 5. [Process Monitor]                            |
|  [ ] 6. [Toggle Frame History (Current: )]                                         |
|  [ ] 7. [Help]                                            |
|                                                           |
+===========================================================+
|  Running Applications: None                               |
|  System Time: 08:00:00 | Turn: 0 | Key: None |
+===========================================================+
|                                                           |
|  $ | [ ] 8. []                                                 |                                                 |

+=========================================================+
Nav > _





--- FRAME UPDATE at 2026-06-20 02:43:43 ---
 [ SIM ACTIVE: RUNNING (1) ]
 [ ACTIVE ID: liz_bulb ]
 [ EPOCH: 68 ]
 [ STEPS: 18 ]
 PROJECT CONTROLS:
[>] 1. [[ START ]][ ] 2. [[ PAUSE ]][ ] 3. [[ STEP / END TURN ]]
 PET SWITCHER:
[ ] 4. [Possess liz_bulb][ ] 5. [Possess liz_char][ ] 6. [Possess liz_gen_5414]
 METHODS (liz_bulb):
[ ] 7. [scan][ ] 8. [eat][ ] 9. [breathe][ ] 10. [check_death][ ] 11. [train][ ] 12. [attack][ ] 13. [mate][ ] 14. [rest][ ] 15. [nothing][ ] 16. [ai][ ] 17. [release]
 LOG: Epoch 67 Complete.
 TURN SUMMARY: liz_bulb:breathe | liz_bulb:check_death | liz_char:breathe | liz_char:scan | liz_char:rest | liz_char:check_death | liz_gen_5414:breathe | liz_gen_5414:scan | liz_gen_5414:rest | liz_gen_5414:check_death | liz_bulb:train(pieces/world_tank_01/logs/epoch_67.txt) | liz_char:train(pieces/world_tank_01/logs/epoch_67.txt) | liz_gen_5414:train(pieces/world_tank_01/logs/epoch_67.txt)

+=========================================================+
Nav > _





--- FRAME UPDATE at 2026-06-20 02:43:43 ---
+===========================================================+
|                                                           |
|           C H T P M + O S   C L I   v2.0                 |
|                                                           |
|  CHTPM+OS Main Menu                                      |
|                                                           |
|  [>] 1. [Project Loader]                             |
|  [ ] 2. [App Store (Fondu)]                          |
|  [ ] 3. [Status]  [ ] 4. [GL-OS]                                          |
|  [ ] 5. [Process Monitor]                            |
|  [ ] 6. [Toggle Frame History (Current: )]                                         |
|  [ ] 7. [Help]                                            |
|                                                           |
+===========================================================+
|  Running Applications: None                               |
|  System Time: 08:00:00 | Turn: 0 | Key: None |
+===========================================================+
|                                                           |
|  $ | [ ] 8. []                                                 |                                                 |

+=========================================================+
Nav > _





--- FRAME UPDATE at 2026-06-20 02:43:43 ---
 [ SIM ACTIVE: RUNNING (1) ]
 [ ACTIVE ID: liz_bulb ]
 [ EPOCH: 70 ]
 [ STEPS: 19 ]
 PROJECT CONTROLS:
[>] 1. [[ START ]][ ] 2. [[ PAUSE ]][ ] 3. [[ STEP / END TURN ]]
 PET SWITCHER:
[ ] 4. [Possess liz_bulb][ ] 5. [Possess liz_char][ ] 6. [Possess liz_gen_5414]
 METHODS (liz_bulb):
[ ] 7. [scan][ ] 8. [eat][ ] 9. [breathe][ ] 10. [check_death][ ] 11. [train][ ] 12. [attack][ ] 13. [mate][ ] 14. [rest][ ] 15. [nothing][ ] 16. [ai][ ] 17. [release]
 LOG: Epoch 69 Complete.
 TURN SUMMARY: liz_bulb:breathe | liz_bulb:check_death | liz_char:breathe | liz_char:scan | liz_char:rest | liz_char:check_death | liz_gen_5414:breathe | liz_gen_5414:scan | liz_gen_5414:rest | liz_gen_5414:check_death | liz_bulb:train(pieces/world_tank_01/logs/epoch_69.txt) | liz_char:train(pieces/world_tank_01/logs/epoch_69.txt) | liz_gen_5414:train(pieces/world_tank_01/logs/epoch_69.txt)

+=========================================================+
Nav > _





--- FRAME UPDATE at 2026-06-20 02:43:43 ---
+===========================================================+
|                                                           |
|           C H T P M + O S   C L I   v2.0                 |
|                                                           |
|  CHTPM+OS Main Menu                                      |
|                                                           |
|  [>] 1. [Project Loader]                             |
|  [ ] 2. [App Store (Fondu)]                          |
|  [ ] 3. [Status]  [ ] 4. [GL-OS]                                          |
|  [ ] 5. [Process Monitor]                            |
|  [ ] 6. [Toggle Frame History (Current: )]                                         |
|  [ ] 7. [Help]                                            |
|                                                           |
+===========================================================+
|  Running Applications: None                               |
|  System Time: 08:00:00 | Turn: 0 | Key: None |
+===========================================================+
|                                                           |
|  $ | [ ] 8. []                                                 |                                                 |

+=========================================================+
Nav > _





--- FRAME UPDATE at 2026-06-20 02:43:43 ---
+===========================================================+
|                                                           |
|           C H T P M + O S   C L I   v2.0                 |
|                                                           |
|  CHTPM+OS Main Menu                                      |
|                                                           |
|  [>] 1. [Project Loader]                             |
|  [ ] 2. [App Store (Fondu)]                          |
|  [ ] 3. [Status]  [ ] 4. [GL-OS]                                          |
|  [ ] 5. [Process Monitor]                            |
|  [ ] 6. [Toggle Frame History (Current: )]                                         |
|  [ ] 7. [Help]                                            |
|                                                           |
+===========================================================+
|  Running Applications: None                               |
|  System Time: 08:00:00 | Turn: 0 | Key: None |
+===========================================================+
|                                                           |
|  $ | [ ] 8. []                                                 |                                                 |

+=========================================================+
Nav > _





--- FRAME UPDATE at 2026-06-20 02:43:43 ---
 [ SIM ACTIVE: RUNNING (1) ]
 [ ACTIVE ID: xolector ]
 [ EPOCH: 73 ]
 [ STEPS: 20 ]
 PROJECT CONTROLS:
[>] 1. [[ START ]][ ] 2. [[ PAUSE ]][ ] 3. [[ STEP / END TURN ]]
 PET SWITCHER:
[ ] 4. [Possess liz_bulb][ ] 5. [Possess liz_char][ ] 6. [Possess liz_gen_5414]
 METHODS (xolector):
[ ] 7. [possess_bulb][ ] 8. [possess_char]
 LOG: Epoch 72 Complete.
 TURN SUMMARY: liz_bulb:breathe | liz_bulb:scan | liz_bulb:rest | liz_bulb:check_death | liz_char:breathe | liz_char:scan | liz_char:rest | liz_char:check_death | liz_gen_5414:breathe | liz_gen_5414:scan | liz_gen_5414:rest | liz_gen_5414:check_death | liz_bulb:train(pieces/world_tank_01/logs/epoch_72.txt) | liz_char:train(pieces/world_tank_01/logs/epoch_72.txt) | liz_gen_5414:train(pieces/world_tank_01/logs/epoch_72.txt)

+=========================================================+
Nav > _





--- FRAME UPDATE at 2026-06-20 02:43:43 ---
+===========================================================+
|                                                           |
|           C H T P M + O S   C L I   v2.0                 |
|                                                           |
|  CHTPM+OS Main Menu                                      |
|                                                           |
|  [>] 1. [Project Loader]                             |
|  [ ] 2. [App Store (Fondu)]                          |
|  [ ] 3. [Status]  [ ] 4. [GL-OS]                                          |
|  [ ] 5. [Process Monitor]                            |
|  [ ] 6. [Toggle Frame History (Current: )]                                         |
|  [ ] 7. [Help]                                            |
|                                                           |
+===========================================================+
|  Running Applications: None                               |
|  System Time: 08:00:00 | Turn: 0 | Key: None |
+===========================================================+
|                                                           |
|  $ | [ ] 8. []                                                 |                                                 |

+=========================================================+
Nav > _





--- FRAME UPDATE at 2026-06-20 02:43:43 ---
+===========================================================+
|                                                           |
|           C H T P M + O S   C L I   v2.0                 |
|                                                           |
|  CHTPM+OS Main Menu                                      |
|                                                           |
|  [>] 1. [Project Loader]                             |
|  [ ] 2. [App Store (Fondu)]                          |
|  [ ] 3. [Status]  [ ] 4. [GL-OS]                                          |
|  [ ] 5. [Process Monitor]                            |
|  [ ] 6. [Toggle Frame History (Current: )]                                         |
|  [ ] 7. [Help]                                            |
|                                                           |
+===========================================================+
|  Running Applications: None                               |
|  System Time: 08:00:00 | Turn: 0 | Key: None |
+===========================================================+
|                                                           |
|  $ | [ ] 8. []                                                 |                                                 |

+=========================================================+
Nav > _





--- FRAME UPDATE at 2026-06-20 02:43:43 ---
 [ SIM ACTIVE: RUNNING (1) ]
 [ ACTIVE ID: xolector ]
 [ EPOCH: 75 ]
 [ STEPS: 21 ]
 PROJECT CONTROLS:
[>] 1. [[ START ]][ ] 2. [[ PAUSE ]][ ] 3. [[ STEP / END TURN ]]
 PET SWITCHER:
[ ] 4. [Possess liz_bulb][ ] 5. [Possess liz_char][ ] 6. [Possess liz_gen_5414]
 METHODS (xolector):
[ ] 7. [possess_bulb][ ] 8. [possess_char]
 LOG: Epoch 74 Complete.
 TURN SUMMARY: liz_bulb:breathe | liz_bulb:scan | liz_bulb:rest | liz_bulb:check_death | liz_char:breathe | liz_char:scan | liz_char:rest | liz_char:check_death | liz_gen_5414:breathe | liz_gen_5414:scan | liz_gen_5414:rest | liz_gen_5414:check_death | liz_bulb:train(pieces/world_tank_01/logs/epoch_74.txt) | liz_char:train(pieces/world_tank_01/logs/epoch_74.txt) | liz_gen_5414:train(pieces/world_tank_01/logs/epoch_74.txt)

+=========================================================+
Nav > _





--- FRAME UPDATE at 2026-06-20 02:43:44 ---
+===========================================================+
|                                                           |
|           C H T P M + O S   C L I   v2.0                 |
|                                                           |
|  CHTPM+OS Main Menu                                      |
|                                                           |
|  [>] 1. [Project Loader]                             |
|  [ ] 2. [App Store (Fondu)]                          |
|  [ ] 3. [Status]  [ ] 4. [GL-OS]                                          |
|  [ ] 5. [Process Monitor]                            |
|  [ ] 6. [Toggle Frame History (Current: )]                                         |
|  [ ] 7. [Help]                                            |
|                                                           |
+===========================================================+
|  Running Applications: None                               |
|  System Time: 08:00:00 | Turn: 0 | Key: None |
+===========================================================+
|                                                           |
|  $ | [ ] 8. []                                                 |                                                 |

+=========================================================+
Nav > _





--- FRAME UPDATE at 2026-06-20 02:43:44 ---
 [ SIM ACTIVE:  (1) ]
 [ ACTIVE ID: liz_bulb ]
 [ EPOCH: 23 ]
 [ STEPS: 22 ]
 PROJECT CONTROLS:

 PET SWITCHER:

 METHODS ():

 LOG: Epoch 75 Complete.
 TURN SUMMARY: liz_bulb:breathe | liz_bulb:check_death | liz_char:breathe | liz_char:scan | liz_char:rest | liz_char:check_death | liz_gen_5414:breathe | liz_gen_5414:scan | liz_gen_5414:rest | liz_gen_5414:check_death | liz_bulb:train(pieces/world_tank_01/logs/epoch_75.txt) | liz_char:train(pieces/world_tank_01/logs/epoch_75.txt) | liz_gen_5414:train(pieces/world_tank_01/logs/epoch_75.txt)

+=========================================================+
Nav > _





--- FRAME UPDATE at 2026-06-20 02:43:44 ---
+===========================================================+
|                                                           |
|           C H T P M + O S   C L I   v2.0                 |
|                                                           |
|  CHTPM+OS Main Menu                                      |
|                                                           |
|  [>] 1. [Project Loader]                             |
|  [ ] 2. [App Store (Fondu)]                          |
|  [ ] 3. [Status]  [ ] 4. [GL-OS]                                          |
|  [ ] 5. [Process Monitor]                            |
|  [ ] 6. [Toggle Frame History (Current: )]                                         |
|  [ ] 7. [Help]                                            |
|                                                           |
+===========================================================+
|  Running Applications: None                               |
|  System Time: 08:00:00 | Turn: 0 | Key: None |
+===========================================================+
|                                                           |
|  $ | [ ] 8. []                                                 |                                                 |

+=========================================================+
Nav > _





--- FRAME UPDATE at 2026-06-20 02:43:44 ---
 [ SIM ACTIVE: RUNNING (1) ]
 [ ACTIVE ID: xolector ]
 [ EPOCH: 78 ]
 [ STEPS: 1 ]
 PROJECT CONTROLS:
[>] 1. [[ START ]][ ] 2. [[ PAUSE ]][ ] 3. [[ STEP / END TURN ]]
 PET SWITCHER:
[ ] 4. [Possess liz_bulb][ ] 5. [Possess liz_char][ ] 6. [Possess liz_gen_5414]
 METHODS (xolector):
[ ] 7. [possess_bulb][ ] 8. [possess_char]
 LOG: Epoch 77 Complete.
 TURN SUMMARY: liz_bulb:breathe | liz_bulb:scan | liz_bulb:rest | liz_bulb:check_death | liz_char:breathe | liz_char:scan | liz_char:rest | liz_char:check_death | liz_gen_5414:breathe | liz_gen_5414:scan | liz_gen_5414:rest | liz_gen_5414:check_death | liz_bulb:train(pieces/world_tank_01/logs/epoch_77.txt) | liz_char:train(pieces/world_tank_01/logs/epoch_77.txt) | liz_gen_5414:train(pieces/world_tank_01/logs/epoch_77.txt)

+=========================================================+
Nav > _





--- FRAME UPDATE at 2026-06-20 02:43:44 ---
+===========================================================+
|                                                           |
|           C H T P M + O S   C L I   v2.0                 |
|                                                           |
|  CHTPM+OS Main Menu                                      |
|                                                           |
|  [>] 1. [Project Loader]                             |
|  [ ] 2. [App Store (Fondu)]                          |
|  [ ] 3. [Status]  [ ] 4. [GL-OS]                                          |
|  [ ] 5. [Process Monitor]                            |
|  [ ] 6. [Toggle Frame History (Current: )]                                         |
|  [ ] 7. [Help]                                            |
|                                                           |
+===========================================================+
|  Running Applications: None                               |
|  System Time: 08:00:00 | Turn: 0 | Key: None |
+===========================================================+
|                                                           |
|  $ | [ ] 8. []                                                 |                                                 |

+=========================================================+
Nav > _





--- FRAME UPDATE at 2026-06-20 02:43:44 ---
+===========================================================+
|                                                           |
|           C H T P M + O S   C L I   v2.0                 |
|                                                           |
|  CHTPM+OS Main Menu                                      |
|                                                           |
|  [>] 1. [Project Loader]                             |
|  [ ] 2. [App Store (Fondu)]                          |
|  [ ] 3. [Status]  [ ] 4. [GL-OS]                                          |
|  [ ] 5. [Process Monitor]                            |
|  [ ] 6. [Toggle Frame History (Current: )]                                         |
|  [ ] 7. [Help]                                            |
|                                                           |
+===========================================================+
|  Running Applications: None                               |
|  System Time: 08:00:00 | Turn: 0 | Key: None |
+===========================================================+
|                                                           |
|  $ | [ ] 8. []                                                 |                                                 |

+=========================================================+
Nav > _





--- FRAME UPDATE at 2026-06-20 02:43:44 ---
 [ SIM ACTIVE: RUNNING (1) ]
 [ ACTIVE ID: xolector ]
 [ EPOCH: 87 ]
 [ STEPS: 4 ]
 PROJECT CONTROLS:
[>] 1. [[ START ]][ ] 2. [[ PAUSE ]][ ] 3. [[ STEP / END TURN ]]
 PET SWITCHER:
[ ] 4. [Possess liz_bulb][ ] 5. [Possess liz_char][ ] 6. [Possess liz_gen_5414]
 METHODS (xolector):
[ ] 7. [possess_bulb][ ] 8. [possess_char]
 LOG: Epoch 86 Complete.
 TURN SUMMARY: liz_bulb:breathe | liz_bulb:scan | liz_bulb:rest | liz_bulb:check_death | liz_char:breathe | liz_char:scan | liz_char:rest | liz_char:check_death | liz_gen_5414:breathe | liz_gen_5414:scan | liz_gen_5414:rest | liz_gen_5414:check_death | liz_bulb:train(pieces/world_tank_01/logs/epoch_86.txt) | liz_char:train(pieces/world_tank_01/logs/epoch_86.txt) | liz_gen_5414:train(pieces/world_tank_01/logs/epoch_86.txt)

+=========================================================+
Nav > _





--- FRAME UPDATE at 2026-06-20 02:43:44 ---
 [ SIM ACTIVE: RUNNING (1) ]
 [ ACTIVE ID: xolector ]
 [ EPOCH: 90 ]
 [ STEPS: 5 ]
 PROJECT CONTROLS:
[>] 1. [[ START ]][ ] 2. [[ PAUSE ]][ ] 3. [[ STEP / END TURN ]]
 PET SWITCHER:
[ ] 4. [Possess liz_bulb][ ] 5. [Possess liz_char][ ] 6. [Possess liz_gen_5414]
 METHODS (xolector):
[ ] 7. [possess_bulb][ ] 8. [possess_char]
 LOG: Epoch 89 Complete.
 TURN SUMMARY: liz_bulb:breathe | liz_bulb:scan | liz_bulb:rest | liz_bulb:check_death | liz_char:breathe | liz_char:scan | liz_char:rest | liz_char:check_death | liz_gen_5414:breathe | liz_gen_5414:scan | liz_gen_5414:rest | liz_gen_5414:check_death | liz_bulb:train(pieces/world_tank_01/logs/epoch_89.txt) | liz_char:train(pieces/world_tank_01/logs/epoch_89.txt) | liz_gen_5414:train(pieces/world_tank_01/logs/epoch_89.txt)

+=========================================================+
Nav > _





--- FRAME UPDATE at 2026-06-20 02:43:44 ---
+===========================================================+
|                                                           |
|           C H T P M + O S   C L I   v2.0                 |
|                                                           |
|  CHTPM+OS Main Menu                                      |
|                                                           |
|  [>] 1. [Project Loader]                             |
|  [ ] 2. [App Store (Fondu)]                          |
|  [ ] 3. [Status]  [ ] 4. [GL-OS]                                          |
|  [ ] 5. [Process Monitor]                            |
|  [ ] 6. [Toggle Frame History (Current: )]                                         |
|  [ ] 7. [Help]                                            |
|                                                           |
+===========================================================+
|  Running Applications: None                               |
|  System Time: 08:00:00 | Turn: 0 | Key: None |
+===========================================================+
|                                                           |
|  $ | [ ] 8. []                                                 |                                                 |

+=========================================================+
Nav > _





--- FRAME UPDATE at 2026-06-20 02:43:45 ---
+===========================================================+
|                                                           |
|           C H T P M + O S   C L I   v2.0                 |
|                                                           |
|  CHTPM+OS Main Menu                                      |
|                                                           |
|  [>] 1. [Project Loader]                             |
|  [ ] 2. [App Store (Fondu)]                          |
|  [ ] 3. [Status]  [ ] 4. [GL-OS]                                          |
|  [ ] 5. [Process Monitor]                            |
|  [ ] 6. [Toggle Frame History (Current: )]                                         |
|  [ ] 7. [Help]                                            |
|                                                           |
+===========================================================+
|  Running Applications: None                               |
|  System Time: 08:00:00 | Turn: 0 | Key: None |
+===========================================================+
|                                                           |
|  $ | [ ] 8. []                                                 |                                                 |

+=========================================================+
Nav > _





--- FRAME UPDATE at 2026-06-20 02:43:45 ---
+===========================================================+
|                                                           |
|           C H T P M + O S   C L I   v2.0                 |
|                                                           |
|  CHTPM+OS Main Menu                                      |
|                                                           |
|  [>] 1. [Project Loader]                             |
|  [ ] 2. [App Store (Fondu)]                          |
|  [ ] 3. [Status]  [ ] 4. [GL-OS]                                          |
|  [ ] 5. [Process Monitor]                            |
|  [ ] 6. [Toggle Frame History (Current: )]                                         |
|  [ ] 7. [Help]                                            |
|                                                           |
+===========================================================+
|  Running Applications: None                               |
|  System Time: 08:00:00 | Turn: 0 | Key: None |
+===========================================================+
|                                                           |
|  $ | [ ] 8. []                                                 |                                                 |

+=========================================================+
Nav > _





--- FRAME UPDATE at 2026-06-20 02:43:45 ---
+===========================================================+
|                                                           |
|           C H T P M + O S   C L I   v2.0                 |
|                                                           |
|  CHTPM+OS Main Menu                                      |
|                                                           |
|  [>] 1. [Project Loader]                             |
|  [ ] 2. [App Store (Fondu)]                          |
|  [ ] 3. [Status]  [ ] 4. [GL-OS]                                          |
|  [ ] 5. [Process Monitor]                            |
|  [ ] 6. [Toggle Frame History (Current: )]                                         |
|  [ ] 7. [Help]                                            |
|                                                           |
+===========================================================+
|  Running Applications: None                               |
|  System Time: 08:00:00 | Turn: 0 | Key: None |
+===========================================================+
|                                                           |
|  $ | [ ] 8. []                                                 |                                                 |

+=========================================================+
Nav > _





--- FRAME UPDATE at 2026-06-20 02:43:45 ---
+===========================================================+
|                                                           |
|           C H T P M + O S   C L I   v2.0                 |
|                                                           |
|  CHTPM+OS Main Menu                                      |
|                                                           |
|  [>] 1. [Project Loader]                             |
|  [ ] 2. [App Store (Fondu)]                          |
|  [ ] 3. [Status]  [ ] 4. [GL-OS]                                          |
|  [ ] 5. [Process Monitor]                            |
|  [ ] 6. [Toggle Frame History (Current: )]                                         |
|  [ ] 7. [Help]                                            |
|                                                           |
+===========================================================+
|  Running Applications: None                               |
|  System Time: 08:00:00 | Turn: 0 | Key: None |
+===========================================================+
|                                                           |
|  $ | [ ] 8. []                                                 |                                                 |

+=========================================================+
Nav > _





--- FRAME UPDATE at 2026-06-20 02:43:45 ---
+===========================================================+
|                                                           |
|           C H T P M + O S   C L I   v2.0                 |
|                                                           |
|  CHTPM+OS Main Menu                                      |
|                                                           |
|  [>] 1. [Project Loader]                             |
|  [ ] 2. [App Store (Fondu)]                          |
|  [ ] 3. [Status]  [ ] 4. [GL-OS]                                          |
|  [ ] 5. [Process Monitor]                            |
|  [ ] 6. [Toggle Frame History (Current: )]                                         |
|  [ ] 7. [Help]                                            |
|                                                           |
+===========================================================+
|  Running Applications: None                               |
|  System Time: 08:00:00 | Turn: 0 | Key: None |
+===========================================================+
|                                                           |
|  $ | [ ] 8. []                                                 |                                                 |

+=========================================================+
Nav > _





--- FRAME UPDATE at 2026-06-20 02:43:46 ---
+===========================================================+
|                                                           |
|           C H T P M + O S   C L I   v2.0                 |
|                                                           |
|  CHTPM+OS Main Menu                                      |
|                                                           |
|  [>] 1. [Project Loader]                             |
|  [ ] 2. [App Store (Fondu)]                          |
|  [ ] 3. [Status]  [ ] 4. [GL-OS]                                          |
|  [ ] 5. [Process Monitor]                            |
|  [ ] 6. [Toggle Frame History (Current: )]                                         |
|  [ ] 7. [Help]                                            |
|                                                           |
+===========================================================+
|  Running Applications: None                               |
|  System Time: 08:00:00 | Turn: 0 | Key: None |
+===========================================================+
|                                                           |
|  $ | [ ] 8. []                                                 |                                                 |

+=========================================================+
Nav > _





--- FRAME UPDATE at 2026-06-20 02:43:46 ---
+===========================================================+
|                                                           |
|           C H T P M + O S   C L I   v2.0                 |
|                                                           |
|  CHTPM+OS Main Menu                                      |
|                                                           |
|  [>] 1. [Project Loader]                             |
|  [ ] 2. [App Store (Fondu)]                          |
|  [ ] 3. [Status]  [ ] 4. [GL-OS]                                          |
|  [ ] 5. [Process Monitor]                            |
|  [ ] 6. [Toggle Frame History (Current: )]                                         |
|  [ ] 7. [Help]                                            |
|                                                           |
+===========================================================+
|  Running Applications: None                               |
|  System Time: 08:00:00 | Turn: 0 | Key: None |
+===========================================================+
|                                                           |
|  $ | [ ] 8. []                                                 |                                                 |

+=========================================================+
Nav > _





--- FRAME UPDATE at 2026-06-20 02:43:46 ---
+===========================================================+
|                                                           |
|           C H T P M + O S   C L I   v2.0                 |
|                                                           |
|  CHTPM+OS Main Menu                                      |
|                                                           |
|  [>] 1. [Project Loader]                             |
|  [ ] 2. [App Store (Fondu)]                          |
|  [ ] 3. [Status]  [ ] 4. [GL-OS]                                          |
|  [ ] 5. [Process Monitor]                            |
|  [ ] 6. [Toggle Frame History (Current: )]                                         |
|  [ ] 7. [Help]                                            |
|                                                           |
+===========================================================+
|  Running Applications: None                               |
|  System Time: 08:00:00 | Turn: 0 | Key: None |
+===========================================================+
|                                                           |
|  $ | [ ] 8. []                                                 |                                                 |

+=========================================================+
Nav > _





--- FRAME UPDATE at 2026-06-20 02:43:46 ---
+===========================================================+
|                                                           |
|           C H T P M + O S   C L I   v2.0                 |
|                                                           |
|  CHTPM+OS Main Menu                                      |
|                                                           |
|  [>] 1. [Project Loader]                             |
|  [ ] 2. [App Store (Fondu)]                          |
|  [ ] 3. [Status]  [ ] 4. [GL-OS]                                          |
|  [ ] 5. [Process Monitor]                            |
|  [ ] 6. [Toggle Frame History (Current: )]                                         |
|  [ ] 7. [Help]                                            |
|                                                           |
+===========================================================+
|  Running Applications: None                               |
|  System Time: 08:00:00 | Turn: 0 | Key: None |
+===========================================================+
|                                                           |
|  $ | [ ] 8. []                                                 |                                                 |

+=========================================================+
Nav > _





--- FRAME UPDATE at 2026-06-20 02:43:46 ---
 [ SIM ACTIVE: RUNNING (1) ]
 [ ACTIVE ID: xolector ]
 [ EPOCH: 120 ]
 [ STEPS: 15 ]
 PROJECT CONTROLS:
[>] 1. [[ START ]][ ] 2. [[ PAUSE ]][ ] 3. [[ STEP / END TURN ]]
 PET SWITCHER:
[ ] 4. [Possess liz_bulb][ ] 5. [Possess liz_char][ ] 6. [Possess liz_gen_5414]
 METHODS (xolector):
[ ] 7. [possess_bulb][ ] 8. [possess_char]
 LOG: Epoch 119 Complete.
 TURN SUMMARY: liz_bulb:breathe | liz_bulb:scan | liz_bulb:rest | liz_bulb:check_death | liz_char:breathe | liz_char:scan | liz_char:rest | liz_char:check_death | liz_gen_5414:breathe | liz_gen_5414:scan | liz_gen_5414:rest | liz_gen_5414:check_death | liz_bulb:train(pieces/world_tank_01/logs/epoch_119.txt) | liz_char:train(pieces/world_tank_01/logs/epoch_119.txt) | liz_gen_5414:train(pieces/world_tank_01/logs/epoch_119.txt)

+=========================================================+
Nav > _





--- FRAME UPDATE at 2026-06-20 02:43:46 ---
 [ SIM ACTIVE: RUNNING (1) ]
 [ ACTIVE ID: xolector ]
 [ EPOCH: 123 ]
 [ STEPS: 16 ]
 PROJECT CONTROLS:
[>] 1. [[ START ]][ ] 2. [[ PAUSE ]][ ] 3. [[ STEP / END TURN ]]
 PET SWITCHER:
[ ] 4. [Possess liz_bulb][ ] 5. [Possess liz_char][ ] 6. [Possess liz_gen_5414]
 METHODS (xolector):
[ ] 7. [possess_bulb][ ] 8. [possess_char]
 LOG: Epoch 122 Complete.
 TURN SUMMARY: liz_bulb:breathe | liz_bulb:scan | liz_bulb:rest | liz_bulb:check_death | liz_char:breathe | liz_char:scan | liz_char:rest | liz_char:check_death | liz_gen_5414:breathe | liz_gen_5414:scan | liz_gen_5414:rest | liz_gen_5414:check_death | liz_bulb:train(pieces/world_tank_01/logs/epoch_122.txt) | liz_char:train(pieces/world_tank_01/logs/epoch_122.txt) | liz_gen_5414:train(pieces/world_tank_01/logs/epoch_122.txt)

+=========================================================+
Nav > _





--- FRAME UPDATE at 2026-06-20 02:43:47 ---
+===========================================================+
|                                                           |
|           C H T P M + O S   C L I   v2.0                 |
|                                                           |
|  CHTPM+OS Main Menu                                      |
|                                                           |
|  [>] 1. [Project Loader]                             |
|  [ ] 2. [App Store (Fondu)]                          |
|  [ ] 3. [Status]  [ ] 4. [GL-OS]                                          |
|  [ ] 5. [Process Monitor]                            |
|  [ ] 6. [Toggle Frame History (Current: )]                                         |
|  [ ] 7. [Help]                                            |
|                                                           |
+===========================================================+
|  Running Applications: None                               |
|  System Time: 08:00:00 | Turn: 0 | Key: None |
+===========================================================+
|                                                           |
|  $ | [ ] 8. []                                                 |                                                 |

+=========================================================+
Nav > _





--- FRAME UPDATE at 2026-06-20 02:43:47 ---
 [ SIM ACTIVE: RUNNING (1) ]
 [ ACTIVE ID: xolector ]
 [ EPOCH: 129 ]
 [ STEPS: 18 ]
 PROJECT CONTROLS:
[>] 1. [[ START ]][ ] 2. [[ PAUSE ]][ ] 3. [[ STEP / END TURN ]]
 PET SWITCHER:
[ ] 4. [Possess liz_bulb][ ] 5. [Possess liz_char][ ] 6. [Possess liz_gen_5414]
 METHODS (xolector):
[ ] 7. [possess_bulb][ ] 8. [possess_char]
 LOG: Epoch 128 Complete.
 TURN SUMMARY: liz_bulb:breathe | liz_bulb:scan | liz_bulb:rest | liz_bulb:check_death | liz_char:breathe | liz_char:scan | liz_char:rest | liz_char:check_death | liz_gen_5414:breathe | liz_gen_5414:scan | liz_gen_5414:rest | liz_gen_5414:check_death | liz_bulb:train(pieces/world_tank_01/logs/epoch_128.txt) | liz_char:train(pieces/world_tank_01/logs/epoch_128.txt) | liz_gen_5414:train(pieces/world_tank_01/logs/epoch_128.txt)

+=========================================================+
Nav > _





--- FRAME UPDATE at 2026-06-20 02:43:47 ---
 [ SIM ACTIVE: RUNNING (1) ]
 [ ACTIVE ID: xolector ]
 [ EPOCH: 132 ]
 [ STEPS: 19 ]
 PROJECT CONTROLS:
[>] 1. [[ START ]][ ] 2. [[ PAUSE ]][ ] 3. [[ STEP / END TURN ]]
 PET SWITCHER:
[ ] 4. [Possess liz_bulb][ ] 5. [Possess liz_char][ ] 6. [Possess liz_gen_5414]
 METHODS (xolector):
[ ] 7. [possess_bulb][ ] 8. [possess_char]
 LOG: Epoch 131 Complete.
 TURN SUMMARY: liz_bulb:breathe | liz_bulb:scan | liz_bulb:rest | liz_bulb:check_death | liz_char:breathe | liz_char:scan | liz_char:rest | liz_char:check_death | liz_gen_5414:breathe | liz_gen_5414:scan | liz_gen_5414:rest | liz_gen_5414:check_death | liz_bulb:train(pieces/world_tank_01/logs/epoch_131.txt) | liz_char:train(pieces/world_tank_01/logs/epoch_131.txt) | liz_gen_5414:train(pieces/world_tank_01/logs/epoch_131.txt)

+=========================================================+
Nav > _





--- FRAME UPDATE at 2026-06-20 02:43:47 ---
 [ SIM ACTIVE: RUNNING (1) ]
 [ ACTIVE ID: xolector ]
 [ EPOCH: 135 ]
 [ STEPS: 20 ]
 PROJECT CONTROLS:
[>] 1. [[ START ]][ ] 2. [[ PAUSE ]][ ] 3. [[ STEP / END TURN ]]
 PET SWITCHER:
[ ] 4. [Possess liz_bulb][ ] 5. [Possess liz_char][ ] 6. [Possess liz_gen_5414]
 METHODS (xolector):
[ ] 7. [possess_bulb][ ] 8. [possess_char]
 LOG: Epoch 134 Complete.
 TURN SUMMARY: liz_bulb:breathe | liz_bulb:scan | liz_bulb:rest | liz_bulb:check_death | liz_char:breathe | liz_char:scan | liz_char:rest | liz_char:check_death | liz_gen_5414:breathe | liz_gen_5414:scan | liz_gen_5414:rest | liz_gen_5414:check_death | liz_bulb:train(pieces/world_tank_01/logs/epoch_134.txt) | liz_char:train(pieces/world_tank_01/logs/epoch_134.txt) | liz_gen_5414:train(pieces/world_tank_01/logs/epoch_134.txt)

+=========================================================+
Nav > _





--- FRAME UPDATE at 2026-06-20 02:43:47 ---
 [ SIM ACTIVE: RUNNING (1) ]
 [ ACTIVE ID: xolector ]
 [ EPOCH: 138 ]
 [ STEPS: 21 ]
 PROJECT CONTROLS:
[>] 1. [[ START ]][ ] 2. [[ PAUSE ]][ ] 3. [[ STEP / END TURN ]]
 PET SWITCHER:
[ ] 4. [Possess liz_bulb][ ] 5. [Possess liz_char][ ] 6. [Possess liz_gen_5414]
 METHODS (xolector):
[ ] 7. [possess_bulb][ ] 8. [possess_char]
 LOG: Epoch 137 Complete.
 TURN SUMMARY: liz_bulb:breathe | liz_bulb:scan | liz_bulb:rest | liz_bulb:check_death | liz_char:breathe | liz_char:scan | liz_char:rest | liz_char:check_death | liz_gen_5414:breathe | liz_gen_5414:scan | liz_gen_5414:rest | liz_gen_5414:check_death | liz_bulb:train(pieces/world_tank_01/logs/epoch_137.txt) | liz_char:train(pieces/world_tank_01/logs/epoch_137.txt) | liz_gen_5414:train(pieces/world_tank_01/logs/epoch_137.txt)

+=========================================================+
Nav > _





--- FRAME UPDATE at 2026-06-20 02:43:48 ---
+===========================================================+
|                                                           |
|           C H T P M + O S   C L I   v2.0                 |
|                                                           |
|  CHTPM+OS Main Menu                                      |
|                                                           |
|  [>] 1. [Project Loader]                             |
|  [ ] 2. [App Store (Fondu)]                          |
|  [ ] 3. [Status]  [ ] 4. [GL-OS]                                          |
|  [ ] 5. [Process Monitor]                            |
|  [ ] 6. [Toggle Frame History (Current: )]                                         |
|  [ ] 7. [Help]                                            |
|                                                           |
+===========================================================+
|  Running Applications: None                               |
|  System Time: 08:00:00 | Turn: 0 | Key: None |
+===========================================================+
|                                                           |
|  $ | [ ] 8. []                                                 |                                                 |

+=========================================================+
Nav > _





--- FRAME UPDATE at 2026-06-20 02:43:48 ---
 [ SIM ACTIVE: RUNNING (1) ]
 [ ACTIVE ID: xolector ]
 [ EPOCH: 141 ]
 [ STEPS: 22 ]
 PROJECT CONTROLS:
[>] 1. [[ START ]][ ] 2. [[ PAUSE ]][ ] 3. [[ STEP / END TURN ]]
 PET SWITCHER:
[ ] 4. [Possess liz_bulb][ ] 5. [Possess liz_char][ ] 6. [Possess liz_gen_5414]
 METHODS (xolector):
[ ] 7. [possess_bulb][ ] 8. [possess_char]
 LOG: Epoch 140 Complete.
 TURN SUMMARY: liz_bulb:breathe | liz_bulb:scan | liz_bulb:rest | liz_bulb:check_death | liz_char:breathe | liz_char:scan | liz_char:rest | liz_char:check_death | liz_gen_5414:breathe | liz_gen_5414:scan | liz_gen_5414:rest | liz_gen_5414:check_death | liz_bulb:train(pieces/world_tank_01/logs/epoch_140.txt) | liz_char:train(pieces/world_tank_01/logs/epoch_140.txt) | liz_gen_5414:train(pieces/world_tank_01/logs/epoch_140.txt)

+=========================================================+
Nav > _





--- FRAME UPDATE at 2026-06-20 02:43:48 ---
 [ SIM ACTIVE: RUNNING (1) ]
 [ ACTIVE ID: xolector ]
 [ EPOCH: 144 ]
 [ STEPS: 23 ]
 PROJECT CONTROLS:
[>] 1. [[ START ]][ ] 2. [[ PAUSE ]][ ] 3. [[ STEP / END TURN ]]
 PET SWITCHER:
[ ] 4. [Possess liz_bulb][ ] 5. [Possess liz_char][ ] 6. [Possess liz_gen_5414]
 METHODS (xolector):
[ ] 7. [possess_bulb][ ] 8. [possess_char]
 LOG: Epoch 143 Complete.
 TURN SUMMARY: liz_bulb:breathe | liz_bulb:scan | liz_bulb:rest | liz_bulb:check_death | liz_char:breathe | liz_char:scan | liz_char:rest | liz_char:check_death | liz_gen_5414:breathe | liz_gen_5414:scan | liz_gen_5414:rest | liz_gen_5414:check_death | liz_bulb:train(pieces/world_tank_01/logs/epoch_143.txt) | liz_char:train(pieces/world_tank_01/logs/epoch_143.txt) | liz_gen_5414:train(pieces/world_tank_01/logs/epoch_143.txt)

+=========================================================+
Nav > _





--- FRAME UPDATE at 2026-06-20 02:43:48 ---
 [ SIM ACTIVE: RUNNING (1) ]
 [ ACTIVE ID: xolector ]
 [ EPOCH: 147 ]
 [ STEPS: 24 ]
 PROJECT CONTROLS:
[>] 1. [[ START ]][ ] 2. [[ PAUSE ]][ ] 3. [[ STEP / END TURN ]]
 PET SWITCHER:
[ ] 4. [Possess liz_bulb][ ] 5. [Possess liz_char][ ] 6. [Possess liz_gen_5414]
 METHODS (xolector):
[ ] 7. [possess_bulb][ ] 8. [possess_char]
 LOG: Epoch 146 Complete.
 TURN SUMMARY: liz_bulb:breathe | liz_bulb:scan | liz_bulb:rest | liz_bulb:check_death | liz_char:breathe | liz_char:scan | liz_char:rest | liz_char:check_death | liz_gen_5414:breathe | liz_gen_5414:scan | liz_gen_5414:rest | liz_gen_5414:check_death | liz_bulb:train(pieces/world_tank_01/logs/epoch_146.txt) | liz_char:train(pieces/world_tank_01/logs/epoch_146.txt) | liz_gen_5414:train(pieces/world_tank_01/logs/epoch_146.txt)

+=========================================================+
Nav > _





--- FRAME UPDATE at 2026-06-20 02:43:48 ---
 [ SIM ACTIVE: RUNNING (1) ]
 [ ACTIVE ID: xolector ]
 [ EPOCH: 150 ]
 [ STEPS: 25 ]
 PROJECT CONTROLS:
[>] 1. [[ START ]][ ] 2. [[ PAUSE ]][ ] 3. [[ STEP / END TURN ]]
 PET SWITCHER:
[ ] 4. [Possess liz_bulb][ ] 5. [Possess liz_char][ ] 6. [Possess liz_gen_5414]
 METHODS (xolector):
[ ] 7. [possess_bulb][ ] 8. [possess_char]
 LOG: Epoch 149 Complete.
 TURN SUMMARY: liz_bulb:breathe | liz_bulb:scan | liz_bulb:rest | liz_bulb:check_death | liz_char:breathe | liz_char:scan | liz_char:rest | liz_char:check_death | liz_gen_5414:breathe | liz_gen_5414:scan | liz_gen_5414:rest | liz_gen_5414:check_death | liz_bulb:train(pieces/world_tank_01/logs/epoch_149.txt) | liz_char:train(pieces/world_tank_01/logs/epoch_149.txt) | liz_gen_5414:train(pieces/world_tank_01/logs/epoch_149.txt)

+=========================================================+
Nav > _





--- FRAME UPDATE at 2026-06-20 02:43:48 ---
 [ SIM ACTIVE: RUNNING (1) ]
 [ ACTIVE ID: xolector ]
 [ EPOCH: 153 ]
 [ STEPS: 26 ]
 PROJECT CONTROLS:
[>] 1. [[ START ]][ ] 2. [[ PAUSE ]][ ] 3. [[ STEP / END TURN ]]
 PET SWITCHER:
[ ] 4. [Possess liz_bulb][ ] 5. [Possess liz_char][ ] 6. [Possess liz_gen_5414]
 METHODS (xolector):
[ ] 7. [possess_bulb][ ] 8. [possess_char]
 LOG: Epoch 152 Complete.
 TURN SUMMARY: liz_bulb:breathe | liz_bulb:scan | liz_bulb:rest | liz_bulb:check_death | liz_char:breathe | liz_char:scan | liz_char:rest | liz_char:check_death | liz_gen_5414:breathe | liz_gen_5414:scan | liz_gen_5414:rest | liz_gen_5414:check_death | liz_bulb:train(pieces/world_tank_01/logs/epoch_152.txt) | liz_char:train(pieces/world_tank_01/logs/epoch_152.txt) | liz_gen_5414:train(pieces/world_tank_01/logs/epoch_152.txt)

+=========================================================+
Nav > _





--- FRAME UPDATE at 2026-06-20 02:43:49 ---
 [ SIM ACTIVE: RUNNING (1) ]
 [ ACTIVE ID: xolector ]
 [ EPOCH: 156 ]
 [ STEPS: 27 ]
 PROJECT CONTROLS:
[>] 1. [[ START ]][ ] 2. [[ PAUSE ]][ ] 3. [[ STEP / END TURN ]]
 PET SWITCHER:
[ ] 4. [Possess liz_bulb][ ] 5. [Possess liz_char][ ] 6. [Possess liz_gen_5414]
 METHODS (xolector):
[ ] 7. [possess_bulb][ ] 8. [possess_char]
 LOG: Epoch 155 Complete.
 TURN SUMMARY: liz_bulb:breathe | liz_bulb:scan | liz_bulb:rest | liz_bulb:check_death | liz_char:breathe | liz_char:scan | liz_char:rest | liz_char:check_death | liz_gen_5414:breathe | liz_gen_5414:scan | liz_gen_5414:rest | liz_gen_5414:check_death | liz_bulb:train(pieces/world_tank_01/logs/epoch_155.txt) | liz_char:train(pieces/world_tank_01/logs/epoch_155.txt) | liz_gen_5414:train(pieces/world_tank_01/logs/epoch_155.txt)

+=========================================================+
Nav > _





--- FRAME UPDATE at 2026-06-20 02:43:49 ---
 [ SIM ACTIVE: RUNNING (1) ]
 [ ACTIVE ID: xolector ]
 [ EPOCH: 159 ]
 [ STEPS: 28 ]
 PROJECT CONTROLS:
[>] 1. [[ START ]][ ] 2. [[ PAUSE ]][ ] 3. [[ STEP / END TURN ]]
 PET SWITCHER:
[ ] 4. [Possess liz_bulb][ ] 5. [Possess liz_char][ ] 6. [Possess liz_gen_5414]
 METHODS (xolector):
[ ] 7. [possess_bulb][ ] 8. [possess_char]
 LOG: Epoch 158 Complete.
 TURN SUMMARY: liz_bulb:breathe | liz_bulb:scan | liz_bulb:rest | liz_bulb:check_death | liz_char:breathe | liz_char:scan | liz_char:rest | liz_char:check_death | liz_gen_5414:breathe | liz_gen_5414:scan | liz_gen_5414:rest | liz_gen_5414:check_death | liz_bulb:train(pieces/world_tank_01/logs/epoch_158.txt) | liz_char:train(pieces/world_tank_01/logs/epoch_158.txt) | liz_gen_5414:train(pieces/world_tank_01/logs/epoch_158.txt)

+=========================================================+
Nav > _





--- FRAME UPDATE at 2026-06-20 02:43:49 ---
 [ SIM ACTIVE: RUNNING (1) ]
 [ ACTIVE ID: xolector ]
 [ EPOCH: 162 ]
 [ STEPS: 29 ]
 PROJECT CONTROLS:
[>] 1. [[ START ]][ ] 2. [[ PAUSE ]][ ] 3. [[ STEP / END TURN ]]
 PET SWITCHER:
[ ] 4. [Possess liz_bulb][ ] 5. [Possess liz_char][ ] 6. [Possess liz_gen_5414]
 METHODS (xolector):
[ ] 7. [possess_bulb][ ] 8. [possess_char]
 LOG: Epoch 161 Complete.
 TURN SUMMARY: liz_bulb:breathe | liz_bulb:scan | liz_bulb:rest | liz_bulb:check_death | liz_char:breathe | liz_char:scan | liz_char:rest | liz_char:check_death | liz_gen_5414:breathe | liz_gen_5414:scan | liz_gen_5414:rest | liz_gen_5414:check_death | liz_bulb:train(pieces/world_tank_01/logs/epoch_161.txt) | liz_char:train(pieces/world_tank_01/logs/epoch_161.txt) | liz_gen_5414:train(pieces/world_tank_01/logs/epoch_161.txt)

+=========================================================+
Nav > _





--- FRAME UPDATE at 2026-06-20 02:43:49 ---
 [ SIM ACTIVE: RUNNING (1) ]
 [ ACTIVE ID: xolector ]
 [ EPOCH: 165 ]
 [ STEPS: 30 ]
 PROJECT CONTROLS:
[>] 1. [[ START ]][ ] 2. [[ PAUSE ]][ ] 3. [[ STEP / END TURN ]]
 PET SWITCHER:
[ ] 4. [Possess liz_bulb][ ] 5. [Possess liz_char][ ] 6. [Possess liz_gen_5414]
 METHODS (xolector):
[ ] 7. [possess_bulb][ ] 8. [possess_char]
 LOG: Epoch 164 Complete.
 TURN SUMMARY: liz_bulb:breathe | liz_bulb:scan | liz_bulb:rest | liz_bulb:check_death | liz_char:breathe | liz_char:scan | liz_char:rest | liz_char:check_death | liz_gen_5414:breathe | liz_gen_5414:scan | liz_gen_5414:rest | liz_gen_5414:check_death | liz_bulb:train(pieces/world_tank_01/logs/epoch_164.txt) | liz_char:train(pieces/world_tank_01/logs/epoch_164.txt) | liz_gen_5414:train(pieces/world_tank_01/logs/epoch_164.txt)

+=========================================================+
Nav > _





--- FRAME UPDATE at 2026-06-20 02:43:49 ---
 [ SIM ACTIVE: RUNNING (1) ]
 [ ACTIVE ID: xolector ]
 [ EPOCH: 168 ]
 [ STEPS: 31 ]
 PROJECT CONTROLS:
[>] 1. [[ START ]][ ] 2. [[ PAUSE ]][ ] 3. [[ STEP / END TURN ]]
 PET SWITCHER:
[ ] 4. [Possess liz_bulb][ ] 5. [Possess liz_char][ ] 6. [Possess liz_gen_5414]
 METHODS (xolector):
[ ] 7. [possess_bulb][ ] 8. [possess_char]
 LOG: Epoch 167 Complete.
 TURN SUMMARY: liz_bulb:breathe | liz_bulb:scan | liz_bulb:rest | liz_bulb:check_death | liz_char:breathe | liz_char:scan | liz_char:rest | liz_char:check_death | liz_gen_5414:breathe | liz_gen_5414:scan | liz_gen_5414:rest | liz_gen_5414:check_death | liz_bulb:train(pieces/world_tank_01/logs/epoch_167.txt) | liz_char:train(pieces/world_tank_01/logs/epoch_167.txt) | liz_gen_5414:train(pieces/world_tank_01/logs/epoch_167.txt)

+=========================================================+
Nav > _





--- FRAME UPDATE at 2026-06-20 02:43:50 ---
 [ SIM ACTIVE: RUNNING (1) ]
 [ ACTIVE ID: xolector ]
 [ EPOCH: 171 ]
 [ STEPS: 32 ]
 PROJECT CONTROLS:
[>] 1. [[ START ]][ ] 2. [[ PAUSE ]][ ] 3. [[ STEP / END TURN ]]
 PET SWITCHER:
[ ] 4. [Possess liz_bulb][ ] 5. [Possess liz_char][ ] 6. [Possess liz_gen_5414]
 METHODS (xolector):
[ ] 7. [possess_bulb][ ] 8. [possess_char]
 LOG: Epoch 170 Complete.
 TURN SUMMARY: liz_bulb:breathe | liz_bulb:scan | liz_bulb:rest | liz_bulb:check_death | liz_char:breathe | liz_char:scan | liz_char:rest | liz_char:check_death | liz_gen_5414:breathe | liz_gen_5414:scan | liz_gen_5414:rest | liz_gen_5414:check_death | liz_bulb:train(pieces/world_tank_01/logs/epoch_170.txt) | liz_char:train(pieces/world_tank_01/logs/epoch_170.txt) | liz_gen_5414:train(pieces/world_tank_01/logs/epoch_170.txt)

+=========================================================+
Nav > _





--- FRAME UPDATE at 2026-06-20 02:43:50 ---
 [ SIM ACTIVE: RUNNING (1) ]
 [ ACTIVE ID: xolector ]
 [ EPOCH: 174 ]
 [ STEPS: 33 ]
 PROJECT CONTROLS:
[>] 1. [[ START ]][ ] 2. [[ PAUSE ]][ ] 3. [[ STEP / END TURN ]]
 PET SWITCHER:
[ ] 4. [Possess liz_bulb][ ] 5. [Possess liz_char][ ] 6. [Possess liz_gen_5414]
 METHODS (xolector):
[ ] 7. [possess_bulb][ ] 8. [possess_char]
 LOG: Epoch 173 Complete.
 TURN SUMMARY: liz_bulb:breathe | liz_bulb:scan | liz_bulb:rest | liz_bulb:check_death | liz_char:breathe | liz_char:scan | liz_char:rest | liz_char:check_death | liz_gen_5414:breathe | liz_gen_5414:scan | liz_gen_5414:rest | liz_gen_5414:check_death | liz_bulb:train(pieces/world_tank_01/logs/epoch_173.txt) | liz_char:train(pieces/world_tank_01/logs/epoch_173.txt) | liz_gen_5414:train(pieces/world_tank_01/logs/epoch_173.txt)

+=========================================================+
Nav > _





--- FRAME UPDATE at 2026-06-20 02:43:50 ---
 [ SIM ACTIVE: RUNNING (1) ]
 [ ACTIVE ID: xolector ]
 [ EPOCH: 177 ]
 [ STEPS: 34 ]
 PROJECT CONTROLS:
[>] 1. [[ START ]][ ] 2. [[ PAUSE ]][ ] 3. [[ STEP / END TURN ]]
 PET SWITCHER:
[ ] 4. [Possess liz_bulb][ ] 5. [Possess liz_char][ ] 6. [Possess liz_gen_5414]
 METHODS (xolector):
[ ] 7. [possess_bulb][ ] 8. [possess_char]
 LOG: Epoch 176 Complete.
 TURN SUMMARY: liz_bulb:breathe | liz_bulb:scan | liz_bulb:rest | liz_bulb:check_death | liz_char:breathe | liz_char:scan | liz_char:rest | liz_char:check_death | liz_gen_5414:breathe | liz_gen_5414:scan | liz_gen_5414:rest | liz_gen_5414:check_death | liz_bulb:train(pieces/world_tank_01/logs/epoch_176.txt) | liz_char:train(pieces/world_tank_01/logs/epoch_176.txt) | liz_gen_5414:train(pieces/world_tank_01/logs/epoch_176.txt)

+=========================================================+
Nav > _





--- FRAME UPDATE at 2026-06-20 02:43:50 ---
 [ SIM ACTIVE: RUNNING (1) ]
 [ ACTIVE ID: xolector ]
 [ EPOCH: 179 ]
 [ STEPS: 35 ]
 PROJECT CONTROLS:
[>] 1. [[ START ]][ ] 2. [[ PAUSE ]][ ] 3. [[ STEP / END TURN ]]
 PET SWITCHER:
[ ] 4. [Possess liz_bulb][ ] 5. [Possess liz_char][ ] 6. [Possess liz_gen_5414]
 METHODS (xolector):
[ ] 7. [possess_bulb][ ] 8. [possess_char]
 LOG: Epoch 178 Complete.
 TURN SUMMARY: liz_bulb:breathe | liz_bulb:scan | liz_bulb:rest | liz_bulb:check_death | liz_char:breathe | liz_char:scan | liz_char:rest | liz_char:check_death | liz_gen_5414:breathe | liz_gen_5414:scan | liz_gen_5414:rest | liz_gen_5414:check_death | liz_bulb:train(pieces/world_tank_01/logs/epoch_178.txt) | liz_char:train(pieces/world_tank_01/logs/epoch_178.txt) | liz_gen_5414:train(pieces/world_tank_01/logs/epoch_178.txt)

+=========================================================+
Nav > _





--- FRAME UPDATE at 2026-06-20 02:43:50 ---
 [ SIM ACTIVE: RUNNING (1) ]
 [ ACTIVE ID: xolector ]
 [ EPOCH: 181 ]
 [ STEPS: 36 ]
 PROJECT CONTROLS:
[>] 1. [[ START ]][ ] 2. [[ PAUSE ]][ ] 3. [[ STEP / END TURN ]]
 PET SWITCHER:
[ ] 4. [Possess liz_bulb][ ] 5. [Possess liz_char][ ] 6. [Possess liz_gen_5414]
 METHODS (xolector):
[ ] 7. [possess_bulb][ ] 8. [possess_char]
 LOG: Epoch 180 Complete.
 TURN SUMMARY: liz_bulb:breathe | liz_bulb:scan | liz_bulb:rest | liz_bulb:check_death | liz_char:breathe | liz_char:scan | liz_char:rest | liz_char:check_death | liz_gen_5414:breathe | liz_gen_5414:scan | liz_gen_5414:rest | liz_gen_5414:check_death | liz_bulb:train(pieces/world_tank_01/logs/epoch_180.txt) | liz_char:train(pieces/world_tank_01/logs/epoch_180.txt) | liz_gen_5414:train(pieces/world_tank_01/logs/epoch_180.txt)

+=========================================================+
Nav > _





--- FRAME UPDATE at 2026-06-20 02:43:51 ---
 [ SIM ACTIVE: RUNNING (1) ]
 [ ACTIVE ID: xolector ]
 [ EPOCH: 183 ]
 [ STEPS: 37 ]
 PROJECT CONTROLS:
[>] 1. [[ START ]][ ] 2. [[ PAUSE ]][ ] 3. [[ STEP / END TURN ]]
 PET SWITCHER:
[ ] 4. [Possess liz_bulb][ ] 5. [Possess liz_char][ ] 6. [Possess liz_gen_5414]
 METHODS (xolector):
[ ] 7. [possess_bulb][ ] 8. [possess_char]
 LOG: Epoch 182 Complete.
 TURN SUMMARY: liz_bulb:breathe | liz_bulb:scan | liz_bulb:rest | liz_bulb:check_death | liz_char:breathe | liz_char:scan | liz_char:rest | liz_char:check_death | liz_gen_5414:breathe | liz_gen_5414:scan | liz_gen_5414:rest | liz_gen_5414:check_death | liz_bulb:train(pieces/world_tank_01/logs/epoch_182.txt) | liz_char:train(pieces/world_tank_01/logs/epoch_182.txt) | liz_gen_5414:train(pieces/world_tank_01/logs/epoch_182.txt)

+=========================================================+
Nav > _





--- FRAME UPDATE at 2026-06-20 02:43:51 ---
 [ SIM ACTIVE: RUNNING (1) ]
 [ ACTIVE ID: xolector ]
 [ EPOCH: 185 ]
 [ STEPS: 38 ]
 PROJECT CONTROLS:
[>] 1. [[ START ]][ ] 2. [[ PAUSE ]][ ] 3. [[ STEP / END TURN ]]
 PET SWITCHER:
[ ] 4. [Possess liz_bulb][ ] 5. [Possess liz_char][ ] 6. [Possess liz_gen_5414]
 METHODS (xolector):
[ ] 7. [possess_bulb][ ] 8. [possess_char]
 LOG: Epoch 184 Complete.
 TURN SUMMARY: liz_bulb:breathe | liz_bulb:scan | liz_bulb:rest | liz_bulb:check_death | liz_char:breathe | liz_char:scan | liz_char:rest | liz_char:check_death | liz_gen_5414:breathe | liz_gen_5414:scan | liz_gen_5414:rest | liz_gen_5414:check_death | liz_bulb:train(pieces/world_tank_01/logs/epoch_184.txt) | liz_char:train(pieces/world_tank_01/logs/epoch_184.txt) | liz_gen_5414:train(pieces/world_tank_01/logs/epoch_184.txt)

+=========================================================+
Nav > _





--- FRAME UPDATE at 2026-06-20 02:43:51 ---
+===========================================================+
|                                                           |
|           C H T P M + O S   C L I   v2.0                 |
|                                                           |
|  CHTPM+OS Main Menu                                      |
|                                                           |
|  [>] 1. [Project Loader]                             |
|  [ ] 2. [App Store (Fondu)]                          |
|  [ ] 3. [Status]  [ ] 4. [GL-OS]                                          |
|  [ ] 5. [Process Monitor]                            |
|  [ ] 6. [Toggle Frame History (Current: )]                                         |
|  [ ] 7. [Help]                                            |
|                                                           |
+===========================================================+
|  Running Applications: None                               |
|  System Time: 08:00:00 | Turn: 0 | Key: None |
+===========================================================+
|                                                           |
|  $ | [ ] 8. []                                                 |                                                 |

+=========================================================+
Nav > _





--- FRAME UPDATE at 2026-06-20 02:43:51 ---
 [ SIM ACTIVE: RUNNING (1) ]
 [ ACTIVE ID: liz_bulb ]
 [ EPOCH: 187 ]
 [ STEPS: 39 ]
 PROJECT CONTROLS:
[>] 1. [[ START ]][ ] 2. [[ PAUSE ]][ ] 3. [[ STEP / END TURN ]]
 PET SWITCHER:
[ ] 4. [Possess liz_bulb][ ] 5. [Possess liz_char][ ] 6. [Possess liz_gen_5414]
 METHODS (liz_bulb):
[ ] 7. [scan][ ] 8. [eat][ ] 9. [breathe][ ] 10. [check_death][ ] 11. [train][ ] 12. [attack][ ] 13. [mate][ ] 14. [rest][ ] 15. [nothing][ ] 16. [ai][ ] 17. [release]
 LOG: Epoch 186 Complete.
 TURN SUMMARY: liz_bulb:breathe | liz_bulb:scan | liz_bulb:rest | liz_bulb:check_death | liz_char:breathe | liz_char:scan | liz_char:rest | liz_char:check_death | liz_gen_5414:breathe | liz_gen_5414:scan | liz_gen_5414:rest | liz_gen_5414:check_death | liz_bulb:train(pieces/world_tank_01/logs/epoch_186.txt) | liz_char:train(pieces/world_tank_01/logs/epoch_186.txt) | liz_gen_5414:train(pieces/world_tank_01/logs/epoch_186.txt)

+=========================================================+
Nav > _





--- FRAME UPDATE at 2026-06-20 02:43:51 ---
+===========================================================+
|                                                           |
|           C H T P M + O S   C L I   v2.0                 |
|                                                           |
|  CHTPM+OS Main Menu                                      |
|                                                           |
|  [>] 1. [Project Loader]                             |
|  [ ] 2. [App Store (Fondu)]                          |
|  [ ] 3. [Status]  [ ] 4. [GL-OS]                                          |
|  [ ] 5. [Process Monitor]                            |
|  [ ] 6. [Toggle Frame History (Current: )]                                         |
|  [ ] 7. [Help]                                            |
|                                                           |
+===========================================================+
|  Running Applications: None                               |
|  System Time: 08:00:00 | Turn: 0 | Key: None |
+===========================================================+
|                                                           |
|  $ | [ ] 8. []                                                 |                                                 |

+=========================================================+
Nav > _





--- FRAME UPDATE at 2026-06-20 02:43:51 ---
 [ SIM ACTIVE: RUNNING (1) ]
 [ ACTIVE ID: liz_bulb ]
 [ EPOCH: 189 ]
 [ STEPS: 40 ]
 PROJECT CONTROLS:
[>] 1. [[ START ]][ ] 2. [[ PAUSE ]][ ] 3. [[ STEP / END TURN ]]
 PET SWITCHER:
[ ] 4. [Possess liz_bulb][ ] 5. [Possess liz_char][ ] 6. [Possess liz_gen_5414]
 METHODS (liz_bulb):
[ ] 7. [scan][ ] 8. [eat][ ] 9. [breathe][ ] 10. [check_death][ ] 11. [train][ ] 12. [attack][ ] 13. [mate][ ] 14. [rest][ ] 15. [nothing][ ] 16. [ai][ ] 17. [release]
 LOG: Epoch 188 Complete.
 TURN SUMMARY: liz_bulb:breathe | liz_bulb:check_death | liz_char:breathe | liz_char:scan | liz_char:rest | liz_char:check_death | liz_gen_5414:breathe | liz_gen_5414:scan | liz_gen_5414:rest | liz_gen_5414:check_death | liz_bulb:train(pieces/world_tank_01/logs/epoch_188.txt) | liz_char:train(pieces/world_tank_01/logs/epoch_188.txt) | liz_gen_5414:train(pieces/world_tank_01/logs/epoch_188.txt)

+=========================================================+
Nav > _





--- FRAME UPDATE at 2026-06-20 02:43:51 ---
+===========================================================+
|                                                           |
|           C H T P M + O S   C L I   v2.0                 |
|                                                           |
|  CHTPM+OS Main Menu                                      |
|                                                           |
|  [>] 1. [Project Loader]                             |
|  [ ] 2. [App Store (Fondu)]                          |
|  [ ] 3. [Status]  [ ] 4. [GL-OS]                                          |
|  [ ] 5. [Process Monitor]                            |
|  [ ] 6. [Toggle Frame History (Current: )]                                         |
|  [ ] 7. [Help]                                            |
|                                                           |
+===========================================================+
|  Running Applications: None                               |
|  System Time: 08:00:00 | Turn: 0 | Key: None |
+===========================================================+
|                                                           |
|  $ | [ ] 8. []                                                 |                                                 |

+=========================================================+
Nav > _





--- FRAME UPDATE at 2026-06-20 02:43:51 ---
+===========================================================+
|                                                           |
|           C H T P M + O S   C L I   v2.0                 |
|                                                           |
|  CHTPM+OS Main Menu                                      |
|                                                           |
|  [>] 1. [Project Loader]                             |
|  [ ] 2. [App Store (Fondu)]                          |
|  [ ] 3. [Status]  [ ] 4. [GL-OS]                                          |
|  [ ] 5. [Process Monitor]                            |
|  [ ] 6. [Toggle Frame History (Current: )]                                         |
|  [ ] 7. [Help]                                            |
|                                                           |
+===========================================================+
|  Running Applications: None                               |
|  System Time: 08:00:00 | Turn: 0 | Key: None |
+===========================================================+
|                                                           |
|  $ | [ ] 8. []                                                 |                                                 |

+=========================================================+
Nav > _





--- FRAME UPDATE at 2026-06-20 02:43:51 ---
+===========================================================+
|                                                           |
|           C H T P M + O S   C L I   v2.0                 |
|                                                           |
|  CHTPM+OS Main Menu                                      |
|                                                           |
|  [>] 1. [Project Loader]                             |
|  [ ] 2. [App Store (Fondu)]                          |
|  [ ] 3. [Status]  [ ] 4. [GL-OS]                                          |
|  [ ] 5. [Process Monitor]                            |
|  [ ] 6. [Toggle Frame History (Current: )]                                         |
|  [ ] 7. [Help]                                            |
|                                                           |
+===========================================================+
|  Running Applications: None                               |
|  System Time: 08:00:00 | Turn: 0 | Key: None |
+===========================================================+
|                                                           |
|  $ | [ ] 8. []                                                 |                                                 |

+=========================================================+
Nav > _





--- FRAME UPDATE at 2026-06-20 02:43:51 ---
 [ SIM ACTIVE: RUNNING (1) ]
 [ ACTIVE ID: liz_bulb ]
 [ EPOCH: 193 ]
 [ STEPS: 63 ]
 PROJECT CONTROLS:
[>] 1. [[ START ]][ ] 2. [[ PAUSE ]][ ] 3. [[ STEP / END TURN ]]
 PET SWITCHER:
[ ] 4. [Possess liz_bulb][ ] 5. [Possess liz_char][ ] 6. [Possess liz_gen_5414]
 METHODS (liz_bulb):
[ ] 7. [scan][ ] 8. [eat][ ] 9. [breathe][ ] 10. [check_death][ ] 11. [train][ ] 12. [attack][ ] 13. [mate][ ] 14. [rest][ ] 15. [nothing][ ] 16. [ai][ ] 17. [release]
 LOG: Epoch 192 Complete.
 TURN SUMMARY: liz_bulb:breathe | liz_bulb:check_death | liz_char:breathe | liz_char:scan | liz_char:rest | liz_char:check_death | liz_gen_5414:breathe | liz_gen_5414:scan | liz_gen_5414:rest | liz_gen_5414:check_death | liz_bulb:train(pieces/world_tank_01/logs/epoch_192.txt) | liz_char:train(pieces/world_tank_01/logs/epoch_192.txt) | liz_gen_5414:train(pieces/world_tank_01/logs/epoch_192.txt)

+=========================================================+
Nav > _





--- FRAME UPDATE at 2026-06-20 02:43:52 ---
 [ SIM ACTIVE: RUNNING (1) ]
 [ ACTIVE ID: liz_bulb ]
 [ EPOCH: 195 ]
 [ STEPS: 64 ]
 PROJECT CONTROLS:
[>] 1. [[ START ]][ ] 2. [[ PAUSE ]][ ] 3. [[ STEP / END TURN ]]
 PET SWITCHER:
[ ] 4. [Possess liz_bulb][ ] 5. [Possess liz_char][ ] 6. [Possess liz_gen_5414]
 METHODS (liz_bulb):
[ ] 7. [scan][ ] 8. [eat][ ] 9. [breathe][ ] 10. [check_death][ ] 11. [train][ ] 12. [attack][ ] 13. [mate][ ] 14. [rest][ ] 15. [nothing][ ] 16. [ai][ ] 17. [release]
 LOG: Epoch 194 Complete.
 TURN SUMMARY: liz_bulb:breathe | liz_bulb:check_death | liz_char:breathe | liz_char:scan | liz_char:rest | liz_char:check_death | liz_gen_5414:breathe | liz_gen_5414:scan | liz_gen_5414:rest | liz_gen_5414:check_death | liz_bulb:train(pieces/world_tank_01/logs/epoch_194.txt) | liz_char:train(pieces/world_tank_01/logs/epoch_194.txt) | liz_gen_5414:train(pieces/world_tank_01/logs/epoch_194.txt)

+=========================================================+
Nav > _





--- FRAME UPDATE at 2026-06-20 02:43:52 ---
 [ SIM ACTIVE: RUNNING (1) ]
 [ ACTIVE ID: liz_bulb ]
 [ EPOCH: 197 ]
 [ STEPS: 65 ]
 PROJECT CONTROLS:
[>] 1. [[ START ]][ ] 2. [[ PAUSE ]][ ] 3. [[ STEP / END TURN ]]
 PET SWITCHER:
[ ] 4. [Possess liz_bulb][ ] 5. [Possess liz_char][ ] 6. [Possess liz_gen_5414]
 METHODS (liz_bulb):
[ ] 7. [scan][ ] 8. [eat][ ] 9. [breathe][ ] 10. [check_death][ ] 11. [train][ ] 12. [attack][ ] 13. [mate][ ] 14. [rest][ ] 15. [nothing][ ] 16. [ai][ ] 17. [release]
 LOG: Epoch 196 Complete.
 TURN SUMMARY: liz_bulb:breathe | liz_bulb:check_death | liz_char:breathe | liz_char:scan | liz_char:rest | liz_char:check_death | liz_gen_5414:breathe | liz_gen_5414:scan | liz_gen_5414:rest | liz_gen_5414:check_death | liz_bulb:train(pieces/world_tank_01/logs/epoch_196.txt) | liz_char:train(pieces/world_tank_01/logs/epoch_196.txt) | liz_gen_5414:train(pieces/world_tank_01/logs/epoch_196.txt)

+=========================================================+
Nav > _





--- FRAME UPDATE at 2026-06-20 02:43:52 ---
 [ SIM ACTIVE: RUNNING (1) ]
 [ ACTIVE ID: liz_bulb ]
 [ EPOCH: 199 ]
 [ STEPS: 45 ]
 PROJECT CONTROLS:
[>] 1. [[ START ]][ ] 2. [[ PAUSE ]][ ] 3. [[ STEP / END TURN ]]
 PET SWITCHER:
[ ] 4. [Possess liz_bulb][ ] 5. [Possess liz_char][ ] 6. [Possess liz_gen_5414]
 METHODS (liz_bulb):
[ ] 7. [scan][ ] 8. [eat][ ] 9. [breathe][ ] 10. [check_death][ ] 11. [train][ ] 12. [attack][ ] 13. [mate][ ] 14. [rest][ ] 15. [nothing][ ] 16. [ai][ ] 17. [release]
 LOG: Epoch 198 Complete.
 TURN SUMMARY: liz_bulb:breathe | liz_bulb:check_death | liz_char:breathe | liz_char:scan | liz_char:rest | liz_char:check_death | liz_gen_5414:breathe | liz_gen_5414:scan | liz_gen_5414:rest | liz_gen_5414:check_death | liz_bulb:train(pieces/world_tank_01/logs/epoch_198.txt) | liz_char:train(pieces/world_tank_01/logs/epoch_198.txt) | liz_gen_5414:train(pieces/world_tank_01/logs/epoch_198.txt)

+=========================================================+
Nav > _





--- FRAME UPDATE at 2026-06-20 02:43:52 ---
 [ SIM ACTIVE: RUNNING (1) ]
 [ ACTIVE ID: liz_bulb ]
 [ EPOCH: 201 ]
 [ STEPS: 46 ]
 PROJECT CONTROLS:
[>] 1. [[ START ]][ ] 2. [[ PAUSE ]][ ] 3. [[ STEP / END TURN ]]
 PET SWITCHER:
[ ] 4. [Possess liz_bulb][ ] 5. [Possess liz_char][ ] 6. [Possess liz_gen_5414]
 METHODS (liz_bulb):
[ ] 7. [scan][ ] 8. [eat][ ] 9. [breathe][ ] 10. [check_death][ ] 11. [train][ ] 12. [attack][ ] 13. [mate][ ] 14. [rest][ ] 15. [nothing][ ] 16. [ai][ ] 17. [release]
 LOG: Epoch 200 Complete.
 TURN SUMMARY: liz_bulb:breathe | liz_bulb:check_death | liz_char:breathe | liz_char:scan | liz_char:rest | liz_char:check_death | liz_gen_5414:breathe | liz_gen_5414:scan | liz_gen_5414:rest | liz_gen_5414:check_death | liz_bulb:train(pieces/world_tank_01/logs/epoch_200.txt) | liz_char:train(pieces/world_tank_01/logs/epoch_200.txt) | liz_gen_5414:train(pieces/world_tank_01/logs/epoch_200.txt)

+=========================================================+
Nav > _





--- FRAME UPDATE at 2026-06-20 02:43:52 ---
+===========================================================+
|                                                           |
|           C H T P M + O S   C L I   v2.0                 |
|                                                           |
|  CHTPM+OS Main Menu                                      |
|                                                           |
|  [>] 1. [Project Loader]                             |
|  [ ] 2. [App Store (Fondu)]                          |
|  [ ] 3. [Status]  [ ] 4. [GL-OS]                                          |
|  [ ] 5. [Process Monitor]                            |
|  [ ] 6. [Toggle Frame History (Current: )]                                         |
|  [ ] 7. [Help]                                            |
|                                                           |
+===========================================================+
|  Running Applications: None                               |
|  System Time: 08:00:00 | Turn: 0 | Key: None |
+===========================================================+
|                                                           |
|  $ | [ ] 8. []                                                 |                                                 |

+=========================================================+
Nav > _





--- FRAME UPDATE at 2026-06-20 02:43:52 ---
 [ SIM ACTIVE: RUNNING (1) ]
 [ ACTIVE ID: liz_bulb ]
 [ EPOCH: 203 ]
 [ STEPS: 68 ]
 PROJECT CONTROLS:
[>] 1. [[ START ]][ ] 2. [[ PAUSE ]][ ] 3. [[ STEP / END TURN ]]
 PET SWITCHER:
[ ] 4. [Possess liz_bulb][ ] 5. [Possess liz_char][ ] 6. [Possess liz_gen_5414]
 METHODS (liz_bulb):
[ ] 7. [scan][ ] 8. [eat][ ] 9. [breathe][ ] 10. [check_death][ ] 11. [train][ ] 12. [attack][ ] 13. [mate][ ] 14. [rest][ ] 15. [nothing][ ] 16. [ai][ ] 17. [release]
 LOG: Epoch 202 Complete.
 TURN SUMMARY: liz_bulb:breathe | liz_bulb:check_death | liz_char:breathe | liz_char:scan | liz_char:rest | liz_char:check_death | liz_gen_5414:breathe | liz_gen_5414:scan | liz_gen_5414:rest | liz_gen_5414:check_death | liz_bulb:train(pieces/world_tank_01/logs/epoch_202.txt) | liz_char:train(pieces/world_tank_01/logs/epoch_202.txt) | liz_gen_5414:train(pieces/world_tank_01/logs/epoch_202.txt)

+=========================================================+
Nav > _





--- FRAME UPDATE at 2026-06-20 02:43:53 ---
 [ SIM ACTIVE: RUNNING (1) ]
 [ ACTIVE ID: liz_bulb ]
 [ EPOCH: 205 ]
 [ STEPS: 69 ]
 PROJECT CONTROLS:
[>] 1. [[ START ]][ ] 2. [[ PAUSE ]][ ] 3. [[ STEP / END TURN ]]
 PET SWITCHER:
[ ] 4. [Possess liz_bulb][ ] 5. [Possess liz_char][ ] 6. [Possess liz_gen_5414]
 METHODS (liz_bulb):
[ ] 7. [scan][ ] 8. [eat][ ] 9. [breathe][ ] 10. [check_death][ ] 11. [train][ ] 12. [attack][ ] 13. [mate][ ] 14. [rest][ ] 15. [nothing][ ] 16. [ai][ ] 17. [release]
 LOG: Epoch 204 Complete.
 TURN SUMMARY: liz_bulb:breathe | liz_bulb:check_death | liz_char:breathe | liz_char:scan | liz_char:rest | liz_char:check_death | liz_gen_5414:breathe | liz_gen_5414:scan | liz_gen_5414:rest | liz_gen_5414:check_death | liz_bulb:train(pieces/world_tank_01/logs/epoch_204.txt) | liz_char:train(pieces/world_tank_01/logs/epoch_204.txt) | liz_gen_5414:train(pieces/world_tank_01/logs/epoch_204.txt)

+=========================================================+
Nav > _





--- FRAME UPDATE at 2026-06-20 02:43:53 ---
 [ SIM ACTIVE: RUNNING (1) ]
 [ ACTIVE ID: liz_bulb ]
 [ EPOCH: 207 ]
 [ STEPS: 70 ]
 PROJECT CONTROLS:
[>] 1. [[ START ]][ ] 2. [[ PAUSE ]][ ] 3. [[ STEP / END TURN ]]
 PET SWITCHER:
[ ] 4. [Possess liz_bulb][ ] 5. [Possess liz_char][ ] 6. [Possess liz_gen_5414]
 METHODS (liz_bulb):
[ ] 7. [scan][ ] 8. [eat][ ] 9. [breathe][ ] 10. [check_death][ ] 11. [train][ ] 12. [attack][ ] 13. [mate][ ] 14. [rest][ ] 15. [nothing][ ] 16. [ai][ ] 17. [release]
 LOG: Epoch 206 Complete.
 TURN SUMMARY: liz_bulb:breathe | liz_bulb:check_death | liz_char:breathe | liz_char:scan | liz_char:rest | liz_char:check_death | liz_gen_5414:breathe | liz_gen_5414:scan | liz_gen_5414:rest | liz_gen_5414:check_death | liz_bulb:train(pieces/world_tank_01/logs/epoch_206.txt) | liz_char:train(pieces/world_tank_01/logs/epoch_206.txt) | liz_gen_5414:train(pieces/world_tank_01/logs/epoch_206.txt)

+=========================================================+
Nav > _





--- FRAME UPDATE at 2026-06-20 02:43:53 ---
 [ SIM ACTIVE: RUNNING (1) ]
 [ ACTIVE ID: liz_bulb ]
 [ EPOCH: 209 ]
 [ STEPS: 71 ]
 PROJECT CONTROLS:
[>] 1. [[ START ]][ ] 2. [[ PAUSE ]][ ] 3. [[ STEP / END TURN ]]
 PET SWITCHER:
[ ] 4. [Possess liz_bulb][ ] 5. [Possess liz_char][ ] 6. [Possess liz_gen_5414]
 METHODS (liz_bulb):
[ ] 7. [scan][ ] 8. [eat][ ] 9. [breathe][ ] 10. [check_death][ ] 11. [train][ ] 12. [attack][ ] 13. [mate][ ] 14. [rest][ ] 15. [nothing][ ] 16. [ai][ ] 17. [release]
 LOG: Epoch 208 Complete.
 TURN SUMMARY: liz_bulb:breathe | liz_bulb:check_death | liz_char:breathe | liz_char:scan | liz_char:rest | liz_char:check_death | liz_gen_5414:breathe | liz_gen_5414:scan | liz_gen_5414:rest | liz_gen_5414:check_death | liz_bulb:train(pieces/world_tank_01/logs/epoch_208.txt) | liz_char:train(pieces/world_tank_01/logs/epoch_208.txt) | liz_gen_5414:train(pieces/world_tank_01/logs/epoch_208.txt)

+=========================================================+
Nav > _





--- FRAME UPDATE at 2026-06-20 02:43:53 ---
+===========================================================+
|                                                           |
|           C H T P M + O S   C L I   v2.0                 |
|                                                           |
|  CHTPM+OS Main Menu                                      |
|                                                           |
|  [>] 1. [Project Loader]                             |
|  [ ] 2. [App Store (Fondu)]                          |
|  [ ] 3. [Status]  [ ] 4. [GL-OS]                                          |
|  [ ] 5. [Process Monitor]                            |
|  [ ] 6. [Toggle Frame History (Current: )]                                         |
|  [ ] 7. [Help]                                            |
|                                                           |
+===========================================================+
|  Running Applications: None                               |
|  System Time: 08:00:00 | Turn: 0 | Key: None |
+===========================================================+
|                                                           |
|  $ | [ ] 8. []                                                 |                                                 |

+=========================================================+
Nav > _





--- FRAME UPDATE at 2026-06-20 02:43:53 ---
 [ SIM ACTIVE: RUNNING (1) ]
 [ ACTIVE ID: liz_bulb ]
 [ EPOCH: 211 ]
 [ STEPS: 72 ]
 PROJECT CONTROLS:
[>] 1. [[ START ]][ ] 2. [[ PAUSE ]][ ] 3. [[ STEP / END TURN ]]
 PET SWITCHER:
[ ] 4. [Possess liz_bulb][ ] 5. [Possess liz_char][ ] 6. [Possess liz_gen_5414]
 METHODS (liz_bulb):
[ ] 7. [scan][ ] 8. [eat][ ] 9. [breathe][ ] 10. [check_death][ ] 11. [train][ ] 12. [attack][ ] 13. [mate][ ] 14. [rest][ ] 15. [nothing][ ] 16. [ai][ ] 17. [release]
 LOG: Epoch 210 Complete.
 TURN SUMMARY: liz_bulb:breathe | liz_bulb:check_death | liz_char:breathe | liz_char:scan | liz_char:rest | liz_char:check_death | liz_gen_5414:breathe | liz_gen_5414:scan | liz_gen_5414:rest | liz_gen_5414:check_death | liz_bulb:train(pieces/world_tank_01/logs/epoch_210.txt) | liz_char:train(pieces/world_tank_01/logs/epoch_210.txt) | liz_gen_5414:train(pieces/world_tank_01/logs/epoch_210.txt)

+=========================================================+
Nav > _





--- FRAME UPDATE at 2026-06-20 02:43:53 ---
+===========================================================+
|                                                           |
|           C H T P M + O S   C L I   v2.0                 |
|                                                           |
|  CHTPM+OS Main Menu                                      |
|                                                           |
|  [>] 1. [Project Loader]                             |
|  [ ] 2. [App Store (Fondu)]                          |
|  [ ] 3. [Status]  [ ] 4. [GL-OS]                                          |
|  [ ] 5. [Process Monitor]                            |
|  [ ] 6. [Toggle Frame History (Current: )]                                         |
|  [ ] 7. [Help]                                            |
|                                                           |
+===========================================================+
|  Running Applications: None                               |
|  System Time: 08:00:00 | Turn: 0 | Key: None |
+===========================================================+
|                                                           |
|  $ | [ ] 8. []                                                 |                                                 |

+=========================================================+
Nav > _





--- FRAME UPDATE at 2026-06-20 02:43:53 ---
 [ SIM ACTIVE: RUNNING (1) ]
 [ ACTIVE ID: liz_bulb ]
 [ EPOCH: 213 ]
 [ STEPS: 73 ]
 PROJECT CONTROLS:
[>] 1. [[ START ]][ ] 2. [[ PAUSE ]][ ] 3. [[ STEP / END TURN ]]
 PET SWITCHER:
[ ] 4. [Possess liz_bulb][ ] 5. [Possess liz_char][ ] 6. [Possess liz_gen_5414]
 METHODS (liz_bulb):
[ ] 7. [scan][ ] 8. [eat][ ] 9. [breathe][ ] 10. [check_death][ ] 11. [train][ ] 12. [attack][ ] 13. [mate][ ] 14. [rest][ ] 15. [nothing][ ] 16. [ai][ ] 17. [release]
 LOG: Epoch 212 Complete.
 TURN SUMMARY: liz_bulb:breathe | liz_bulb:check_death | liz_char:breathe | liz_char:scan | liz_char:rest | liz_char:check_death | liz_gen_5414:breathe | liz_gen_5414:scan | liz_gen_5414:rest | liz_gen_5414:check_death | liz_bulb:train(pieces/world_tank_01/logs/epoch_212.txt) | liz_char:train(pieces/world_tank_01/logs/epoch_212.txt) | liz_gen_5414:train(pieces/world_tank_01/logs/epoch_212.txt)

+=========================================================+
Nav > _





--- FRAME UPDATE at 2026-06-20 02:43:54 ---
 [ SIM ACTIVE: RUNNING (1) ]
 [ ACTIVE ID: liz_bulb ]
 [ EPOCH: 215 ]
 [ STEPS: 53 ]
 PROJECT CONTROLS:
[>] 1. [[ START ]][ ] 2. [[ PAUSE ]][ ] 3. [[ STEP / END TURN ]]
 PET SWITCHER:
[ ] 4. [Possess liz_bulb][ ] 5. [Possess liz_char][ ] 6. [Possess liz_gen_5414]
 METHODS (liz_bulb):
[ ] 7. [scan][ ] 8. [eat][ ] 9. [breathe][ ] 10. [check_death][ ] 11. [train][ ] 12. [attack][ ] 13. [mate][ ] 14. [rest][ ] 15. [nothing][ ] 16. [ai][ ] 17. [release]
 LOG: Epoch 214 Complete.
 TURN SUMMARY: liz_bulb:breathe | liz_bulb:check_death | liz_char:breathe | liz_char:scan | liz_char:rest | liz_char:check_death | liz_gen_5414:breathe | liz_gen_5414:scan | liz_gen_5414:rest | liz_gen_5414:check_death | liz_bulb:train(pieces/world_tank_01/logs/epoch_214.txt) | liz_char:train(pieces/world_tank_01/logs/epoch_214.txt) | liz_gen_5414:train(pieces/world_tank_01/logs/epoch_214.txt)

+=========================================================+
Nav > _





--- FRAME UPDATE at 2026-06-20 02:43:54 ---
 [ SIM ACTIVE: RUNNING (1) ]
 [ ACTIVE ID: liz_bulb ]
 [ EPOCH: 217 ]
 [ STEPS: 54 ]
 PROJECT CONTROLS:
[>] 1. [[ START ]][ ] 2. [[ PAUSE ]][ ] 3. [[ STEP / END TURN ]]
 PET SWITCHER:
[ ] 4. [Possess liz_bulb][ ] 5. [Possess liz_char][ ] 6. [Possess liz_gen_5414]
 METHODS (liz_bulb):
[ ] 7. [scan][ ] 8. [eat][ ] 9. [breathe][ ] 10. [check_death][ ] 11. [train][ ] 12. [attack][ ] 13. [mate][ ] 14. [rest][ ] 15. [nothing][ ] 16. [ai][ ] 17. [release]
 LOG: Epoch 216 Complete.
 TURN SUMMARY: liz_bulb:breathe | liz_bulb:check_death | liz_char:breathe | liz_char:scan | liz_char:rest | liz_char:check_death | liz_gen_5414:breathe | liz_gen_5414:scan | liz_gen_5414:rest | liz_gen_5414:check_death | liz_bulb:train(pieces/world_tank_01/logs/epoch_216.txt) | liz_char:train(pieces/world_tank_01/logs/epoch_216.txt) | liz_gen_5414:train(pieces/world_tank_01/logs/epoch_216.txt)

+=========================================================+
Nav > _





--- FRAME UPDATE at 2026-06-20 02:43:54 ---
 [ SIM ACTIVE: RUNNING (1) ]
 [ ACTIVE ID: liz_bulb ]
 [ EPOCH: 219 ]
 [ STEPS: 55 ]
 PROJECT CONTROLS:
[>] 1. [[ START ]][ ] 2. [[ PAUSE ]][ ] 3. [[ STEP / END TURN ]]
 PET SWITCHER:
[ ] 4. [Possess liz_bulb][ ] 5. [Possess liz_char][ ] 6. [Possess liz_gen_5414]
 METHODS (liz_bulb):
[ ] 7. [scan][ ] 8. [eat][ ] 9. [breathe][ ] 10. [check_death][ ] 11. [train][ ] 12. [attack][ ] 13. [mate][ ] 14. [rest][ ] 15. [nothing][ ] 16. [ai][ ] 17. [release]
 LOG: Epoch 218 Complete.
 TURN SUMMARY: liz_bulb:breathe | liz_bulb:check_death | liz_char:breathe | liz_char:scan | liz_char:rest | liz_char:check_death | liz_gen_5414:breathe | liz_gen_5414:scan | liz_gen_5414:rest | liz_gen_5414:check_death | liz_bulb:train(pieces/world_tank_01/logs/epoch_218.txt) | liz_char:train(pieces/world_tank_01/logs/epoch_218.txt) | liz_gen_5414:train(pieces/world_tank_01/logs/epoch_218.txt)

+=========================================================+
Nav > _





--- FRAME UPDATE at 2026-06-20 02:43:54 ---
 [ SIM ACTIVE: RUNNING (1) ]
 [ ACTIVE ID: liz_bulb ]
 [ EPOCH: 221 ]
 [ STEPS: 77 ]
 PROJECT CONTROLS:
[>] 1. [[ START ]][ ] 2. [[ PAUSE ]][ ] 3. [[ STEP / END TURN ]]
 PET SWITCHER:
[ ] 4. [Possess liz_bulb][ ] 5. [Possess liz_char][ ] 6. [Possess liz_gen_5414]
 METHODS (liz_bulb):
[ ] 7. [scan][ ] 8. [eat][ ] 9. [breathe][ ] 10. [check_death][ ] 11. [train][ ] 12. [attack][ ] 13. [mate][ ] 14. [rest][ ] 15. [nothing][ ] 16. [ai][ ] 17. [release]
 LOG: Epoch 220 Complete.
 TURN SUMMARY: liz_bulb:breathe | liz_bulb:check_death | liz_char:breathe | liz_char:scan | liz_char:rest | liz_char:check_death | liz_gen_5414:breathe | liz_gen_5414:scan | liz_gen_5414:rest | liz_gen_5414:check_death | liz_bulb:train(pieces/world_tank_01/logs/epoch_220.txt) | liz_char:train(pieces/world_tank_01/logs/epoch_220.txt) | liz_gen_5414:train(pieces/world_tank_01/logs/epoch_220.txt)

+=========================================================+
Nav > _





--- FRAME UPDATE at 2026-06-20 02:43:54 ---
 [ SIM ACTIVE: RUNNING (1) ]
 [ ACTIVE ID: liz_bulb ]
 [ EPOCH: 223 ]
 [ STEPS: 57 ]
 PROJECT CONTROLS:
[>] 1. [[ START ]][ ] 2. [[ PAUSE ]][ ] 3. [[ STEP / END TURN ]]
 PET SWITCHER:
[ ] 4. [Possess liz_bulb][ ] 5. [Possess liz_char][ ] 6. [Possess liz_gen_5414]
 METHODS (liz_bulb):
[ ] 7. [scan][ ] 8. [eat][ ] 9. [breathe][ ] 10. [check_death][ ] 11. [train][ ] 12. [attack][ ] 13. [mate][ ] 14. [rest][ ] 15. [nothing][ ] 16. [ai][ ] 17. [release]
 LOG: Epoch 222 Complete.
 TURN SUMMARY: liz_bulb:breathe | liz_bulb:check_death | liz_char:breathe | liz_char:scan | liz_char:rest | liz_char:check_death | liz_gen_5414:breathe | liz_gen_5414:scan | liz_gen_5414:rest | liz_gen_5414:check_death | liz_bulb:train(pieces/world_tank_01/logs/epoch_222.txt) | liz_char:train(pieces/world_tank_01/logs/epoch_222.txt) | liz_gen_5414:train(pieces/world_tank_01/logs/epoch_222.txt)

+=========================================================+
Nav > _





--- FRAME UPDATE at 2026-06-20 02:43:54 ---
 [ SIM ACTIVE: RUNNING (1) ]
 [ ACTIVE ID: liz_bulb ]
 [ EPOCH: 225 ]
 [ STEPS: 58 ]
 PROJECT CONTROLS:
[>] 1. [[ START ]][ ] 2. [[ PAUSE ]][ ] 3. [[ STEP / END TURN ]]
 PET SWITCHER:
[ ] 4. [Possess liz_bulb][ ] 5. [Possess liz_char][ ] 6. [Possess liz_gen_5414]
 METHODS (liz_bulb):
[ ] 7. [scan][ ] 8. [eat][ ] 9. [breathe][ ] 10. [check_death][ ] 11. [train][ ] 12. [attack][ ] 13. [mate][ ] 14. [rest][ ] 15. [nothing][ ] 16. [ai][ ] 17. [release]
 LOG: Epoch 224 Complete.
 TURN SUMMARY: liz_bulb:breathe | liz_bulb:check_death | liz_char:breathe | liz_char:scan | liz_char:rest | liz_char:check_death | liz_gen_5414:breathe | liz_gen_5414:scan | liz_gen_5414:rest | liz_gen_5414:check_death | liz_bulb:train(pieces/world_tank_01/logs/epoch_224.txt) | liz_char:train(pieces/world_tank_01/logs/epoch_224.txt) | liz_gen_5414:train(pieces/world_tank_01/logs/epoch_224.txt)

+=========================================================+
Nav > _





--- FRAME UPDATE at 2026-06-20 02:43:55 ---
+===========================================================+
|                                                           |
|           C H T P M + O S   C L I   v2.0                 |
|                                                           |
|  CHTPM+OS Main Menu                                      |
|                                                           |
|  [>] 1. [Project Loader]                             |
|  [ ] 2. [App Store (Fondu)]                          |
|  [ ] 3. [Status]  [ ] 4. [GL-OS]                                          |
|  [ ] 5. [Process Monitor]                            |
|  [ ] 6. [Toggle Frame History (Current: )]                                         |
|  [ ] 7. [Help]                                            |
|                                                           |
+===========================================================+
|  Running Applications: None                               |
|  System Time: 08:00:00 | Turn: 0 | Key: None |
+===========================================================+
|                                                           |
|  $ | [ ] 8. []                                                 |                                                 |

+=========================================================+
Nav > _





--- FRAME UPDATE at 2026-06-20 02:43:55 ---
 [ SIM ACTIVE: RUNNING (1) ]
 [ ACTIVE ID: liz_bulb ]
 [ EPOCH: 227 ]
 [ STEPS: 59 ]
 PROJECT CONTROLS:
[>] 1. [[ START ]][ ] 2. [[ PAUSE ]][ ] 3. [[ STEP / END TURN ]]
 PET SWITCHER:
[ ] 4. [Possess liz_bulb][ ] 5. [Possess liz_char][ ] 6. [Possess liz_gen_5414]
 METHODS (liz_bulb):
[ ] 7. [scan][ ] 8. [eat][ ] 9. [breathe][ ] 10. [check_death][ ] 11. [train][ ] 12. [attack][ ] 13. [mate][ ] 14. [rest][ ] 15. [nothing][ ] 16. [ai][ ] 17. [release]
 LOG: Epoch 226 Complete.
 TURN SUMMARY: liz_bulb:breathe | liz_bulb:check_death | liz_char:breathe | liz_char:scan | liz_char:rest | liz_char:check_death | liz_gen_5414:breathe | liz_gen_5414:scan | liz_gen_5414:rest | liz_gen_5414:check_death | liz_bulb:train(pieces/world_tank_01/logs/epoch_226.txt) | liz_char:train(pieces/world_tank_01/logs/epoch_226.txt) | liz_gen_5414:train(pieces/world_tank_01/logs/epoch_226.txt)

+=========================================================+
Nav > _





--- FRAME UPDATE at 2026-06-20 02:43:55 ---
+===========================================================+
|                                                           |
|           C H T P M + O S   C L I   v2.0                 |
|                                                           |
|  CHTPM+OS Main Menu                                      |
|                                                           |
|  [>] 1. [Project Loader]                             |
|  [ ] 2. [App Store (Fondu)]                          |
|  [ ] 3. [Status]  [ ] 4. [GL-OS]                                          |
|  [ ] 5. [Process Monitor]                            |
|  [ ] 6. [Toggle Frame History (Current: )]                                         |
|  [ ] 7. [Help]                                            |
|                                                           |
+===========================================================+
|  Running Applications: None                               |
|  System Time: 08:00:00 | Turn: 0 | Key: None |
+===========================================================+
|                                                           |
|  $ | [ ] 8. []                                                 |                                                 |

+=========================================================+
Nav > _





--- FRAME UPDATE at 2026-06-20 02:43:55 ---
 [ SIM ACTIVE: RUNNING (1) ]
 [ ACTIVE ID: liz_bulb ]
 [ EPOCH: 229 ]
 [ STEPS: 60 ]
 PROJECT CONTROLS:
[>] 1. [[ START ]][ ] 2. [[ PAUSE ]][ ] 3. [[ STEP / END TURN ]]
 PET SWITCHER:
[ ] 4. [Possess liz_bulb][ ] 5. [Possess liz_char][ ] 6. [Possess liz_gen_5414]
 METHODS (liz_bulb):
[ ] 7. [scan][ ] 8. [eat][ ] 9. [breathe][ ] 10. [check_death][ ] 11. [train][ ] 12. [attack][ ] 13. [mate][ ] 14. [rest][ ] 15. [nothing][ ] 16. [ai][ ] 17. [release]
 LOG: Epoch 228 Complete.
 TURN SUMMARY: liz_bulb:breathe | liz_bulb:check_death | liz_char:breathe | liz_char:scan | liz_char:rest | liz_char:check_death | liz_gen_5414:breathe | liz_gen_5414:scan | liz_gen_5414:rest | liz_gen_5414:check_death | liz_bulb:train(pieces/world_tank_01/logs/epoch_228.txt) | liz_char:train(pieces/world_tank_01/logs/epoch_228.txt) | liz_gen_5414:train(pieces/world_tank_01/logs/epoch_228.txt)

+=========================================================+
Nav > _





--- FRAME UPDATE at 2026-06-20 02:43:55 ---
+===========================================================+
|                                                           |
|           C H T P M + O S   C L I   v2.0                 |
|                                                           |
|  CHTPM+OS Main Menu                                      |
|                                                           |
|  [>] 1. [Project Loader]                             |
|  [ ] 2. [App Store (Fondu)]                          |
|  [ ] 3. [Status]  [ ] 4. [GL-OS]                                          |
|  [ ] 5. [Process Monitor]                            |
|  [ ] 6. [Toggle Frame History (Current: )]                                         |
|  [ ] 7. [Help]                                            |
|                                                           |
+===========================================================+
|  Running Applications: None                               |
|  System Time: 08:00:00 | Turn: 0 | Key: None |
+===========================================================+
|                                                           |
|  $ | [ ] 8. []                                                 |                                                 |

+=========================================================+
Nav > _





--- FRAME UPDATE at 2026-06-20 02:43:55 ---
 [ SIM ACTIVE: RUNNING (1) ]
 [ ACTIVE ID: liz_bulb ]
 [ EPOCH: 231 ]
 [ STEPS: 61 ]
 PROJECT CONTROLS:
[>] 1. [[ START ]][ ] 2. [[ PAUSE ]][ ] 3. [[ STEP / END TURN ]]
 PET SWITCHER:
[ ] 4. [Possess liz_bulb][ ] 5. [Possess liz_char][ ] 6. [Possess liz_gen_5414]
 METHODS (liz_bulb):
[ ] 7. [scan][ ] 8. [eat][ ] 9. [breathe][ ] 10. [check_death][ ] 11. [train][ ] 12. [attack][ ] 13. [mate][ ] 14. [rest][ ] 15. [nothing][ ] 16. [ai][ ] 17. [release]
 LOG: Epoch 230 Complete.
 TURN SUMMARY: liz_bulb:breathe | liz_bulb:check_death | liz_char:breathe | liz_char:scan | liz_char:rest | liz_char:check_death | liz_gen_5414:breathe | liz_gen_5414:scan | liz_gen_5414:rest | liz_gen_5414:check_death | liz_bulb:train(pieces/world_tank_01/logs/epoch_230.txt) | liz_char:train(pieces/world_tank_01/logs/epoch_230.txt) | liz_gen_5414:train(pieces/world_tank_01/logs/epoch_230.txt)

+=========================================================+
Nav > _





--- FRAME UPDATE at 2026-06-20 02:43:55 ---
+===========================================================+
|                                                           |
|           C H T P M + O S   C L I   v2.0                 |
|                                                           |
|  CHTPM+OS Main Menu                                      |
|                                                           |
|  [>] 1. [Project Loader]                             |
|  [ ] 2. [App Store (Fondu)]                          |
|  [ ] 3. [Status]  [ ] 4. [GL-OS]                                          |
|  [ ] 5. [Process Monitor]                            |
|  [ ] 6. [Toggle Frame History (Current: )]                                         |
|  [ ] 7. [Help]                                            |
|                                                           |
+===========================================================+
|  Running Applications: None                               |
|  System Time: 08:00:00 | Turn: 0 | Key: None |
+===========================================================+
|                                                           |
|  $ | [ ] 8. []                                                 |                                                 |

+=========================================================+
Nav > _





--- FRAME UPDATE at 2026-06-20 02:43:55 ---
 [ SIM ACTIVE: RUNNING (1) ]
 [ ACTIVE ID: liz_bulb ]
 [ EPOCH: 233 ]
 [ STEPS: 62 ]
 PROJECT CONTROLS:
[>] 1. [[ START ]][ ] 2. [[ PAUSE ]][ ] 3. [[ STEP / END TURN ]]
 PET SWITCHER:
[ ] 4. [Possess liz_bulb][ ] 5. [Possess liz_char][ ] 6. [Possess liz_gen_5414]
 METHODS (liz_bulb):
[ ] 7. [scan][ ] 8. [eat][ ] 9. [breathe][ ] 10. [check_death][ ] 11. [train][ ] 12. [attack][ ] 13. [mate][ ] 14. [rest][ ] 15. [nothing][ ] 16. [ai][ ] 17. [release]
 LOG: Epoch 232 Complete.
 TURN SUMMARY: liz_bulb:breathe | liz_bulb:check_death | liz_char:breathe | liz_char:scan | liz_char:rest | liz_char:check_death | liz_gen_5414:breathe | liz_gen_5414:scan | liz_gen_5414:rest | liz_gen_5414:check_death | liz_bulb:train(pieces/world_tank_01/logs/epoch_232.txt) | liz_char:train(pieces/world_tank_01/logs/epoch_232.txt) | liz_gen_5414:train(pieces/world_tank_01/logs/epoch_232.txt)

+=========================================================+
Nav > _





--- FRAME UPDATE at 2026-06-20 02:43:55 ---
 [ SIM ACTIVE: RUNNING (1) ]
 [ ACTIVE ID: liz_bulb ]
 [ EPOCH: 235 ]
 [ STEPS: 63 ]
 PROJECT CONTROLS:
[>] 1. [[ START ]][ ] 2. [[ PAUSE ]][ ] 3. [[ STEP / END TURN ]]
 PET SWITCHER:
[ ] 4. [Possess liz_bulb][ ] 5. [Possess liz_char][ ] 6. [Possess liz_gen_5414]
 METHODS (liz_bulb):
[ ] 7. [scan][ ] 8. [eat][ ] 9. [breathe][ ] 10. [check_death][ ] 11. [train][ ] 12. [attack][ ] 13. [mate][ ] 14. [rest][ ] 15. [nothing][ ] 16. [ai][ ] 17. [release]
 LOG: Epoch 234 Complete.
 TURN SUMMARY: liz_bulb:breathe | liz_bulb:check_death | liz_char:breathe | liz_char:scan | liz_char:rest | liz_char:check_death | liz_gen_5414:breathe | liz_gen_5414:scan | liz_gen_5414:rest | liz_gen_5414:check_death | liz_bulb:train(pieces/world_tank_01/logs/epoch_234.txt) | liz_char:train(pieces/world_tank_01/logs/epoch_234.txt) | liz_gen_5414:train(pieces/world_tank_01/logs/epoch_234.txt)

+=========================================================+
Nav > _





--- FRAME UPDATE at 2026-06-20 02:43:55 ---
+===========================================================+
|                                                           |
|           C H T P M + O S   C L I   v2.0                 |
|                                                           |
|  CHTPM+OS Main Menu                                      |
|                                                           |
|  [>] 1. [Project Loader]                             |
|  [ ] 2. [App Store (Fondu)]                          |
|  [ ] 3. [Status]  [ ] 4. [GL-OS]                                          |
|  [ ] 5. [Process Monitor]                            |
|  [ ] 6. [Toggle Frame History (Current: )]                                         |
|  [ ] 7. [Help]                                            |
|                                                           |
+===========================================================+
|  Running Applications: None                               |
|  System Time: 08:00:00 | Turn: 0 | Key: None |
+===========================================================+
|                                                           |
|  $ | [ ] 8. []                                                 |                                                 |

+=========================================================+
Nav > _





--- FRAME UPDATE at 2026-06-20 02:43:56 ---
 [ SIM ACTIVE: RUNNING (1) ]
 [ ACTIVE ID: liz_bulb ]
 [ EPOCH: 237 ]
 [ STEPS: 64 ]
 PROJECT CONTROLS:
[>] 1. [[ START ]][ ] 2. [[ PAUSE ]][ ] 3. [[ STEP / END TURN ]]
 PET SWITCHER:
[ ] 4. [Possess liz_bulb][ ] 5. [Possess liz_char][ ] 6. [Possess liz_gen_5414]
 METHODS (liz_bulb):
[ ] 7. [scan][ ] 8. [eat][ ] 9. [breathe][ ] 10. [check_death][ ] 11. [train][ ] 12. [attack][ ] 13. [mate][ ] 14. [rest][ ] 15. [nothing][ ] 16. [ai][ ] 17. [release]
 LOG: Epoch 236 Complete.
 TURN SUMMARY: liz_bulb:breathe | liz_bulb:check_death | liz_char:breathe | liz_char:scan | liz_char:rest | liz_char:check_death | liz_gen_5414:breathe | liz_gen_5414:scan | liz_gen_5414:rest | liz_gen_5414:check_death | liz_bulb:train(pieces/world_tank_01/logs/epoch_236.txt) | liz_char:train(pieces/world_tank_01/logs/epoch_236.txt) | liz_gen_5414:train(pieces/world_tank_01/logs/epoch_236.txt)

+=========================================================+
Nav > _





--- FRAME UPDATE at 2026-06-20 02:43:56 ---
+===========================================================+
|                                                           |
|           C H T P M + O S   C L I   v2.0                 |
|                                                           |
|  CHTPM+OS Main Menu                                      |
|                                                           |
|  [>] 1. [Project Loader]                             |
|  [ ] 2. [App Store (Fondu)]                          |
|  [ ] 3. [Status]  [ ] 4. [GL-OS]                                          |
|  [ ] 5. [Process Monitor]                            |
|  [ ] 6. [Toggle Frame History (Current: )]                                         |
|  [ ] 7. [Help]                                            |
|                                                           |
+===========================================================+
|  Running Applications: None                               |
|  System Time: 08:00:00 | Turn: 0 | Key: None |
+===========================================================+
|                                                           |
|  $ | [ ] 8. []                                                 |                                                 |

+=========================================================+
Nav > _





--- FRAME UPDATE at 2026-06-20 02:43:56 ---
 [ SIM ACTIVE: RUNNING (1) ]
 [ ACTIVE ID: liz_bulb ]
 [ EPOCH: 239 ]
 [ STEPS: 65 ]
 PROJECT CONTROLS:
[>] 1. [[ START ]][ ] 2. [[ PAUSE ]][ ] 3. [[ STEP / END TURN ]]
 PET SWITCHER:
[ ] 4. [Possess liz_bulb][ ] 5. [Possess liz_char][ ] 6. [Possess liz_gen_5414]
 METHODS (liz_bulb):
[ ] 7. [scan][ ] 8. [eat][ ] 9. [breathe][ ] 10. [check_death][ ] 11. [train][ ] 12. [attack][ ] 13. [mate][ ] 14. [rest][ ] 15. [nothing][ ] 16. [ai][ ] 17. [release]
 LOG: Epoch 238 Complete.
 TURN SUMMARY: liz_bulb:breathe | liz_bulb:check_death | liz_char:breathe | liz_char:scan | liz_char:rest | liz_char:check_death | liz_gen_5414:breathe | liz_gen_5414:scan | liz_gen_5414:rest | liz_gen_5414:check_death | liz_bulb:train(pieces/world_tank_01/logs/epoch_238.txt) | liz_char:train(pieces/world_tank_01/logs/epoch_238.txt) | liz_gen_5414:train(pieces/world_tank_01/logs/epoch_238.txt)

+=========================================================+
Nav > _





--- FRAME UPDATE at 2026-06-20 02:43:56 ---
 [ SIM ACTIVE: RUNNING (1) ]
 [ ACTIVE ID: liz_bulb ]
 [ EPOCH: 241 ]
 [ STEPS: 66 ]
 PROJECT CONTROLS:
[>] 1. [[ START ]][ ] 2. [[ PAUSE ]][ ] 3. [[ STEP / END TURN ]]
 PET SWITCHER:
[ ] 4. [Possess liz_bulb][ ] 5. [Possess liz_char][ ] 6. [Possess liz_gen_5414]
 METHODS (liz_bulb):
[ ] 7. [scan][ ] 8. [eat][ ] 9. [breathe][ ] 10. [check_death][ ] 11. [train][ ] 12. [attack][ ] 13. [mate][ ] 14. [rest][ ] 15. [nothing][ ] 16. [ai][ ] 17. [release]
 LOG: Epoch 240 Complete.
 TURN SUMMARY: liz_bulb:breathe | liz_bulb:check_death | liz_char:breathe | liz_char:scan | liz_char:rest | liz_char:check_death | liz_gen_5414:breathe | liz_gen_5414:scan | liz_gen_5414:rest | liz_gen_5414:check_death | liz_bulb:train(pieces/world_tank_01/logs/epoch_240.txt) | liz_char:train(pieces/world_tank_01/logs/epoch_240.txt) | liz_gen_5414:train(pieces/world_tank_01/logs/epoch_240.txt)

+=========================================================+
Nav > _





--- FRAME UPDATE at 2026-06-20 02:43:56 ---
 [ SIM ACTIVE: RUNNING (1) ]
 [ ACTIVE ID: liz_bulb ]
 [ EPOCH: 243 ]
 [ STEPS: 67 ]
 PROJECT CONTROLS:
[>] 1. [[ START ]][ ] 2. [[ PAUSE ]][ ] 3. [[ STEP / END TURN ]]
 PET SWITCHER:
[ ] 4. [Possess liz_bulb][ ] 5. [Possess liz_char][ ] 6. [Possess liz_gen_5414]
 METHODS (liz_bulb):
[ ] 7. [scan][ ] 8. [eat][ ] 9. [breathe][ ] 10. [check_death][ ] 11. [train][ ] 12. [attack][ ] 13. [mate][ ] 14. [rest][ ] 15. [nothing][ ] 16. [ai][ ] 17. [release]
 LOG: Epoch 242 Complete.
 TURN SUMMARY: liz_bulb:breathe | liz_bulb:check_death | liz_char:breathe | liz_char:scan | liz_char:rest | liz_char:check_death | liz_gen_5414:breathe | liz_gen_5414:scan | liz_gen_5414:rest | liz_gen_5414:check_death | liz_bulb:train(pieces/world_tank_01/logs/epoch_242.txt) | liz_char:train(pieces/world_tank_01/logs/epoch_242.txt) | liz_gen_5414:train(pieces/world_tank_01/logs/epoch_242.txt)

+=========================================================+
Nav > _





--- FRAME UPDATE at 2026-06-20 02:43:56 ---
 [ SIM ACTIVE: RUNNING (1) ]
 [ ACTIVE ID: liz_bulb ]
 [ EPOCH: 245 ]
 [ STEPS: 68 ]
 PROJECT CONTROLS:
[>] 1. [[ START ]][ ] 2. [[ PAUSE ]][ ] 3. [[ STEP / END TURN ]]
 PET SWITCHER:
[ ] 4. [Possess liz_bulb][ ] 5. [Possess liz_char][ ] 6. [Possess liz_gen_5414]
 METHODS (liz_bulb):
[ ] 7. [scan][ ] 8. [eat][ ] 9. [breathe][ ] 10. [check_death][ ] 11. [train][ ] 12. [attack][ ] 13. [mate][ ] 14. [rest][ ] 15. [nothing][ ] 16. [ai][ ] 17. [release]
 LOG: Epoch 244 Complete.
 TURN SUMMARY: liz_bulb:breathe | liz_bulb:check_death | liz_char:breathe | liz_char:scan | liz_char:rest | liz_char:check_death | liz_gen_5414:breathe | liz_gen_5414:scan | liz_gen_5414:rest | liz_gen_5414:check_death | liz_bulb:train(pieces/world_tank_01/logs/epoch_244.txt) | liz_char:train(pieces/world_tank_01/logs/epoch_244.txt) | liz_gen_5414:train(pieces/world_tank_01/logs/epoch_244.txt)

+=========================================================+
Nav > _





--- FRAME UPDATE at 2026-06-20 02:43:57 ---
 [ SIM ACTIVE: RUNNING (1) ]
 [ ACTIVE ID: liz_bulb ]
 [ EPOCH: 247 ]
 [ STEPS: 69 ]
 PROJECT CONTROLS:
[>] 1. [[ START ]][ ] 2. [[ PAUSE ]][ ] 3. [[ STEP / END TURN ]]
 PET SWITCHER:
[ ] 4. [Possess liz_bulb][ ] 5. [Possess liz_char][ ] 6. [Possess liz_gen_5414]
 METHODS (liz_bulb):
[ ] 7. [scan][ ] 8. [eat][ ] 9. [breathe][ ] 10. [check_death][ ] 11. [train][ ] 12. [attack][ ] 13. [mate][ ] 14. [rest][ ] 15. [nothing][ ] 16. [ai][ ] 17. [release]
 LOG: Epoch 246 Complete.
 TURN SUMMARY: liz_bulb:breathe | liz_bulb:check_death | liz_char:breathe | liz_char:scan | liz_char:rest | liz_char:check_death | liz_gen_5414:breathe | liz_gen_5414:scan | liz_gen_5414:rest | liz_gen_5414:check_death | liz_bulb:train(pieces/world_tank_01/logs/epoch_246.txt) | liz_char:train(pieces/world_tank_01/logs/epoch_246.txt) | liz_gen_5414:train(pieces/world_tank_01/logs/epoch_246.txt)

+=========================================================+
Nav > _





--- FRAME UPDATE at 2026-06-20 02:43:57 ---
+===========================================================+
|                                                           |
|           C H T P M + O S   C L I   v2.0                 |
|                                                           |
|  CHTPM+OS Main Menu                                      |
|                                                           |
|  [>] 1. [Project Loader]                             |
|  [ ] 2. [App Store (Fondu)]                          |
|  [ ] 3. [Status]  [ ] 4. [GL-OS]                                          |
|  [ ] 5. [Process Monitor]                            |
|  [ ] 6. [Toggle Frame History (Current: )]                                         |
|  [ ] 7. [Help]                                            |
|                                                           |
+===========================================================+
|  Running Applications: None                               |
|  System Time: 08:00:00 | Turn: 0 | Key: None |
+===========================================================+
|                                                           |
|  $ | [ ] 8. []                                                 |                                                 |

+=========================================================+
Nav > _





--- FRAME UPDATE at 2026-06-20 02:43:57 ---
+===========================================================+
|                                                           |
|           C H T P M + O S   C L I   v2.0                 |
|                                                           |
|  CHTPM+OS Main Menu                                      |
|                                                           |
|  [>] 1. [Project Loader]                             |
|  [ ] 2. [App Store (Fondu)]                          |
|  [ ] 3. [Status]  [ ] 4. [GL-OS]                                          |
|  [ ] 5. [Process Monitor]                            |
|  [ ] 6. [Toggle Frame History (Current: )]                                         |
|  [ ] 7. [Help]                                            |
|                                                           |
+===========================================================+
|  Running Applications: None                               |
|  System Time: 08:00:00 | Turn: 0 | Key: None |
+===========================================================+
|                                                           |
|  $ | [ ] 8. []                                                 |                                                 |

+=========================================================+
Nav > _





--- FRAME UPDATE at 2026-06-20 02:43:57 ---
 [ SIM ACTIVE: RUNNING (1) ]
 [ ACTIVE ID: liz_bulb ]
 [ EPOCH: 249 ]
 [ STEPS: 70 ]
 PROJECT CONTROLS:
[>] 1. [[ START ]][ ] 2. [[ PAUSE ]][ ] 3. [[ STEP / END TURN ]]
 PET SWITCHER:
[ ] 4. [Possess liz_bulb][ ] 5. [Possess liz_char][ ] 6. [Possess liz_gen_5414]
 METHODS (liz_bulb):
[ ] 7. [scan][ ] 8. [eat][ ] 9. [breathe][ ] 10. [check_death][ ] 11. [train][ ] 12. [attack][ ] 13. [mate][ ] 14. [rest][ ] 15. [nothing][ ] 16. [ai][ ] 17. [release]
 LOG: Epoch 248 Complete.
 TURN SUMMARY: liz_bulb:breathe | liz_bulb:check_death | liz_char:breathe | liz_char:scan | liz_char:rest | liz_char:check_death | liz_gen_5414:breathe | liz_gen_5414:scan | liz_gen_5414:rest | liz_gen_5414:check_death | liz_bulb:train(pieces/world_tank_01/logs/epoch_248.txt) | liz_char:train(pieces/world_tank_01/logs/epoch_248.txt) | liz_gen_5414:train(pieces/world_tank_01/logs/epoch_248.txt)

+=========================================================+
Nav > _





--- FRAME UPDATE at 2026-06-20 02:43:57 ---
+===========================================================+
|                                                           |
|           C H T P M + O S   C L I   v2.0                 |
|                                                           |
|  CHTPM+OS Main Menu                                      |
|                                                           |
|  [>] 1. [Project Loader]                             |
|  [ ] 2. [App Store (Fondu)]                          |
|  [ ] 3. [Status]  [ ] 4. [GL-OS]                                          |
|  [ ] 5. [Process Monitor]                            |
|  [ ] 6. [Toggle Frame History (Current: )]                                         |
|  [ ] 7. [Help]                                            |
|                                                           |
+===========================================================+
|  Running Applications: None                               |
|  System Time: 08:00:00 | Turn: 0 | Key: None |
+===========================================================+
|                                                           |
|  $ | [ ] 8. []                                                 |                                                 |

+=========================================================+
Nav > _





--- FRAME UPDATE at 2026-06-20 02:43:57 ---
 [ SIM ACTIVE: RUNNING (1) ]
 [ ACTIVE ID: liz_bulb ]
 [ EPOCH: 251 ]
 [ STEPS: 71 ]
 PROJECT CONTROLS:
[>] 1. [[ START ]][ ] 2. [[ PAUSE ]][ ] 3. [[ STEP / END TURN ]]
 PET SWITCHER:
[ ] 4. [Possess liz_bulb][ ] 5. [Possess liz_char][ ] 6. [Possess liz_gen_5414]
 METHODS (liz_bulb):
[ ] 7. [scan][ ] 8. [eat][ ] 9. [breathe][ ] 10. [check_death][ ] 11. [train][ ] 12. [attack][ ] 13. [mate][ ] 14. [rest][ ] 15. [nothing][ ] 16. [ai][ ] 17. [release]
 LOG: Epoch 250 Complete.
 TURN SUMMARY: liz_bulb:breathe | liz_bulb:check_death | liz_char:breathe | liz_char:scan | liz_char:rest | liz_char:check_death | liz_gen_5414:breathe | liz_gen_5414:scan | liz_gen_5414:rest | liz_gen_5414:check_death | liz_bulb:train(pieces/world_tank_01/logs/epoch_250.txt) | liz_char:train(pieces/world_tank_01/logs/epoch_250.txt) | liz_gen_5414:train(pieces/world_tank_01/logs/epoch_250.txt)

+=========================================================+
Nav > _





--- FRAME UPDATE at 2026-06-20 02:43:57 ---
+===========================================================+
|                                                           |
|           C H T P M + O S   C L I   v2.0                 |
|                                                           |
|  CHTPM+OS Main Menu                                      |
|                                                           |
|  [>] 1. [Project Loader]                             |
|  [ ] 2. [App Store (Fondu)]                          |
|  [ ] 3. [Status]  [ ] 4. [GL-OS]                                          |
|  [ ] 5. [Process Monitor]                            |
|  [ ] 6. [Toggle Frame History (Current: )]                                         |
|  [ ] 7. [Help]                                            |
|                                                           |
+===========================================================+
|  Running Applications: None                               |
|  System Time: 08:00:00 | Turn: 0 | Key: None |
+===========================================================+
|                                                           |
|  $ | [ ] 8. []                                                 |                                                 |

+=========================================================+
Nav > _





--- FRAME UPDATE at 2026-06-20 02:43:57 ---
 [ SIM ACTIVE: RUNNING (1) ]
 [ ACTIVE ID: liz_bulb ]
 [ EPOCH: 253 ]
 [ STEPS: 72 ]
 PROJECT CONTROLS:
[>] 1. [[ START ]][ ] 2. [[ PAUSE ]][ ] 3. [[ STEP / END TURN ]]
 PET SWITCHER:
[ ] 4. [Possess liz_bulb][ ] 5. [Possess liz_char][ ] 6. [Possess liz_gen_5414]
 METHODS (liz_bulb):
[ ] 7. [scan][ ] 8. [eat][ ] 9. [breathe][ ] 10. [check_death][ ] 11. [train][ ] 12. [attack][ ] 13. [mate][ ] 14. [rest][ ] 15. [nothing][ ] 16. [ai][ ] 17. [release]
 LOG: Epoch 252 Complete.
 TURN SUMMARY: liz_bulb:breathe | liz_bulb:check_death | liz_char:breathe | liz_char:scan | liz_char:rest | liz_char:check_death | liz_gen_5414:breathe | liz_gen_5414:scan | liz_gen_5414:rest | liz_gen_5414:check_death | liz_bulb:train(pieces/world_tank_01/logs/epoch_252.txt) | liz_char:train(pieces/world_tank_01/logs/epoch_252.txt) | liz_gen_5414:train(pieces/world_tank_01/logs/epoch_252.txt)

+=========================================================+
Nav > _





--- FRAME UPDATE at 2026-06-20 02:43:57 ---
 [ SIM ACTIVE: RUNNING (1) ]
 [ ACTIVE ID: liz_bulb ]
 [ EPOCH: 255 ]
 [ STEPS: 73 ]
 PROJECT CONTROLS:
[>] 1. [[ START ]][ ] 2. [[ PAUSE ]][ ] 3. [[ STEP / END TURN ]]
 PET SWITCHER:
[ ] 4. [Possess liz_bulb][ ] 5. [Possess liz_char][ ] 6. [Possess liz_gen_5414]
 METHODS (liz_bulb):
[ ] 7. [scan][ ] 8. [eat][ ] 9. [breathe][ ] 10. [check_death][ ] 11. [train][ ] 12. [attack][ ] 13. [mate][ ] 14. [rest][ ] 15. [nothing][ ] 16. [ai][ ] 17. [release]
 LOG: Epoch 254 Complete.
 TURN SUMMARY: liz_bulb:breathe | liz_bulb:check_death | liz_char:breathe | liz_char:scan | liz_char:rest | liz_char:check_death | liz_gen_5414:breathe | liz_gen_5414:scan | liz_gen_5414:rest | liz_gen_5414:check_death | liz_bulb:train(pieces/world_tank_01/logs/epoch_254.txt) | liz_char:train(pieces/world_tank_01/logs/epoch_254.txt) | liz_gen_5414:train(pieces/world_tank_01/logs/epoch_254.txt)

+=========================================================+
Nav > _





--- FRAME UPDATE at 2026-06-20 02:43:58 ---
 [ SIM ACTIVE: RUNNING (1) ]
 [ ACTIVE ID: liz_bulb ]
 [ EPOCH: 257 ]
 [ STEPS: 74 ]
 PROJECT CONTROLS:
[>] 1. [[ START ]][ ] 2. [[ PAUSE ]][ ] 3. [[ STEP / END TURN ]]
 PET SWITCHER:
[ ] 4. [Possess liz_bulb][ ] 5. [Possess liz_char][ ] 6. [Possess liz_gen_5414]
 METHODS (liz_bulb):
[ ] 7. [scan][ ] 8. [eat][ ] 9. [breathe][ ] 10. [check_death][ ] 11. [train][ ] 12. [attack][ ] 13. [mate][ ] 14. [rest][ ] 15. [nothing][ ] 16. [ai][ ] 17. [release]
 LOG: Epoch 256 Complete.
 TURN SUMMARY: liz_bulb:breathe | liz_bulb:check_death | liz_char:breathe | liz_char:scan | liz_char:rest | liz_char:check_death | liz_gen_5414:breathe | liz_gen_5414:scan | liz_gen_5414:rest | liz_gen_5414:check_death | liz_bulb:train(pieces/world_tank_01/logs/epoch_256.txt) | liz_char:train(pieces/world_tank_01/logs/epoch_256.txt) | liz_gen_5414:train(pieces/world_tank_01/logs/epoch_256.txt)

+=========================================================+
Nav > _





--- FRAME UPDATE at 2026-06-20 02:43:58 ---
+===========================================================+
|                                                           |
|           C H T P M + O S   C L I   v2.0                 |
|                                                           |
|  CHTPM+OS Main Menu                                      |
|                                                           |
|  [>] 1. [Project Loader]                             |
|  [ ] 2. [App Store (Fondu)]                          |
|  [ ] 3. [Status]  [ ] 4. [GL-OS]                                          |
|  [ ] 5. [Process Monitor]                            |
|  [ ] 6. [Toggle Frame History (Current: )]                                         |
|  [ ] 7. [Help]                                            |
|                                                           |
+===========================================================+
|  Running Applications: None                               |
|  System Time: 08:00:00 | Turn: 0 | Key: None |
+===========================================================+
|                                                           |
|  $ | [ ] 8. []                                                 |                                                 |

+=========================================================+
Nav > _





--- FRAME UPDATE at 2026-06-20 02:43:58 ---
 [ SIM ACTIVE: RUNNING (1) ]
 [ ACTIVE ID: liz_bulb ]
 [ EPOCH: 259 ]
 [ STEPS: 75 ]
 PROJECT CONTROLS:
[>] 1. [[ START ]][ ] 2. [[ PAUSE ]][ ] 3. [[ STEP / END TURN ]]
 PET SWITCHER:
[ ] 4. [Possess liz_bulb][ ] 5. [Possess liz_char][ ] 6. [Possess liz_gen_5414]
 METHODS (liz_bulb):
[ ] 7. [scan][ ] 8. [eat][ ] 9. [breathe][ ] 10. [check_death][ ] 11. [train][ ] 12. [attack][ ] 13. [mate][ ] 14. [rest][ ] 15. [nothing][ ] 16. [ai][ ] 17. [release]
 LOG: Epoch 258 Complete.
 TURN SUMMARY: liz_bulb:breathe | liz_bulb:check_death | liz_char:breathe | liz_char:scan | liz_char:rest | liz_char:check_death | liz_gen_5414:breathe | liz_gen_5414:scan | liz_gen_5414:rest | liz_gen_5414:check_death | liz_bulb:train(pieces/world_tank_01/logs/epoch_258.txt) | liz_char:train(pieces/world_tank_01/logs/epoch_258.txt) | liz_gen_5414:train(pieces/world_tank_01/logs/epoch_258.txt)

+=========================================================+
Nav > _





--- FRAME UPDATE at 2026-06-20 02:43:58 ---
 [ SIM ACTIVE: RUNNING (1) ]
 [ ACTIVE ID: liz_bulb ]
 [ EPOCH: 261 ]
 [ STEPS: 76 ]
 PROJECT CONTROLS:
[>] 1. [[ START ]][ ] 2. [[ PAUSE ]][ ] 3. [[ STEP / END TURN ]]
 PET SWITCHER:
[ ] 4. [Possess liz_bulb][ ] 5. [Possess liz_char][ ] 6. [Possess liz_gen_5414]
 METHODS (liz_bulb):
[ ] 7. [scan][ ] 8. [eat][ ] 9. [breathe][ ] 10. [check_death][ ] 11. [train][ ] 12. [attack][ ] 13. [mate][ ] 14. [rest][ ] 15. [nothing][ ] 16. [ai][ ] 17. [release]
 LOG: Epoch 260 Complete.
 TURN SUMMARY: liz_bulb:breathe | liz_bulb:check_death | liz_char:breathe | liz_char:scan | liz_char:rest | liz_char:check_death | liz_gen_5414:breathe | liz_gen_5414:scan | liz_gen_5414:rest | liz_gen_5414:check_death | liz_bulb:train(pieces/world_tank_01/logs/epoch_260.txt) | liz_char:train(pieces/world_tank_01/logs/epoch_260.txt) | liz_gen_5414:train(pieces/world_tank_01/logs/epoch_260.txt)

+=========================================================+
Nav > _





--- FRAME UPDATE at 2026-06-20 02:43:58 ---
 [ SIM ACTIVE: RUNNING (1) ]
 [ ACTIVE ID: liz_bulb ]
 [ EPOCH: 263 ]
 [ STEPS: 77 ]
 PROJECT CONTROLS:
[>] 1. [[ START ]][ ] 2. [[ PAUSE ]][ ] 3. [[ STEP / END TURN ]]
 PET SWITCHER:
[ ] 4. [Possess liz_bulb][ ] 5. [Possess liz_char][ ] 6. [Possess liz_gen_5414]
 METHODS (liz_bulb):
[ ] 7. [scan][ ] 8. [eat][ ] 9. [breathe][ ] 10. [check_death][ ] 11. [train][ ] 12. [attack][ ] 13. [mate][ ] 14. [rest][ ] 15. [nothing][ ] 16. [ai][ ] 17. [release]
 LOG: Epoch 262 Complete.
 TURN SUMMARY: liz_bulb:breathe | liz_bulb:check_death | liz_char:breathe | liz_char:scan | liz_char:rest | liz_char:check_death | liz_gen_5414:breathe | liz_gen_5414:scan | liz_gen_5414:rest | liz_gen_5414:check_death | liz_bulb:train(pieces/world_tank_01/logs/epoch_262.txt) | liz_char:train(pieces/world_tank_01/logs/epoch_262.txt) | liz_gen_5414:train(pieces/world_tank_01/logs/epoch_262.txt)

+=========================================================+
Nav > _





--- FRAME UPDATE at 2026-06-20 02:43:58 ---
 [ SIM ACTIVE: RUNNING (1) ]
 [ ACTIVE ID: liz_bulb ]
 [ EPOCH: 265 ]
 [ STEPS: 78 ]
 PROJECT CONTROLS:
[>] 1. [[ START ]][ ] 2. [[ PAUSE ]][ ] 3. [[ STEP / END TURN ]]
 PET SWITCHER:
[ ] 4. [Possess liz_bulb][ ] 5. [Possess liz_char][ ] 6. [Possess liz_gen_5414]
 METHODS (liz_bulb):
[ ] 7. [scan][ ] 8. [eat][ ] 9. [breathe][ ] 10. [check_death][ ] 11. [train][ ] 12. [attack][ ] 13. [mate][ ] 14. [rest][ ] 15. [nothing][ ] 16. [ai][ ] 17. [release]
 LOG: Epoch 264 Complete.
 TURN SUMMARY: liz_bulb:breathe | liz_bulb:check_death | liz_char:breathe | liz_char:scan | liz_char:rest | liz_char:check_death | liz_gen_5414:breathe | liz_gen_5414:scan | liz_gen_5414:rest | liz_gen_5414:check_death | liz_bulb:train(pieces/world_tank_01/logs/epoch_264.txt) | liz_char:train(pieces/world_tank_01/logs/epoch_264.txt) | liz_gen_5414:train(pieces/world_tank_01/logs/epoch_264.txt)

+=========================================================+
Nav > _





--- FRAME UPDATE at 2026-06-20 02:43:58 ---
+===========================================================+
|                                                           |
|           C H T P M + O S   C L I   v2.0                 |
|                                                           |
|  CHTPM+OS Main Menu                                      |
|                                                           |
|  [>] 1. [Project Loader]                             |
|  [ ] 2. [App Store (Fondu)]                          |
|  [ ] 3. [Status]  [ ] 4. [GL-OS]                                          |
|  [ ] 5. [Process Monitor]                            |
|  [ ] 6. [Toggle Frame History (Current: )]                                         |
|  [ ] 7. [Help]                                            |
|                                                           |
+===========================================================+
|  Running Applications: None                               |
|  System Time: 08:00:00 | Turn: 0 | Key: None |
+===========================================================+
|                                                           |
|  $ | [ ] 8. []                                                 |                                                 |

+=========================================================+
Nav > _





--- FRAME UPDATE at 2026-06-20 02:43:58 ---
+===========================================================+
|                                                           |
|           C H T P M + O S   C L I   v2.0                 |
|                                                           |
|  CHTPM+OS Main Menu                                      |
|                                                           |
|  [>] 1. [Project Loader]                             |
|  [ ] 2. [App Store (Fondu)]                          |
|  [ ] 3. [Status]  [ ] 4. [GL-OS]                                          |
|  [ ] 5. [Process Monitor]                            |
|  [ ] 6. [Toggle Frame History (Current: )]                                         |
|  [ ] 7. [Help]                                            |
|                                                           |
+===========================================================+
|  Running Applications: None                               |
|  System Time: 08:00:00 | Turn: 0 | Key: None |
+===========================================================+
|                                                           |
|  $ | [ ] 8. []                                                 |                                                 |

+=========================================================+
Nav > _





--- FRAME UPDATE at 2026-06-20 02:43:59 ---
+===========================================================+
|                                                           |
|           C H T P M + O S   C L I   v2.0                 |
|                                                           |
|  CHTPM+OS Main Menu                                      |
|                                                           |
|  [>] 1. [Project Loader]                             |
|  [ ] 2. [App Store (Fondu)]                          |
|  [ ] 3. [Status]  [ ] 4. [GL-OS]                                          |
|  [ ] 5. [Process Monitor]                            |
|  [ ] 6. [Toggle Frame History (Current: )]                                         |
|  [ ] 7. [Help]                                            |
|                                                           |
+===========================================================+
|  Running Applications: None                               |
|  System Time: 08:00:00 | Turn: 0 | Key: None |
+===========================================================+
|                                                           |
|  $ | [ ] 8. []                                                 |                                                 |

+=========================================================+
Nav > _





--- FRAME UPDATE at 2026-06-20 02:43:59 ---
+===========================================================+
|                                                           |
|           C H T P M + O S   C L I   v2.0                 |
|                                                           |
|  CHTPM+OS Main Menu                                      |
|                                                           |
|  [>] 1. [Project Loader]                             |
|  [ ] 2. [App Store (Fondu)]                          |
|  [ ] 3. [Status]  [ ] 4. [GL-OS]                                          |
|  [ ] 5. [Process Monitor]                            |
|  [ ] 6. [Toggle Frame History (Current: )]                                         |
|  [ ] 7. [Help]                                            |
|                                                           |
+===========================================================+
|  Running Applications: None                               |
|  System Time: 08:00:00 | Turn: 0 | Key: None |
+===========================================================+
|                                                           |
|  $ | [ ] 8. []                                                 |                                                 |

+=========================================================+
Nav > _





--- FRAME UPDATE at 2026-06-20 02:43:59 ---
 [ SIM ACTIVE: RUNNING (1) ]
 [ ACTIVE ID: liz_bulb ]
 [ EPOCH: 271 ]
 [ STEPS: 81 ]
 PROJECT CONTROLS:
[>] 1. [[ START ]][ ] 2. [[ PAUSE ]][ ] 3. [[ STEP / END TURN ]]
 PET SWITCHER:
[ ] 4. [Possess liz_bulb][ ] 5. [Possess liz_char][ ] 6. [Possess liz_gen_5414]
 METHODS (liz_bulb):
[ ] 7. [scan][ ] 8. [eat][ ] 9. [breathe][ ] 10. [check_death][ ] 11. [train][ ] 12. [attack][ ] 13. [mate][ ] 14. [rest][ ] 15. [nothing][ ] 16. [ai][ ] 17. [release]
 LOG: Epoch 270 Complete.
 TURN SUMMARY: liz_bulb:breathe | liz_bulb:check_death | liz_char:breathe | liz_char:scan | liz_char:rest | liz_char:check_death | liz_gen_5414:breathe | liz_gen_5414:scan | liz_gen_5414:rest | liz_gen_5414:check_death | liz_bulb:train(pieces/world_tank_01/logs/epoch_270.txt) | liz_char:train(pieces/world_tank_01/logs/epoch_270.txt) | liz_gen_5414:train(pieces/world_tank_01/logs/epoch_270.txt)

+=========================================================+
Nav > _





--- FRAME UPDATE at 2026-06-20 02:43:59 ---
+===========================================================+
|                                                           |
|           C H T P M + O S   C L I   v2.0                 |
|                                                           |
|  CHTPM+OS Main Menu                                      |
|                                                           |
|  [>] 1. [Project Loader]                             |
|  [ ] 2. [App Store (Fondu)]                          |
|  [ ] 3. [Status]  [ ] 4. [GL-OS]                                          |
|  [ ] 5. [Process Monitor]                            |
|  [ ] 6. [Toggle Frame History (Current: )]                                         |
|  [ ] 7. [Help]                                            |
|                                                           |
+===========================================================+
|  Running Applications: None                               |
|  System Time: 08:00:00 | Turn: 0 | Key: None |
+===========================================================+
|                                                           |
|  $ | [ ] 8. []                                                 |                                                 |

+=========================================================+
Nav > _





--- FRAME UPDATE at 2026-06-20 02:43:59 ---
 [ SIM ACTIVE: RUNNING (1) ]
 [ ACTIVE ID: liz_bulb ]
 [ EPOCH: 273 ]
 [ STEPS: 82 ]
 PROJECT CONTROLS:
[>] 1. [[ START ]][ ] 2. [[ PAUSE ]][ ] 3. [[ STEP / END TURN ]]
 PET SWITCHER:
[ ] 4. [Possess liz_bulb][ ] 5. [Possess liz_char][ ] 6. [Possess liz_gen_5414]
 METHODS (liz_bulb):
[ ] 7. [scan][ ] 8. [eat][ ] 9. [breathe][ ] 10. [check_death][ ] 11. [train][ ] 12. [attack][ ] 13. [mate][ ] 14. [rest][ ] 15. [nothing][ ] 16. [ai][ ] 17. [release]
 LOG: Epoch 272 Complete.
 TURN SUMMARY: liz_bulb:breathe | liz_bulb:check_death | liz_char:breathe | liz_char:scan | liz_char:rest | liz_char:check_death | liz_gen_5414:breathe | liz_gen_5414:scan | liz_gen_5414:rest | liz_gen_5414:check_death | liz_bulb:train(pieces/world_tank_01/logs/epoch_272.txt) | liz_char:train(pieces/world_tank_01/logs/epoch_272.txt) | liz_gen_5414:train(pieces/world_tank_01/logs/epoch_272.txt)

+=========================================================+
Nav > _





--- FRAME UPDATE at 2026-06-20 02:43:59 ---
 [ SIM ACTIVE: RUNNING (1) ]
 [ ACTIVE ID: liz_bulb ]
 [ EPOCH: 275 ]
 [ STEPS: 83 ]
 PROJECT CONTROLS:
[>] 1. [[ START ]][ ] 2. [[ PAUSE ]][ ] 3. [[ STEP / END TURN ]]
 PET SWITCHER:
[ ] 4. [Possess liz_bulb][ ] 5. [Possess liz_char][ ] 6. [Possess liz_gen_5414]
 METHODS (liz_bulb):
[ ] 7. [scan][ ] 8. [eat][ ] 9. [breathe][ ] 10. [check_death][ ] 11. [train][ ] 12. [attack][ ] 13. [mate][ ] 14. [rest][ ] 15. [nothing][ ] 16. [ai][ ] 17. [release]
 LOG: Epoch 274 Complete.
 TURN SUMMARY: liz_bulb:breathe | liz_bulb:check_death | liz_char:breathe | liz_char:scan | liz_char:rest | liz_char:check_death | liz_gen_5414:breathe | liz_gen_5414:scan | liz_gen_5414:rest | liz_gen_5414:check_death | liz_bulb:train(pieces/world_tank_01/logs/epoch_274.txt) | liz_char:train(pieces/world_tank_01/logs/epoch_274.txt) | liz_gen_5414:train(pieces/world_tank_01/logs/epoch_274.txt)

+=========================================================+
Nav > _





--- FRAME UPDATE at 2026-06-20 02:43:59 ---
 [ SIM ACTIVE: RUNNING (1) ]
 [ ACTIVE ID: liz_bulb ]
 [ EPOCH: 277 ]
 [ STEPS: 84 ]
 PROJECT CONTROLS:
[>] 1. [[ START ]][ ] 2. [[ PAUSE ]][ ] 3. [[ STEP / END TURN ]]
 PET SWITCHER:
[ ] 4. [Possess liz_bulb][ ] 5. [Possess liz_char][ ] 6. [Possess liz_gen_5414]
 METHODS (liz_bulb):
[ ] 7. [scan][ ] 8. [eat][ ] 9. [breathe][ ] 10. [check_death][ ] 11. [train][ ] 12. [attack][ ] 13. [mate][ ] 14. [rest][ ] 15. [nothing][ ] 16. [ai][ ] 17. [release]
 LOG: Epoch 276 Complete.
 TURN SUMMARY: liz_bulb:breathe | liz_bulb:check_death | liz_char:breathe | liz_char:scan | liz_char:rest | liz_char:check_death | liz_gen_5414:breathe | liz_gen_5414:scan | liz_gen_5414:rest | liz_gen_5414:check_death | liz_bulb:train(pieces/world_tank_01/logs/epoch_276.txt) | liz_char:train(pieces/world_tank_01/logs/epoch_276.txt) | liz_gen_5414:train(pieces/world_tank_01/logs/epoch_276.txt)

+=========================================================+
Nav > _





--- FRAME UPDATE at 2026-06-20 02:43:59 ---
+===========================================================+
|                                                           |
|           C H T P M + O S   C L I   v2.0                 |
|                                                           |
|  CHTPM+OS Main Menu                                      |
|                                                           |
|  [>] 1. [Project Loader]                             |
|  [ ] 2. [App Store (Fondu)]                          |
|  [ ] 3. [Status]  [ ] 4. [GL-OS]                                          |
|  [ ] 5. [Process Monitor]                            |
|  [ ] 6. [Toggle Frame History (Current: )]                                         |
|  [ ] 7. [Help]                                            |
|                                                           |
+===========================================================+
|  Running Applications: None                               |
|  System Time: 08:00:00 | Turn: 0 | Key: None |
+===========================================================+
|                                                           |
|  $ | [ ] 8. []                                                 |                                                 |

+=========================================================+
Nav > _





--- FRAME UPDATE at 2026-06-20 02:44:00 ---
 [ SIM ACTIVE: RUNNING (1) ]
 [ ACTIVE ID: liz_bulb ]
 [ EPOCH: 279 ]
 [ STEPS: 85 ]
 PROJECT CONTROLS:
[>] 1. [[ START ]][ ] 2. [[ PAUSE ]][ ] 3. [[ STEP / END TURN ]]
 PET SWITCHER:
[ ] 4. [Possess liz_bulb][ ] 5. [Possess liz_char][ ] 6. [Possess liz_gen_5414]
 METHODS (liz_bulb):
[ ] 7. [scan][ ] 8. [eat][ ] 9. [breathe][ ] 10. [check_death][ ] 11. [train][ ] 12. [attack][ ] 13. [mate][ ] 14. [rest][ ] 15. [nothing][ ] 16. [ai][ ] 17. [release]
 LOG: Epoch 278 Complete.
 TURN SUMMARY: liz_bulb:breathe | liz_bulb:check_death | liz_char:breathe | liz_char:scan | liz_char:rest | liz_char:check_death | liz_gen_5414:breathe | liz_gen_5414:scan | liz_gen_5414:rest | liz_gen_5414:check_death | liz_bulb:train(pieces/world_tank_01/logs/epoch_278.txt) | liz_char:train(pieces/world_tank_01/logs/epoch_278.txt) | liz_gen_5414:train(pieces/world_tank_01/logs/epoch_278.txt)

+=========================================================+
Nav > _





--- FRAME UPDATE at 2026-06-20 02:44:00 ---
+===========================================================+
|                                                           |
|           C H T P M + O S   C L I   v2.0                 |
|                                                           |
|  CHTPM+OS Main Menu                                      |
|                                                           |
|  [>] 1. [Project Loader]                             |
|  [ ] 2. [App Store (Fondu)]                          |
|  [ ] 3. [Status]  [ ] 4. [GL-OS]                                          |
|  [ ] 5. [Process Monitor]                            |
|  [ ] 6. [Toggle Frame History (Current: )]                                         |
|  [ ] 7. [Help]                                            |
|                                                           |
+===========================================================+
|  Running Applications: None                               |
|  System Time: 08:00:00 | Turn: 0 | Key: None |
+===========================================================+
|                                                           |
|  $ | [ ] 8. []                                                 |                                                 |

+=========================================================+
Nav > _





--- FRAME UPDATE at 2026-06-20 02:44:00 ---
 [ SIM ACTIVE: RUNNING (1) ]
 [ ACTIVE ID: liz_bulb ]
 [ EPOCH: 281 ]
 [ STEPS: 86 ]
 PROJECT CONTROLS:
[>] 1. [[ START ]][ ] 2. [[ PAUSE ]][ ] 3. [[ STEP / END TURN ]]
 PET SWITCHER:
[ ] 4. [Possess liz_bulb][ ] 5. [Possess liz_char][ ] 6. [Possess liz_gen_5414]
 METHODS (liz_bulb):
[ ] 7. [scan][ ] 8. [eat][ ] 9. [breathe][ ] 10. [check_death][ ] 11. [train][ ] 12. [attack][ ] 13. [mate][ ] 14. [rest][ ] 15. [nothing][ ] 16. [ai][ ] 17. [release]
 LOG: Epoch 280 Complete.
 TURN SUMMARY: liz_bulb:breathe | liz_bulb:check_death | liz_char:breathe | liz_char:scan | liz_char:rest | liz_char:check_death | liz_gen_5414:breathe | liz_gen_5414:scan | liz_gen_5414:rest | liz_gen_5414:check_death | liz_bulb:train(pieces/world_tank_01/logs/epoch_280.txt) | liz_char:train(pieces/world_tank_01/logs/epoch_280.txt) | liz_gen_5414:train(pieces/world_tank_01/logs/epoch_280.txt)

+=========================================================+
Nav > _





--- FRAME UPDATE at 2026-06-20 02:44:00 ---
 [ SIM ACTIVE: RUNNING (1) ]
 [ ACTIVE ID: liz_bulb ]
 [ EPOCH: 283 ]
 [ STEPS: 87 ]
 PROJECT CONTROLS:
[>] 1. [[ START ]][ ] 2. [[ PAUSE ]][ ] 3. [[ STEP / END TURN ]]
 PET SWITCHER:
[ ] 4. [Possess liz_bulb][ ] 5. [Possess liz_char][ ] 6. [Possess liz_gen_5414]
 METHODS (liz_bulb):
[ ] 7. [scan][ ] 8. [eat][ ] 9. [breathe][ ] 10. [check_death][ ] 11. [train][ ] 12. [attack][ ] 13. [mate][ ] 14. [rest][ ] 15. [nothing][ ] 16. [ai][ ] 17. [release]
 LOG: Epoch 282 Complete.
 TURN SUMMARY: liz_bulb:breathe | liz_bulb:check_death | liz_char:breathe | liz_char:scan | liz_char:rest | liz_char:check_death | liz_gen_5414:breathe | liz_gen_5414:scan | liz_gen_5414:rest | liz_gen_5414:check_death | liz_bulb:train(pieces/world_tank_01/logs/epoch_282.txt) | liz_char:train(pieces/world_tank_01/logs/epoch_282.txt) | liz_gen_5414:train(pieces/world_tank_01/logs/epoch_282.txt)

+=========================================================+
Nav > _





--- FRAME UPDATE at 2026-06-20 02:44:00 ---
+===========================================================+
|                                                           |
|           C H T P M + O S   C L I   v2.0                 |
|                                                           |
|  CHTPM+OS Main Menu                                      |
|                                                           |
|  [>] 1. [Project Loader]                             |
|  [ ] 2. [App Store (Fondu)]                          |
|  [ ] 3. [Status]  [ ] 4. [GL-OS]                                          |
|  [ ] 5. [Process Monitor]                            |
|  [ ] 6. [Toggle Frame History (Current: )]                                         |
|  [ ] 7. [Help]                                            |
|                                                           |
+===========================================================+
|  Running Applications: None                               |
|  System Time: 08:00:00 | Turn: 0 | Key: None |
+===========================================================+
|                                                           |
|  $ | [ ] 8. []                                                 |                                                 |

+=========================================================+
Nav > _





--- FRAME UPDATE at 2026-06-20 02:44:00 ---
+===========================================================+
|                                                           |
|           C H T P M + O S   C L I   v2.0                 |
|                                                           |
|  CHTPM+OS Main Menu                                      |
|                                                           |
|  [>] 1. [Project Loader]                             |
|  [ ] 2. [App Store (Fondu)]                          |
|  [ ] 3. [Status]  [ ] 4. [GL-OS]                                          |
|  [ ] 5. [Process Monitor]                            |
|  [ ] 6. [Toggle Frame History (Current: )]                                         |
|  [ ] 7. [Help]                                            |
|                                                           |
+===========================================================+
|  Running Applications: None                               |
|  System Time: 08:00:00 | Turn: 0 | Key: None |
+===========================================================+
|                                                           |
|  $ | [ ] 8. []                                                 |                                                 |

+=========================================================+
Nav > _





--- FRAME UPDATE at 2026-06-20 02:44:01 ---
+===========================================================+
|                                                           |
|           C H T P M + O S   C L I   v2.0                 |
|                                                           |
|  CHTPM+OS Main Menu                                      |
|                                                           |
|  [>] 1. [Project Loader]                             |
|  [ ] 2. [App Store (Fondu)]                          |
|  [ ] 3. [Status]  [ ] 4. [GL-OS]                                          |
|  [ ] 5. [Process Monitor]                            |
|  [ ] 6. [Toggle Frame History (Current: )]                                         |
|  [ ] 7. [Help]                                            |
|                                                           |
+===========================================================+
|  Running Applications: None                               |
|  System Time: 08:00:00 | Turn: 0 | Key: None |
+===========================================================+
|                                                           |
|  $ | [ ] 8. []                                                 |                                                 |

+=========================================================+
Nav > _





--- FRAME UPDATE at 2026-06-20 02:44:01 ---
+===========================================================+
|                                                           |
|           C H T P M + O S   C L I   v2.0                 |
|                                                           |
|  CHTPM+OS Main Menu                                      |
|                                                           |
|  [>] 1. [Project Loader]                             |
|  [ ] 2. [App Store (Fondu)]                          |
|  [ ] 3. [Status]  [ ] 4. [GL-OS]                                          |
|  [ ] 5. [Process Monitor]                            |
|  [ ] 6. [Toggle Frame History (Current: )]                                         |
|  [ ] 7. [Help]                                            |
|                                                           |
+===========================================================+
|  Running Applications: None                               |
|  System Time: 08:00:00 | Turn: 0 | Key: None |
+===========================================================+
|                                                           |
|  $ | [ ] 8. []                                                 |                                                 |

+=========================================================+
Nav > _





--- FRAME UPDATE at 2026-06-20 02:44:01 ---
 [ SIM ACTIVE: RUNNING (1) ]
 [ ACTIVE ID: liz_bulb ]
 [ EPOCH: 291 ]
 [ STEPS: 91 ]
 PROJECT CONTROLS:
[>] 1. [[ START ]][ ] 2. [[ PAUSE ]][ ] 3. [[ STEP / END TURN ]]
 PET SWITCHER:
[ ] 4. [Possess liz_bulb][ ] 5. [Possess liz_char][ ] 6. [Possess liz_gen_5414]
 METHODS (liz_bulb):
[ ] 7. [scan][ ] 8. [eat][ ] 9. [breathe][ ] 10. [check_death][ ] 11. [train][ ] 12. [attack][ ] 13. [mate][ ] 14. [rest][ ] 15. [nothing][ ] 16. [ai][ ] 17. [release]
 LOG: Epoch 290 Complete.
 TURN SUMMARY: liz_bulb:breathe | liz_bulb:check_death | liz_char:breathe | liz_char:scan | liz_char:rest | liz_char:check_death | liz_gen_5414:breathe | liz_gen_5414:scan | liz_gen_5414:rest | liz_gen_5414:check_death | liz_bulb:train(pieces/world_tank_01/logs/epoch_290.txt) | liz_char:train(pieces/world_tank_01/logs/epoch_290.txt) | liz_gen_5414:train(pieces/world_tank_01/logs/epoch_290.txt)

+=========================================================+
Nav > _





--- FRAME UPDATE at 2026-06-20 02:44:01 ---
+===========================================================+
|                                                           |
|           C H T P M + O S   C L I   v2.0                 |
|                                                           |
|  CHTPM+OS Main Menu                                      |
|                                                           |
|  [>] 1. [Project Loader]                             |
|  [ ] 2. [App Store (Fondu)]                          |
|  [ ] 3. [Status]  [ ] 4. [GL-OS]                                          |
|  [ ] 5. [Process Monitor]                            |
|  [ ] 6. [Toggle Frame History (Current: )]                                         |
|  [ ] 7. [Help]                                            |
|                                                           |
+===========================================================+
|  Running Applications: None                               |
|  System Time: 08:00:00 | Turn: 0 | Key: None |
+===========================================================+
|                                                           |
|  $ | [ ] 8. []                                                 |                                                 |

+=========================================================+
Nav > _





--- FRAME UPDATE at 2026-06-20 02:44:01 ---





--- FRAME UPDATE at 2026-06-20 02:44:01 ---
+===========================================================+
|                                                           |
|           C H T P M + O S   C L I   v2.0                 |
|                                                           |
|  CHTPM+OS Main Menu                                      |
|                                                           |
|  [>] 1. [Project Loader]                             |
|  [ ] 2. [App Store (Fondu)]                          |
|  [ ] 3. [Status]  [ ] 4. [GL-OS]                                          |
|  [ ] 5. [Process Monitor]                            |
|  [ ] 6. [Toggle Frame History (Current: )]                                         |
|  [ ] 7. [Help]                                            |
|                                                           |
+===========================================================+
|  Running Applications: None                               |
|  System Time: 08:00:00 | Turn: 0 | Key: None |
+===========================================================+
|                                                           |
|  $ | [ ] 8. []                                                 |                                                 |

+=========================================================+
Nav > _





--- FRAME UPDATE at 2026-06-20 02:44:01 ---
 [ SIM ACTIVE: RUNNING (1) ]
 [ ACTIVE ID: liz_bulb ]
 [ EPOCH: 297 ]
 [ STEPS: 94 ]
 PROJECT CONTROLS:
[>] 1. [[ START ]][ ] 2. [[ PAUSE ]][ ] 3. [[ STEP / END TURN ]]
 PET SWITCHER:
[ ] 4. [Possess liz_bulb][ ] 5. [Possess liz_char][ ] 6. [Possess liz_gen_5414]
 METHODS (liz_bulb):
[ ] 7. [scan][ ] 8. [eat][ ] 9. [breathe][ ] 10. [check_death][ ] 11. [train][ ] 12. [attack][ ] 13. [mate][ ] 14. [rest][ ] 15. [nothing][ ] 16. [ai][ ] 17. [release]
 LOG: Epoch 296 Complete.
 TURN SUMMARY: liz_bulb:breathe | liz_bulb:check_death | liz_char:breathe | liz_char:scan | liz_char:rest | liz_char:check_death | liz_gen_5414:breathe | liz_gen_5414:scan | liz_gen_5414:rest | liz_gen_5414:check_death | liz_bulb:train(pieces/world_tank_01/logs/epoch_296.txt) | liz_char:train(pieces/world_tank_01/logs/epoch_296.txt) | liz_gen_5414:train(pieces/world_tank_01/logs/epoch_296.txt)

+=========================================================+
Nav > _





--- FRAME UPDATE at 2026-06-20 02:44:01 ---
+===========================================================+
|                                                           |
|           C H T P M + O S   C L I   v2.0                 |
|                                                           |
|  CHTPM+OS Main Menu                                      |
|                                                           |
|  [>] 1. [Project Loader]                             |
|  [ ] 2. [App Store (Fondu)]                          |
|  [ ] 3. [Status]  [ ] 4. [GL-OS]                                          |
|  [ ] 5. [Process Monitor]                            |
|  [ ] 6. [Toggle Frame History (Current: )]                                         |
|  [ ] 7. [Help]                                            |
|                                                           |
+===========================================================+
|  Running Applications: None                               |
|  System Time: 08:00:00 | Turn: 0 | Key: None |
+===========================================================+
|                                                           |
|  $ | [ ] 8. []                                                 |                                                 |

+=========================================================+
Nav > _





--- FRAME UPDATE at 2026-06-20 02:44:02 ---
 [ SIM ACTIVE: RUNNING (1) ]
 [ ACTIVE ID: liz_bulb ]
 [ EPOCH: 299 ]
 [ STEPS: 95 ]
 PROJECT CONTROLS:
[>] 1. [[ START ]][ ] 2. [[ PAUSE ]][ ] 3. [[ STEP / END TURN ]]
 PET SWITCHER:
[ ] 4. [Possess liz_bulb][ ] 5. [Possess liz_char][ ] 6. [Possess liz_gen_5414]
 METHODS (liz_bulb):
[ ] 7. [scan][ ] 8. [eat][ ] 9. [breathe][ ] 10. [check_death][ ] 11. [train][ ] 12. [attack][ ] 13. [mate][ ] 14. [rest][ ] 15. [nothing][ ] 16. [ai][ ] 17. [release]
 LOG: Epoch 298 Complete.
 TURN SUMMARY: liz_bulb:breathe | liz_bulb:check_death | liz_char:breathe | liz_char:scan | liz_char:rest | liz_char:check_death | liz_gen_5414:breathe | liz_gen_5414:scan | liz_gen_5414:rest | liz_gen_5414:check_death | liz_bulb:train(pieces/world_tank_01/logs/epoch_298.txt) | liz_char:train(pieces/world_tank_01/logs/epoch_298.txt) | liz_gen_5414:train(pieces/world_tank_01/logs/epoch_298.txt)

+=========================================================+
Nav > _





--- FRAME UPDATE at 2026-06-20 02:44:02 ---
+===========================================================+
|                                                           |
|           C H T P M + O S   C L I   v2.0                 |
|                                                           |
|  CHTPM+OS Main Menu                                      |
|                                                           |
|  [>] 1. [Project Loader]                             |
|  [ ] 2. [App Store (Fondu)]                          |
|  [ ] 3. [Status]  [ ] 4. [GL-OS]                                          |
|  [ ] 5. [Process Monitor]                            |
|  [ ] 6. [Toggle Frame History (Current: )]                                         |
|  [ ] 7. [Help]                                            |
|                                                           |
+===========================================================+
|  Running Applications: None                               |
|  System Time: 08:00:00 | Turn: 0 | Key: None |
+===========================================================+
|                                                           |
|  $ | [ ] 8. []                                                 |                                                 |

+=========================================================+
Nav > _





--- FRAME UPDATE at 2026-06-20 02:44:02 ---
+===========================================================+
|                                                           |
|           C H T P M + O S   C L I   v2.0                 |
|                                                           |
|  CHTPM+OS Main Menu                                      |
|                                                           |
|  [>] 1. [Project Loader]                             |
|  [ ] 2. [App Store (Fondu)]                          |
|  [ ] 3. [Status]  [ ] 4. [GL-OS]                                          |
|  [ ] 5. [Process Monitor]                            |
|  [ ] 6. [Toggle Frame History (Current: )]                                         |
|  [ ] 7. [Help]                                            |
|                                                           |
+===========================================================+
|  Running Applications: None                               |
|  System Time: 08:00:00 | Turn: 0 | Key: None |
+===========================================================+
|                                                           |
|  $ | [ ] 8. []                                                 |                                                 |

+=========================================================+
Nav > _





--- FRAME UPDATE at 2026-06-20 02:44:02 ---
 [ SIM ACTIVE: RUNNING (1) ]
 [ ACTIVE ID: liz_bulb ]
 [ EPOCH: 301 ]
 [ STEPS: 96 ]
 PROJECT CONTROLS:
[>] 1. [[ START ]][ ] 2. [[ PAUSE ]][ ] 3. [[ STEP / END TURN ]]
 PET SWITCHER:
[ ] 4. [Possess liz_bulb][ ] 5. [Possess liz_char][ ] 6. [Possess liz_gen_5414]
 METHODS (liz_bulb):
[ ] 7. [scan][ ] 8. [eat][ ] 9. [breathe][ ] 10. [check_death][ ] 11. [train][ ] 12. [attack][ ] 13. [mate][ ] 14. [rest][ ] 15. [nothing][ ] 16. [ai][ ] 17. [release]
 LOG: Epoch 300 Complete.
 TURN SUMMARY: liz_bulb:breathe | liz_bulb:check_death | liz_char:breathe | liz_char:scan | liz_char:rest | liz_char:check_death | liz_gen_5414:breathe | liz_gen_5414:scan | liz_gen_5414:rest | liz_gen_5414:check_death | liz_bulb:train(pieces/world_tank_01/logs/epoch_300.txt) | liz_char:train(pieces/world_tank_01/logs/epoch_300.txt) | liz_gen_5414:train(pieces/world_tank_01/logs/epoch_300.txt)

+=========================================================+
Nav > _





--- FRAME UPDATE at 2026-06-20 02:44:02 ---
+===========================================================+
|                                                           |
|           C H T P M + O S   C L I   v2.0                 |
|                                                           |
|  CHTPM+OS Main Menu                                      |
|                                                           |
|  [>] 1. [Project Loader]                             |
|  [ ] 2. [App Store (Fondu)]                          |
|  [ ] 3. [Status]  [ ] 4. [GL-OS]                                          |
|  [ ] 5. [Process Monitor]                            |
|  [ ] 6. [Toggle Frame History (Current: )]                                         |
|  [ ] 7. [Help]                                            |
|                                                           |
+===========================================================+
|  Running Applications: None                               |
|  System Time: 08:00:00 | Turn: 0 | Key: None |
+===========================================================+
|                                                           |
|  $ | [ ] 8. []                                                 |                                                 |

+=========================================================+
Nav > _





--- FRAME UPDATE at 2026-06-20 02:44:02 ---
+===========================================================+
|                                                           |
|           C H T P M + O S   C L I   v2.0                 |
|                                                           |
|  CHTPM+OS Main Menu                                      |
|                                                           |
|  [>] 1. [Project Loader]                             |
|  [ ] 2. [App Store (Fondu)]                          |
|  [ ] 3. [Status]  [ ] 4. [GL-OS]                                          |
|  [ ] 5. [Process Monitor]                            |
|  [ ] 6. [Toggle Frame History (Current: )]                                         |
|  [ ] 7. [Help]                                            |
|                                                           |
+===========================================================+
|  Running Applications: None                               |
|  System Time: 08:00:00 | Turn: 0 | Key: None |
+===========================================================+
|                                                           |
|  $ | [ ] 8. []                                                 |                                                 |

+=========================================================+
Nav > _





--- FRAME UPDATE at 2026-06-20 02:44:02 ---
+===========================================================+
|                                                           |
|           C H T P M + O S   C L I   v2.0                 |
|                                                           |
|  CHTPM+OS Main Menu                                      |
|                                                           |
|  [>] 1. [Project Loader]                             |
|  [ ] 2. [App Store (Fondu)]                          |
|  [ ] 3. [Status]  [ ] 4. [GL-OS]                                          |
|  [ ] 5. [Process Monitor]                            |
|  [ ] 6. [Toggle Frame History (Current: )]                                         |
|  [ ] 7. [Help]                                            |
|                                                           |
+===========================================================+
|  Running Applications: None                               |
|  System Time: 08:00:00 | Turn: 0 | Key: None |
+===========================================================+
|                                                           |
|  $ | [ ] 8. []                                                 |                                                 |

+=========================================================+
Nav > _





--- FRAME UPDATE at 2026-06-20 02:44:02 ---
+===========================================================+
|                                                           |
|           C H T P M + O S   C L I   v2.0                 |
|                                                           |
|  CHTPM+OS Main Menu                                      |
|                                                           |
|  [>] 1. [Project Loader]                             |
|  [ ] 2. [App Store (Fondu)]                          |
|  [ ] 3. [Status]  [ ] 4. [GL-OS]                                          |
|  [ ] 5. [Process Monitor]                            |
|  [ ] 6. [Toggle Frame History (Current: )]                                         |
|  [ ] 7. [Help]                                            |
|                                                           |
+===========================================================+
|  Running Applications: None                               |
|  System Time: 08:00:00 | Turn: 0 | Key: None |
+===========================================================+
|                                                           |
|  $ | [ ] 8. []                                                 |                                                 |

+=========================================================+
Nav > _





--- FRAME UPDATE at 2026-06-20 02:44:03 ---
+===========================================================+
|                                                           |
|           C H T P M + O S   C L I   v2.0                 |
|                                                           |
|  CHTPM+OS Main Menu                                      |
|                                                           |
|  [>] 1. [Project Loader]                             |
|  [ ] 2. [App Store (Fondu)]                          |
|  [ ] 3. [Status]  [ ] 4. [GL-OS]                                          |
|  [ ] 5. [Process Monitor]                            |
|  [ ] 6. [Toggle Frame History (Current: )]                                         |
|  [ ] 7. [Help]                                            |
|                                                           |
+===========================================================+
|  Running Applications: None                               |
|  System Time: 08:00:00 | Turn: 0 | Key: None |
+===========================================================+
|                                                           |
|  $ | [ ] 8. []                                                 |                                                 |

+=========================================================+
Nav > _





--- FRAME UPDATE at 2026-06-20 02:44:03 ---
+===========================================================+
|                                                           |
|           C H T P M + O S   C L I   v2.0                 |
|                                                           |
|  CHTPM+OS Main Menu                                      |
|                                                           |
|  [>] 1. [Project Loader]                             |
|  [ ] 2. [App Store (Fondu)]                          |
|  [ ] 3. [Status]  [ ] 4. [GL-OS]                                          |
|  [ ] 5. [Process Monitor]                            |
|  [ ] 6. [Toggle Frame History (Current: )]                                         |
|  [ ] 7. [Help]                                            |
|                                                           |
+===========================================================+
|  Running Applications: None                               |
|  System Time: 08:00:00 | Turn: 0 | Key: None |
+===========================================================+
|                                                           |
|  $ | [ ] 8. []                                                 |                                                 |

+=========================================================+
Nav > _





--- FRAME UPDATE at 2026-06-20 02:44:03 ---
+===========================================================+
|                                                           |
|           C H T P M + O S   C L I   v2.0                 |
|                                                           |
|  CHTPM+OS Main Menu                                      |
|                                                           |
|  [>] 1. [Project Loader]                             |
|  [ ] 2. [App Store (Fondu)]                          |
|  [ ] 3. [Status]  [ ] 4. [GL-OS]                                          |
|  [ ] 5. [Process Monitor]                            |
|  [ ] 6. [Toggle Frame History (Current: )]                                         |
|  [ ] 7. [Help]                                            |
|                                                           |
+===========================================================+
|  Running Applications: None                               |
|  System Time: 08:00:00 | Turn: 0 | Key: None |
+===========================================================+
|                                                           |
|  $ | [ ] 8. []                                                 |                                                 |

+=========================================================+
Nav > _





--- FRAME UPDATE at 2026-06-20 02:44:03 ---
 [ SIM ACTIVE: RUNNING (1) ]
 [ ACTIVE ID: liz_bulb ]
 [ EPOCH: 317 ]
 [ STEPS: 104 ]
 PROJECT CONTROLS:
[>] 1. [[ START ]][ ] 2. [[ PAUSE ]][ ] 3. [[ STEP / END TURN ]]
 PET SWITCHER:
[ ] 4. [Possess liz_bulb][ ] 5. [Possess liz_char][ ] 6. [Possess liz_gen_5414]
 METHODS (liz_bulb):
[ ] 7. [scan][ ] 8. [eat][ ] 9. [breathe][ ] 10. [check_death][ ] 11. [train][ ] 12. [attack][ ] 13. [mate][ ] 14. [rest][ ] 15. [nothing][ ] 16. [ai][ ] 17. [release]
 LOG: Epoch 316 Complete.
 TURN SUMMARY: liz_bulb:breathe | liz_bulb:check_death | liz_char:breathe | liz_char:scan | liz_char:rest | liz_char:check_death | liz_gen_5414:breathe | liz_gen_5414:scan | liz_gen_5414:rest | liz_gen_5414:check_death | liz_bulb:train(pieces/world_tank_01/logs/epoch_316.txt) | liz_char:train(pieces/world_tank_01/logs/epoch_316.txt) | liz_gen_5414:train(pieces/world_tank_01/logs/epoch_316.txt)

+=========================================================+
Nav > _





--- FRAME UPDATE at 2026-06-20 02:44:03 ---
 [ SIM ACTIVE: RUNNING (1) ]
 [ ACTIVE ID: liz_bulb ]
 [ EPOCH: 319 ]
 [ STEPS: 105 ]
 PROJECT CONTROLS:
[>] 1. [[ START ]][ ] 2. [[ PAUSE ]][ ] 3. [[ STEP / END TURN ]]
 PET SWITCHER:
[ ] 4. [Possess liz_bulb][ ] 5. [Possess liz_char][ ] 6. [Possess liz_gen_5414]
 METHODS (liz_bulb):
[ ] 7. [scan][ ] 8. [eat][ ] 9. [breathe][ ] 10. [check_death][ ] 11. [train][ ] 12. [attack][ ] 13. [mate][ ] 14. [rest][ ] 15. [nothing][ ] 16. [ai][ ] 17. [release]
 LOG: Epoch 318 Complete.
 TURN SUMMARY: liz_bulb:breathe | liz_bulb:check_death | liz_char:breathe | liz_char:scan | liz_char:rest | liz_char:check_death | liz_gen_5414:breathe | liz_gen_5414:scan | liz_gen_5414:rest | liz_gen_5414:check_death | liz_bulb:train(pieces/world_tank_01/logs/epoch_318.txt) | liz_char:train(pieces/world_tank_01/logs/epoch_318.txt) | liz_gen_5414:train(pieces/world_tank_01/logs/epoch_318.txt)

+=========================================================+
Nav > _





--- FRAME UPDATE at 2026-06-20 02:44:04 ---
 [ SIM ACTIVE: RUNNING (1) ]
 [ ACTIVE ID: liz_bulb ]
 [ EPOCH: 321 ]
 [ STEPS: 106 ]
 PROJECT CONTROLS:
[>] 1. [[ START ]][ ] 2. [[ PAUSE ]][ ] 3. [[ STEP / END TURN ]]
 PET SWITCHER:
[ ] 4. [Possess liz_bulb][ ] 5. [Possess liz_char][ ] 6. [Possess liz_gen_5414]
 METHODS (liz_bulb):
[ ] 7. [scan][ ] 8. [eat][ ] 9. [breathe][ ] 10. [check_death][ ] 11. [train][ ] 12. [attack][ ] 13. [mate][ ] 14. [rest][ ] 15. [nothing][ ] 16. [ai][ ] 17. [release]
 LOG: Epoch 320 Complete.
 TURN SUMMARY: liz_bulb:breathe | liz_bulb:check_death | liz_char:breathe | liz_char:scan | liz_char:rest | liz_char:check_death | liz_gen_5414:breathe | liz_gen_5414:scan | liz_gen_5414:rest | liz_gen_5414:check_death | liz_bulb:train(pieces/world_tank_01/logs/epoch_320.txt) | liz_char:train(pieces/world_tank_01/logs/epoch_320.txt) | liz_gen_5414:train(pieces/world_tank_01/logs/epoch_320.txt)

+=========================================================+
Nav > _





--- FRAME UPDATE at 2026-06-20 02:44:04 ---
 [ SIM ACTIVE: RUNNING (1) ]
 [ ACTIVE ID: liz_bulb ]
 [ EPOCH: 323 ]
 [ STEPS: 107 ]
 PROJECT CONTROLS:
[>] 1. [[ START ]][ ] 2. [[ PAUSE ]][ ] 3. [[ STEP / END TURN ]]
 PET SWITCHER:
[ ] 4. [Possess liz_bulb][ ] 5. [Possess liz_char][ ] 6. [Possess liz_gen_5414]
 METHODS (liz_bulb):
[ ] 7. [scan][ ] 8. [eat][ ] 9. [breathe][ ] 10. [check_death][ ] 11. [train][ ] 12. [attack][ ] 13. [mate][ ] 14. [rest][ ] 15. [nothing][ ] 16. [ai][ ] 17. [release]
 LOG: Epoch 322 Complete.
 TURN SUMMARY: liz_bulb:breathe | liz_bulb:check_death | liz_char:breathe | liz_char:scan | liz_char:rest | liz_char:check_death | liz_gen_5414:breathe | liz_gen_5414:scan | liz_gen_5414:rest | liz_gen_5414:check_death | liz_bulb:train(pieces/world_tank_01/logs/epoch_322.txt) | liz_char:train(pieces/world_tank_01/logs/epoch_322.txt) | liz_gen_5414:train(pieces/world_tank_01/logs/epoch_322.txt)

+=========================================================+
Nav > _





--- FRAME UPDATE at 2026-06-20 02:44:04 ---
 [ SIM ACTIVE: RUNNING (1) ]
 [ ACTIVE ID: liz_bulb ]
 [ EPOCH: 325 ]
 [ STEPS: 108 ]
 PROJECT CONTROLS:
[>] 1. [[ START ]][ ] 2. [[ PAUSE ]][ ] 3. [[ STEP / END TURN ]]
 PET SWITCHER:
[ ] 4. [Possess liz_bulb][ ] 5. [Possess liz_char][ ] 6. [Possess liz_gen_5414]
 METHODS (liz_bulb):
[ ] 7. [scan][ ] 8. [eat][ ] 9. [breathe][ ] 10. [check_death][ ] 11. [train][ ] 12. [attack][ ] 13. [mate][ ] 14. [rest][ ] 15. [nothing][ ] 16. [ai][ ] 17. [release]
 LOG: Epoch 324 Complete.
 TURN SUMMARY: liz_bulb:breathe | liz_bulb:check_death | liz_char:breathe | liz_char:scan | liz_char:rest | liz_char:check_death | liz_gen_5414:breathe | liz_gen_5414:scan | liz_gen_5414:rest | liz_gen_5414:check_death | liz_bulb:train(pieces/world_tank_01/logs/epoch_324.txt) | liz_char:train(pieces/world_tank_01/logs/epoch_324.txt) | liz_gen_5414:train(pieces/world_tank_01/logs/epoch_324.txt)

+=========================================================+
Nav > _





--- FRAME UPDATE at 2026-06-20 02:44:04 ---
+===========================================================+
|                                                           |
|           C H T P M + O S   C L I   v2.0                 |
|                                                           |
|  CHTPM+OS Main Menu                                      |
|                                                           |
|  [>] 1. [Project Loader]                             |
|  [ ] 2. [App Store (Fondu)]                          |
|  [ ] 3. [Status]  [ ] 4. [GL-OS]                                          |
|  [ ] 5. [Process Monitor]                            |
|  [ ] 6. [Toggle Frame History (Current: )]                                         |
|  [ ] 7. [Help]                                            |
|                                                           |
+===========================================================+
|  Running Applications: None                               |
|  System Time: 08:00:00 | Turn: 0 | Key: None |
+===========================================================+
|                                                           |
|  $ | [ ] 8. []                                                 |                                                 |

+=========================================================+
Nav > _





--- FRAME UPDATE at 2026-06-20 02:44:04 ---
 [ SIM ACTIVE: RUNNING (1) ]
 [ ACTIVE ID: liz_bulb ]
 [ EPOCH: 327 ]
 [ STEPS: 109 ]
 PROJECT CONTROLS:
[>] 1. [[ START ]][ ] 2. [[ PAUSE ]][ ] 3. [[ STEP / END TURN ]]
 PET SWITCHER:
[ ] 4. [Possess liz_bulb][ ] 5. [Possess liz_char][ ] 6. [Possess liz_gen_5414]
 METHODS (liz_bulb):
[ ] 7. [scan][ ] 8. [eat][ ] 9. [breathe][ ] 10. [check_death][ ] 11. [train][ ] 12. [attack][ ] 13. [mate][ ] 14. [rest][ ] 15. [nothing][ ] 16. [ai][ ] 17. [release]
 LOG: Epoch 326 Complete.
 TURN SUMMARY: liz_bulb:breathe | liz_bulb:check_death | liz_char:breathe | liz_char:scan | liz_char:rest | liz_char:check_death | liz_gen_5414:breathe | liz_gen_5414:scan | liz_gen_5414:rest | liz_gen_5414:check_death | liz_bulb:train(pieces/world_tank_01/logs/epoch_326.txt) | liz_char:train(pieces/world_tank_01/logs/epoch_326.txt) | liz_gen_5414:train(pieces/world_tank_01/logs/epoch_326.txt)

+=========================================================+
Nav > _





--- FRAME UPDATE at 2026-06-20 02:44:04 ---
 [ SIM ACTIVE: RUNNING (1) ]
 [ ACTIVE ID: liz_bulb ]
 [ EPOCH: 329 ]
 [ STEPS: 110 ]
 PROJECT CONTROLS:
[>] 1. [[ START ]][ ] 2. [[ PAUSE ]][ ] 3. [[ STEP / END TURN ]]
 PET SWITCHER:
[ ] 4. [Possess liz_bulb][ ] 5. [Possess liz_char][ ] 6. [Possess liz_gen_5414]
 METHODS (liz_bulb):
[ ] 7. [scan][ ] 8. [eat][ ] 9. [breathe][ ] 10. [check_death][ ] 11. [train][ ] 12. [attack][ ] 13. [mate][ ] 14. [rest][ ] 15. [nothing][ ] 16. [ai][ ] 17. [release]
 LOG: Epoch 328 Complete.
 TURN SUMMARY: liz_bulb:breathe | liz_bulb:check_death | liz_char:breathe | liz_char:scan | liz_char:rest | liz_char:check_death | liz_gen_5414:breathe | liz_gen_5414:scan | liz_gen_5414:rest | liz_gen_5414:check_death | liz_bulb:train(pieces/world_tank_01/logs/epoch_328.txt) | liz_char:train(pieces/world_tank_01/logs/epoch_328.txt) | liz_gen_5414:train(pieces/world_tank_01/logs/epoch_328.txt)

+=========================================================+
Nav > _





--- FRAME UPDATE at 2026-06-20 02:44:05 ---
 [ SIM ACTIVE: RUNNING (1) ]
 [ ACTIVE ID: liz_bulb ]
 [ EPOCH: 331 ]
 [ STEPS: 111 ]
 PROJECT CONTROLS:
[>] 1. [[ START ]][ ] 2. [[ PAUSE ]][ ] 3. [[ STEP / END TURN ]]
 PET SWITCHER:
[ ] 4. [Possess liz_bulb][ ] 5. [Possess liz_char][ ] 6. [Possess liz_gen_5414]
 METHODS (liz_bulb):
[ ] 7. [scan][ ] 8. [eat][ ] 9. [breathe][ ] 10. [check_death][ ] 11. [train][ ] 12. [attack][ ] 13. [mate][ ] 14. [rest][ ] 15. [nothing][ ] 16. [ai][ ] 17. [release]
 LOG: Epoch 330 Complete.
 TURN SUMMARY: liz_bulb:breathe | liz_bulb:check_death | liz_char:breathe | liz_char:scan | liz_char:rest | liz_char:check_death | liz_gen_5414:breathe | liz_gen_5414:scan | liz_gen_5414:rest | liz_gen_5414:check_death | liz_bulb:train(pieces/world_tank_01/logs/epoch_330.txt) | liz_char:train(pieces/world_tank_01/logs/epoch_330.txt) | liz_gen_5414:train(pieces/world_tank_01/logs/epoch_330.txt)

+=========================================================+
Nav > _





--- FRAME UPDATE at 2026-06-20 02:44:05 ---
 [ SIM ACTIVE: RUNNING (1) ]
 [ ACTIVE ID: liz_bulb ]
 [ EPOCH: 333 ]
 [ STEPS: 112 ]
 PROJECT CONTROLS:
[>] 1. [[ START ]][ ] 2. [[ PAUSE ]][ ] 3. [[ STEP / END TURN ]]
 PET SWITCHER:
[ ] 4. [Possess liz_bulb][ ] 5. [Possess liz_char][ ] 6. [Possess liz_gen_5414]
 METHODS (liz_bulb):
[ ] 7. [scan][ ] 8. [eat][ ] 9. [breathe][ ] 10. [check_death][ ] 11. [train][ ] 12. [attack][ ] 13. [mate][ ] 14. [rest][ ] 15. [nothing][ ] 16. [ai][ ] 17. [release]
 LOG: Epoch 332 Complete.
 TURN SUMMARY: liz_bulb:breathe | liz_bulb:check_death | liz_char:breathe | liz_char:scan | liz_char:rest | liz_char:check_death | liz_gen_5414:breathe | liz_gen_5414:scan | liz_gen_5414:rest | liz_gen_5414:check_death | liz_bulb:train(pieces/world_tank_01/logs/epoch_332.txt) | liz_char:train(pieces/world_tank_01/logs/epoch_332.txt) | liz_gen_5414:train(pieces/world_tank_01/logs/epoch_332.txt)

+=========================================================+
Nav > _





--- FRAME UPDATE at 2026-06-20 02:44:05 ---
+===========================================================+
|                                                           |
|           C H T P M + O S   C L I   v2.0                 |
|                                                           |
|  CHTPM+OS Main Menu                                      |
|                                                           |
|  [>] 1. [Project Loader]                             |
|  [ ] 2. [App Store (Fondu)]                          |
|  [ ] 3. [Status]  [ ] 4. [GL-OS]                                          |
|  [ ] 5. [Process Monitor]                            |
|  [ ] 6. [Toggle Frame History (Current: )]                                         |
|  [ ] 7. [Help]                                            |
|                                                           |
+===========================================================+
|  Running Applications: None                               |
|  System Time: 08:00:00 | Turn: 0 | Key: None |
+===========================================================+
|                                                           |
|  $ | [ ] 8. []                                                 |                                                 |

+=========================================================+
Nav > _





--- FRAME UPDATE at 2026-06-20 02:44:05 ---
+===========================================================+
|                                                           |
|           C H T P M + O S   C L I   v2.0                 |
|                                                           |
|  CHTPM+OS Main Menu                                      |
|                                                           |
|  [>] 1. [Project Loader]                             |
|  [ ] 2. [App Store (Fondu)]                          |
|  [ ] 3. [Status]  [ ] 4. [GL-OS]                                          |
|  [ ] 5. [Process Monitor]                            |
|  [ ] 6. [Toggle Frame History (Current: )]                                         |
|  [ ] 7. [Help]                                            |
|                                                           |
+===========================================================+
|  Running Applications: None                               |
|  System Time: 08:00:00 | Turn: 0 | Key: None |
+===========================================================+
|                                                           |
|  $ | [ ] 8. []                                                 |                                                 |

+=========================================================+
Nav > _





--- FRAME UPDATE at 2026-06-20 02:44:05 ---
 [ SIM ACTIVE: RUNNING (1) ]
 [ ACTIVE ID: liz_bulb ]
 [ EPOCH: 337 ]
 [ STEPS: 114 ]
 PROJECT CONTROLS:
[>] 1. [[ START ]][ ] 2. [[ PAUSE ]][ ] 3. [[ STEP / END TURN ]]
 PET SWITCHER:
[ ] 4. [Possess liz_bulb][ ] 5. [Possess liz_char][ ] 6. [Possess liz_gen_5414]
 METHODS (liz_bulb):
[ ] 7. [scan][ ] 8. [eat][ ] 9. [breathe][ ] 10. [check_death][ ] 11. [train][ ] 12. [attack][ ] 13. [mate][ ] 14. [rest][ ] 15. [nothing][ ] 16. [ai][ ] 17. [release]
 LOG: Epoch 336 Complete.
 TURN SUMMARY: liz_bulb:breathe | liz_bulb:check_death | liz_char:breathe | liz_char:scan | liz_char:rest | liz_char:check_death | liz_gen_5414:breathe | liz_gen_5414:scan | liz_gen_5414:rest | liz_gen_5414:check_death | liz_bulb:train(pieces/world_tank_01/logs/epoch_336.txt) | liz_char:train(pieces/world_tank_01/logs/epoch_336.txt) | liz_gen_5414:train(pieces/world_tank_01/logs/epoch_336.txt)

+=========================================================+
Nav > _





--- FRAME UPDATE at 2026-06-20 02:44:05 ---
 [ SIM ACTIVE: RUNNING (1) ]
 [ ACTIVE ID: liz_bulb ]
 [ EPOCH: 339 ]
 [ STEPS: 115 ]
 PROJECT CONTROLS:
[>] 1. [[ START ]][ ] 2. [[ PAUSE ]][ ] 3. [[ STEP / END TURN ]]
 PET SWITCHER:
[ ] 4. [Possess liz_bulb][ ] 5. [Possess liz_char][ ] 6. [Possess liz_gen_5414]
 METHODS (liz_bulb):
[ ] 7. [scan][ ] 8. [eat][ ] 9. [breathe][ ] 10. [check_death][ ] 11. [train][ ] 12. [attack][ ] 13. [mate][ ] 14. [rest][ ] 15. [nothing][ ] 16. [ai][ ] 17. [release]
 LOG: Epoch 338 Complete.
 TURN SUMMARY: liz_bulb:breathe | liz_bulb:check_death | liz_char:breathe | liz_char:scan | liz_char:rest | liz_char:check_death | liz_gen_5414:breathe | liz_gen_5414:scan | liz_gen_5414:rest | liz_gen_5414:check_death | liz_bulb:train(pieces/world_tank_01/logs/epoch_338.txt) | liz_char:train(pieces/world_tank_01/logs/epoch_338.txt) | liz_gen_5414:train(pieces/world_tank_01/logs/epoch_338.txt)

+=========================================================+
Nav > _





--- FRAME UPDATE at 2026-06-20 02:44:06 ---
 [ SIM ACTIVE: RUNNING (1) ]
 [ ACTIVE ID: liz_bulb ]
 [ EPOCH: 341 ]
 [ STEPS: 116 ]
 PROJECT CONTROLS:
[>] 1. [[ START ]][ ] 2. [[ PAUSE ]][ ] 3. [[ STEP / END TURN ]]
 PET SWITCHER:
[ ] 4. [Possess liz_bulb][ ] 5. [Possess liz_char][ ] 6. [Possess liz_gen_5414]
 METHODS (liz_bulb):
[ ] 7. [scan][ ] 8. [eat][ ] 9. [breathe][ ] 10. [check_death][ ] 11. [train][ ] 12. [attack][ ] 13. [mate][ ] 14. [rest][ ] 15. [nothing][ ] 16. [ai][ ] 17. [release]
 LOG: Epoch 340 Complete.
 TURN SUMMARY: liz_bulb:breathe | liz_bulb:check_death | liz_char:breathe | liz_char:scan | liz_char:rest | liz_char:check_death | liz_gen_5414:breathe | liz_gen_5414:scan | liz_gen_5414:rest | liz_gen_5414:check_death | liz_bulb:train(pieces/world_tank_01/logs/epoch_340.txt) | liz_char:train(pieces/world_tank_01/logs/epoch_340.txt) | liz_gen_5414:train(pieces/world_tank_01/logs/epoch_340.txt)

+=========================================================+
Nav > _





--- FRAME UPDATE at 2026-06-20 02:44:06 ---
 [ SIM ACTIVE: RUNNING (1) ]
 [ ACTIVE ID: liz_bulb ]
 [ EPOCH: 343 ]
 [ STEPS: 117 ]
 PROJECT CONTROLS:
[>] 1. [[ START ]][ ] 2. [[ PAUSE ]][ ] 3. [[ STEP / END TURN ]]
 PET SWITCHER:
[ ] 4. [Possess liz_bulb][ ] 5. [Possess liz_char][ ] 6. [Possess liz_gen_5414]
 METHODS (liz_bulb):
[ ] 7. [scan][ ] 8. [eat][ ] 9. [breathe][ ] 10. [check_death][ ] 11. [train][ ] 12. [attack][ ] 13. [mate][ ] 14. [rest][ ] 15. [nothing][ ] 16. [ai][ ] 17. [release]
 LOG: Epoch 342 Complete.
 TURN SUMMARY: liz_bulb:breathe | liz_bulb:check_death | liz_char:breathe | liz_char:scan | liz_char:rest | liz_char:check_death | liz_gen_5414:breathe | liz_gen_5414:scan | liz_gen_5414:rest | liz_gen_5414:check_death | liz_bulb:train(pieces/world_tank_01/logs/epoch_342.txt) | liz_char:train(pieces/world_tank_01/logs/epoch_342.txt) | liz_gen_5414:train(pieces/world_tank_01/logs/epoch_342.txt)

+=========================================================+
Nav > _





--- FRAME UPDATE at 2026-06-20 02:44:06 ---
 [ SIM ACTIVE: RUNNING (1) ]
 [ ACTIVE ID: liz_bulb ]
 [ EPOCH: 345 ]
 [ STEPS: 118 ]
 PROJECT CONTROLS:
[>] 1. [[ START ]][ ] 2. [[ PAUSE ]][ ] 3. [[ STEP / END TURN ]]
 PET SWITCHER:
[ ] 4. [Possess liz_bulb][ ] 5. [Possess liz_char][ ] 6. [Possess liz_gen_5414]
 METHODS (liz_bulb):
[ ] 7. [scan][ ] 8. [eat][ ] 9. [breathe][ ] 10. [check_death][ ] 11. [train][ ] 12. [attack][ ] 13. [mate][ ] 14. [rest][ ] 15. [nothing][ ] 16. [ai][ ] 17. [release]
 LOG: Epoch 344 Complete.
 TURN SUMMARY: liz_bulb:breathe | liz_bulb:check_death | liz_char:breathe | liz_char:scan | liz_char:rest | liz_char:check_death | liz_gen_5414:breathe | liz_gen_5414:scan | liz_gen_5414:rest | liz_gen_5414:check_death | liz_bulb:train(pieces/world_tank_01/logs/epoch_344.txt) | liz_char:train(pieces/world_tank_01/logs/epoch_344.txt) | liz_gen_5414:train(pieces/world_tank_01/logs/epoch_344.txt)

+=========================================================+
Nav > _





--- FRAME UPDATE at 2026-06-20 02:44:06 ---
+===========================================================+
|                                                           |
|           C H T P M + O S   C L I   v2.0                 |
|                                                           |
|  CHTPM+OS Main Menu                                      |
|                                                           |
|  [>] 1. [Project Loader]                             |
|  [ ] 2. [App Store (Fondu)]                          |
|  [ ] 3. [Status]  [ ] 4. [GL-OS]                                          |
|  [ ] 5. [Process Monitor]                            |
|  [ ] 6. [Toggle Frame History (Current: )]                                         |
|  [ ] 7. [Help]                                            |
|                                                           |
+===========================================================+
|  Running Applications: None                               |
|  System Time: 08:00:00 | Turn: 0 | Key: None |
+===========================================================+
|                                                           |
|  $ | [ ] 8. []                                                 |                                                 |

+=========================================================+
Nav > _





--- FRAME UPDATE at 2026-06-20 02:44:06 ---
 [ SIM ACTIVE: RUNNING (1) ]
 [ ACTIVE ID: liz_bulb ]
 [ EPOCH: 347 ]
 [ STEPS: 119 ]
 PROJECT CONTROLS:
[>] 1. [[ START ]][ ] 2. [[ PAUSE ]][ ] 3. [[ STEP / END TURN ]]
 PET SWITCHER:
[ ] 4. [Possess liz_bulb][ ] 5. [Possess liz_char][ ] 6. [Possess liz_gen_5414]
 METHODS (liz_bulb):
[ ] 7. [scan][ ] 8. [eat][ ] 9. [breathe][ ] 10. [check_death][ ] 11. [train][ ] 12. [attack][ ] 13. [mate][ ] 14. [rest][ ] 15. [nothing][ ] 16. [ai][ ] 17. [release]
 LOG: Epoch 346 Complete.
 TURN SUMMARY: liz_bulb:breathe | liz_bulb:check_death | liz_char:breathe | liz_char:scan | liz_char:rest | liz_char:check_death | liz_gen_5414:breathe | liz_gen_5414:scan | liz_gen_5414:rest | liz_gen_5414:check_death | liz_bulb:train(pieces/world_tank_01/logs/epoch_346.txt) | liz_char:train(pieces/world_tank_01/logs/epoch_346.txt) | liz_gen_5414:train(pieces/world_tank_01/logs/epoch_346.txt)

+=========================================================+
Nav > _





--- FRAME UPDATE at 2026-06-20 02:44:06 ---
+===========================================================+
|                                                           |
|           C H T P M + O S   C L I   v2.0                 |
|                                                           |
|  CHTPM+OS Main Menu                                      |
|                                                           |
|  [>] 1. [Project Loader]                             |
|  [ ] 2. [App Store (Fondu)]                          |
|  [ ] 3. [Status]  [ ] 4. [GL-OS]                                          |
|  [ ] 5. [Process Monitor]                            |
|  [ ] 6. [Toggle Frame History (Current: )]                                         |
|  [ ] 7. [Help]                                            |
|                                                           |
+===========================================================+
|  Running Applications: None                               |
|  System Time: 08:00:00 | Turn: 0 | Key: None |
+===========================================================+
|                                                           |
|  $ | [ ] 8. []                                                 |                                                 |

+=========================================================+
Nav > _





--- FRAME UPDATE at 2026-06-20 02:44:06 ---
 [ SIM ACTIVE: RUNNING (1) ]
 [ ACTIVE ID: liz_bulb ]
 [ EPOCH: 349 ]
 [ STEPS: 120 ]
 PROJECT CONTROLS:
[>] 1. [[ START ]][ ] 2. [[ PAUSE ]][ ] 3. [[ STEP / END TURN ]]
 PET SWITCHER:
[ ] 4. [Possess liz_bulb][ ] 5. [Possess liz_char][ ] 6. [Possess liz_gen_5414]
 METHODS (liz_bulb):
[ ] 7. [scan][ ] 8. [eat][ ] 9. [breathe][ ] 10. [check_death][ ] 11. [train][ ] 12. [attack][ ] 13. [mate][ ] 14. [rest][ ] 15. [nothing][ ] 16. [ai][ ] 17. [release]
 LOG: Epoch 348 Complete.
 TURN SUMMARY: liz_bulb:breathe | liz_bulb:check_death | liz_char:breathe | liz_char:scan | liz_char:rest | liz_char:check_death | liz_gen_5414:breathe | liz_gen_5414:scan | liz_gen_5414:rest | liz_gen_5414:check_death | liz_bulb:train(pieces/world_tank_01/logs/epoch_348.txt) | liz_char:train(pieces/world_tank_01/logs/epoch_348.txt) | liz_gen_5414:train(pieces/world_tank_01/logs/epoch_348.txt)

+=========================================================+
Nav > _





--- FRAME UPDATE at 2026-06-20 02:44:06 ---
 [ SIM ACTIVE: RUNNING (1) ]
 [ ACTIVE ID: liz_bulb ]
 [ EPOCH: 351 ]
 [ STEPS: 121 ]
 PROJECT CONTROLS:
[>] 1. [[ START ]][ ] 2. [[ PAUSE ]][ ] 3. [[ STEP / END TURN ]]
 PET SWITCHER:
[ ] 4. [Possess liz_bulb][ ] 5. [Possess liz_char][ ] 6. [Possess liz_gen_5414]
 METHODS (liz_bulb):
[ ] 7. [scan][ ] 8. [eat][ ] 9. [breathe][ ] 10. [check_death][ ] 11. [train][ ] 12. [attack][ ] 13. [mate][ ] 14. [rest][ ] 15. [nothing][ ] 16. [ai][ ] 17. [release]
 LOG: Epoch 350 Complete.
 TURN SUMMARY: liz_bulb:breathe | liz_bulb:check_death | liz_char:breathe | liz_char:scan | liz_char:rest | liz_char:check_death | liz_gen_5414:breathe | liz_gen_5414:scan | liz_gen_5414:rest | liz_gen_5414:check_death | liz_bulb:train(pieces/world_tank_01/logs/epoch_350.txt) | liz_char:train(pieces/world_tank_01/logs/epoch_350.txt) | liz_gen_5414:train(pieces/world_tank_01/logs/epoch_350.txt)

+=========================================================+
Nav > _





--- FRAME UPDATE at 2026-06-20 02:44:07 ---
+===========================================================+
|                                                           |
|           C H T P M + O S   C L I   v2.0                 |
|                                                           |
|  CHTPM+OS Main Menu                                      |
|                                                           |
|  [>] 1. [Project Loader]                             |
|  [ ] 2. [App Store (Fondu)]                          |
|  [ ] 3. [Status]  [ ] 4. [GL-OS]                                          |
|  [ ] 5. [Process Monitor]                            |
|  [ ] 6. [Toggle Frame History (Current: )]                                         |
|  [ ] 7. [Help]                                            |
|                                                           |
+===========================================================+
|  Running Applications: None                               |
|  System Time: 08:00:00 | Turn: 0 | Key: None |
+===========================================================+
|                                                           |
|  $ | [ ] 8. []                                                 |                                                 |

+=========================================================+
Nav > _





--- FRAME UPDATE at 2026-06-20 02:44:07 ---
 [ SIM ACTIVE: RUNNING (1) ]
 [ ACTIVE ID: liz_bulb ]
 [ EPOCH: 353 ]
 [ STEPS: 122 ]
 PROJECT CONTROLS:
[>] 1. [[ START ]][ ] 2. [[ PAUSE ]][ ] 3. [[ STEP / END TURN ]]
 PET SWITCHER:
[ ] 4. [Possess liz_bulb][ ] 5. [Possess liz_char][ ] 6. [Possess liz_gen_5414]
 METHODS (liz_bulb):
[ ] 7. [scan][ ] 8. [eat][ ] 9. [breathe][ ] 10. [check_death][ ] 11. [train][ ] 12. [attack][ ] 13. [mate][ ] 14. [rest][ ] 15. [nothing][ ] 16. [ai][ ] 17. [release]
 LOG: Epoch 352 Complete.
 TURN SUMMARY: liz_bulb:breathe | liz_bulb:check_death | liz_char:breathe | liz_char:scan | liz_char:rest | liz_char:check_death | liz_gen_5414:breathe | liz_gen_5414:scan | liz_gen_5414:rest | liz_gen_5414:check_death | liz_bulb:train(pieces/world_tank_01/logs/epoch_352.txt) | liz_char:train(pieces/world_tank_01/logs/epoch_352.txt) | liz_gen_5414:train(pieces/world_tank_01/logs/epoch_352.txt)

+=========================================================+
Nav > _





--- FRAME UPDATE at 2026-06-20 02:44:07 ---
+===========================================================+
|                                                           |
|           C H T P M + O S   C L I   v2.0                 |
|                                                           |
|  CHTPM+OS Main Menu                                      |
|                                                           |
|  [>] 1. [Project Loader]                             |
|  [ ] 2. [App Store (Fondu)]                          |
|  [ ] 3. [Status]  [ ] 4. [GL-OS]                                          |
|  [ ] 5. [Process Monitor]                            |
|  [ ] 6. [Toggle Frame History (Current: )]                                         |
|  [ ] 7. [Help]                                            |
|                                                           |
+===========================================================+
|  Running Applications: None                               |
|  System Time: 08:00:00 | Turn: 0 | Key: None |
+===========================================================+
|                                                           |
|  $ | [ ] 8. []                                                 |                                                 |

+=========================================================+
Nav > _





--- FRAME UPDATE at 2026-06-20 02:44:07 ---
 [ SIM ACTIVE: RUNNING (1) ]
 [ ACTIVE ID: liz_bulb ]
 [ EPOCH: 355 ]
 [ STEPS: 123 ]
 PROJECT CONTROLS:
[>] 1. [[ START ]][ ] 2. [[ PAUSE ]][ ] 3. [[ STEP / END TURN ]]
 PET SWITCHER:
[ ] 4. [Possess liz_bulb][ ] 5. [Possess liz_char][ ] 6. [Possess liz_gen_5414]
 METHODS (liz_bulb):
[ ] 7. [scan][ ] 8. [eat][ ] 9. [breathe][ ] 10. [check_death][ ] 11. [train][ ] 12. [attack][ ] 13. [mate][ ] 14. [rest][ ] 15. [nothing][ ] 16. [ai][ ] 17. [release]
 LOG: Epoch 354 Complete.
 TURN SUMMARY: liz_bulb:breathe | liz_bulb:check_death | liz_char:breathe | liz_char:scan | liz_char:rest | liz_char:check_death | liz_gen_5414:breathe | liz_gen_5414:scan | liz_gen_5414:rest | liz_gen_5414:check_death | liz_bulb:train(pieces/world_tank_01/logs/epoch_354.txt) | liz_char:train(pieces/world_tank_01/logs/epoch_354.txt) | liz_gen_5414:train(pieces/world_tank_01/logs/epoch_354.txt)

+=========================================================+
Nav > _





--- FRAME UPDATE at 2026-06-20 02:44:07 ---
 [ SIM ACTIVE: RUNNING (1) ]
 [ ACTIVE ID: liz_bulb ]
 [ EPOCH: 357 ]
 [ STEPS: 124 ]
 PROJECT CONTROLS:
[>] 1. [[ START ]][ ] 2. [[ PAUSE ]][ ] 3. [[ STEP / END TURN ]]
 PET SWITCHER:
[ ] 4. [Possess liz_bulb][ ] 5. [Possess liz_char][ ] 6. [Possess liz_gen_5414]
 METHODS (liz_bulb):
[ ] 7. [scan][ ] 8. [eat][ ] 9. [breathe][ ] 10. [check_death][ ] 11. [train][ ] 12. [attack][ ] 13. [mate][ ] 14. [rest][ ] 15. [nothing][ ] 16. [ai][ ] 17. [release]
 LOG: Epoch 356 Complete.
 TURN SUMMARY: liz_bulb:breathe | liz_bulb:check_death | liz_char:breathe | liz_char:scan | liz_char:rest | liz_char:check_death | liz_gen_5414:breathe | liz_gen_5414:scan | liz_gen_5414:rest | liz_gen_5414:check_death | liz_bulb:train(pieces/world_tank_01/logs/epoch_356.txt) | liz_char:train(pieces/world_tank_01/logs/epoch_356.txt) | liz_gen_5414:train(pieces/world_tank_01/logs/epoch_356.txt)

+=========================================================+
Nav > _





--- FRAME UPDATE at 2026-06-20 02:44:07 ---
+===========================================================+
|                                                           |
|           C H T P M + O S   C L I   v2.0                 |
|                                                           |
|  CHTPM+OS Main Menu                                      |
|                                                           |
|  [>] 1. [Project Loader]                             |
|  [ ] 2. [App Store (Fondu)]                          |
|  [ ] 3. [Status]  [ ] 4. [GL-OS]                                          |
|  [ ] 5. [Process Monitor]                            |
|  [ ] 6. [Toggle Frame History (Current: )]                                         |
|  [ ] 7. [Help]                                            |
|                                                           |
+===========================================================+
|  Running Applications: None                               |
|  System Time: 08:00:00 | Turn: 0 | Key: None |
+===========================================================+
|                                                           |
|  $ | [ ] 8. []                                                 |                                                 |

+=========================================================+
Nav > _





--- FRAME UPDATE at 2026-06-20 02:44:07 ---
 [ SIM ACTIVE: RUNNING (1) ]
 [ ACTIVE ID: liz_bulb ]
 [ EPOCH: 359 ]
 [ STEPS: 125 ]
 PROJECT CONTROLS:
[>] 1. [[ START ]][ ] 2. [[ PAUSE ]][ ] 3. [[ STEP / END TURN ]]
 PET SWITCHER:
[ ] 4. [Possess liz_bulb][ ] 5. [Possess liz_char][ ] 6. [Possess liz_gen_5414]
 METHODS (liz_bulb):
[ ] 7. [scan][ ] 8. [eat][ ] 9. [breathe][ ] 10. [check_death][ ] 11. [train][ ] 12. [attack][ ] 13. [mate][ ] 14. [rest][ ] 15. [nothing][ ] 16. [ai][ ] 17. [release]
 LOG: Epoch 358 Complete.
 TURN SUMMARY: liz_bulb:breathe | liz_bulb:check_death | liz_char:breathe | liz_char:scan | liz_char:rest | liz_char:check_death | liz_gen_5414:breathe | liz_gen_5414:scan | liz_gen_5414:rest | liz_gen_5414:check_death | liz_bulb:train(pieces/world_tank_01/logs/epoch_358.txt) | liz_char:train(pieces/world_tank_01/logs/epoch_358.txt) | liz_gen_5414:train(pieces/world_tank_01/logs/epoch_358.txt)

+=========================================================+
Nav > _





--- FRAME UPDATE at 2026-06-20 02:44:07 ---
+===========================================================+
|                                                           |
|           C H T P M + O S   C L I   v2.0                 |
|                                                           |
|  CHTPM+OS Main Menu                                      |
|                                                           |
|  [>] 1. [Project Loader]                             |
|  [ ] 2. [App Store (Fondu)]                          |
|  [ ] 3. [Status]  [ ] 4. [GL-OS]                                          |
|  [ ] 5. [Process Monitor]                            |
|  [ ] 6. [Toggle Frame History (Current: )]                                         |
|  [ ] 7. [Help]                                            |
|                                                           |
+===========================================================+
|  Running Applications: None                               |
|  System Time: 08:00:00 | Turn: 0 | Key: None |
+===========================================================+
|                                                           |
|  $ | [ ] 8. []                                                 |                                                 |

+=========================================================+
Nav > _





--- FRAME UPDATE at 2026-06-20 02:44:07 ---
 [ SIM ACTIVE: RUNNING (1) ]
 [ ACTIVE ID: liz_bulb ]
 [ EPOCH: 361 ]
 [ STEPS: 126 ]
 PROJECT CONTROLS:
[>] 1. [[ START ]][ ] 2. [[ PAUSE ]][ ] 3. [[ STEP / END TURN ]]
 PET SWITCHER:
[ ] 4. [Possess liz_bulb][ ] 5. [Possess liz_char][ ] 6. [Possess liz_gen_5414]
 METHODS (liz_bulb):
[ ] 7. [scan][ ] 8. [eat][ ] 9. [breathe][ ] 10. [check_death][ ] 11. [train][ ] 12. [attack][ ] 13. [mate][ ] 14. [rest][ ] 15. [nothing][ ] 16. [ai][ ] 17. [release]
 LOG: Epoch 360 Complete.
 TURN SUMMARY: liz_bulb:breathe | liz_bulb:check_death | liz_char:breathe | liz_char:scan | liz_char:rest | liz_char:check_death | liz_gen_5414:breathe | liz_gen_5414:scan | liz_gen_5414:rest | liz_gen_5414:check_death | liz_bulb:train(pieces/world_tank_01/logs/epoch_360.txt) | liz_char:train(pieces/world_tank_01/logs/epoch_360.txt) | liz_gen_5414:train(pieces/world_tank_01/logs/epoch_360.txt)

+=========================================================+
Nav > _





--- FRAME UPDATE at 2026-06-20 02:44:08 ---
 [ SIM ACTIVE: RUNNING (1) ]
 [ ACTIVE ID: liz_bulb ]
 [ EPOCH: 363 ]
 [ STEPS: 127 ]
 PROJECT CONTROLS:
[>] 1. [[ START ]][ ] 2. [[ PAUSE ]][ ] 3. [[ STEP / END TURN ]]
 PET SWITCHER:
[ ] 4. [Possess liz_bulb][ ] 5. [Possess liz_char][ ] 6. [Possess liz_gen_5414]
 METHODS (liz_bulb):
[ ] 7. [scan][ ] 8. [eat][ ] 9. [breathe][ ] 10. [check_death][ ] 11. [train][ ] 12. [attack][ ] 13. [mate][ ] 14. [rest][ ] 15. [nothing][ ] 16. [ai][ ] 17. [release]
 LOG: Epoch 362 Complete.
 TURN SUMMARY: liz_bulb:breathe | liz_bulb:check_death | liz_char:breathe | liz_char:scan | liz_char:rest | liz_char:check_death | liz_gen_5414:breathe | liz_gen_5414:scan | liz_gen_5414:rest | liz_gen_5414:check_death | liz_bulb:train(pieces/world_tank_01/logs/epoch_362.txt) | liz_char:train(pieces/world_tank_01/logs/epoch_362.txt) | liz_gen_5414:train(pieces/world_tank_01/logs/epoch_362.txt)

+=========================================================+
Nav > _





--- FRAME UPDATE at 2026-06-20 02:44:08 ---
 [ SIM ACTIVE: RUNNING (1) ]
 [ ACTIVE ID: liz_bulb ]
 [ EPOCH: 365 ]
 [ STEPS: 128 ]
 PROJECT CONTROLS:
[>] 1. [[ START ]][ ] 2. [[ PAUSE ]][ ] 3. [[ STEP / END TURN ]]
 PET SWITCHER:
[ ] 4. [Possess liz_bulb][ ] 5. [Possess liz_char][ ] 6. [Possess liz_gen_5414]
 METHODS (liz_bulb):
[ ] 7. [scan][ ] 8. [eat][ ] 9. [breathe][ ] 10. [check_death][ ] 11. [train][ ] 12. [attack][ ] 13. [mate][ ] 14. [rest][ ] 15. [nothing][ ] 16. [ai][ ] 17. [release]
 LOG: Epoch 364 Complete.
 TURN SUMMARY: liz_bulb:breathe | liz_bulb:check_death | liz_char:breathe | liz_char:scan | liz_char:rest | liz_char:check_death | liz_gen_5414:breathe | liz_gen_5414:scan | liz_gen_5414:rest | liz_gen_5414:check_death | liz_bulb:train(pieces/world_tank_01/logs/epoch_364.txt) | liz_char:train(pieces/world_tank_01/logs/epoch_364.txt) | liz_gen_5414:train(pieces/world_tank_01/logs/epoch_364.txt)

+=========================================================+
Nav > _





--- FRAME UPDATE at 2026-06-20 02:44:08 ---
+===========================================================+
|                                                           |
|           C H T P M + O S   C L I   v2.0                 |
|                                                           |
|  CHTPM+OS Main Menu                                      |
|                                                           |
|  [>] 1. [Project Loader]                             |
|  [ ] 2. [App Store (Fondu)]                          |
|  [ ] 3. [Status]  [ ] 4. [GL-OS]                                          |
|  [ ] 5. [Process Monitor]                            |
|  [ ] 6. [Toggle Frame History (Current: )]                                         |
|  [ ] 7. [Help]                                            |
|                                                           |
+===========================================================+
|  Running Applications: None                               |
|  System Time: 08:00:00 | Turn: 0 | Key: None |
+===========================================================+
|                                                           |
|  $ | [ ] 8. []                                                 |                                                 |

+=========================================================+
Nav > _





--- FRAME UPDATE at 2026-06-20 02:44:08 ---
+===========================================================+
|                                                           |
|           C H T P M + O S   C L I   v2.0                 |
|                                                           |
|  CHTPM+OS Main Menu                                      |
|                                                           |
|  [>] 1. [Project Loader]                             |
|  [ ] 2. [App Store (Fondu)]                          |
|  [ ] 3. [Status]  [ ] 4. [GL-OS]                                          |
|  [ ] 5. [Process Monitor]                            |
|  [ ] 6. [Toggle Frame History (Current: )]                                         |
|  [ ] 7. [Help]                                            |
|                                                           |
+===========================================================+
|  Running Applications: None                               |
|  System Time: 08:00:00 | Turn: 0 | Key: None |
+===========================================================+
|                                                           |
|  $ | [ ] 8. []                                                 |                                                 |

+=========================================================+
Nav > _





--- FRAME UPDATE at 2026-06-20 02:44:08 ---
+===========================================================+
|                                                           |
|           C H T P M + O S   C L I   v2.0                 |
|                                                           |
|  CHTPM+OS Main Menu                                      |
|                                                           |
|  [>] 1. [Project Loader]                             |
|  [ ] 2. [App Store (Fondu)]                          |
|  [ ] 3. [Status]  [ ] 4. [GL-OS]                                          |
|  [ ] 5. [Process Monitor]                            |
|  [ ] 6. [Toggle Frame History (Current: )]                                         |
|  [ ] 7. [Help]                                            |
|                                                           |
+===========================================================+
|  Running Applications: None                               |
|  System Time: 08:00:00 | Turn: 0 | Key: None |
+===========================================================+
|                                                           |
|  $ | [ ] 8. []                                                 |                                                 |

+=========================================================+
Nav > _





--- FRAME UPDATE at 2026-06-20 02:44:08 ---
+===========================================================+
|                                                           |
|           C H T P M + O S   C L I   v2.0                 |
|                                                           |
|  CHTPM+OS Main Menu                                      |
|                                                           |
|  [>] 1. [Project Loader]                             |
|  [ ] 2. [App Store (Fondu)]                          |
|  [ ] 3. [Status]  [ ] 4. [GL-OS]                                          |
|  [ ] 5. [Process Monitor]                            |
|  [ ] 6. [Toggle Frame History (Current: )]                                         |
|  [ ] 7. [Help]                                            |
|                                                           |
+===========================================================+
|  Running Applications: None                               |
|  System Time: 08:00:00 | Turn: 0 | Key: None |
+===========================================================+
|                                                           |
|  $ | [ ] 8. []                                                 |                                                 |

+=========================================================+
Nav > _





--- FRAME UPDATE at 2026-06-20 02:44:08 ---
 [ SIM ACTIVE: RUNNING (1) ]
 [ ACTIVE ID: liz_bulb ]
 [ EPOCH: 371 ]
 [ STEPS: 131 ]
 PROJECT CONTROLS:
[>] 1. [[ START ]][ ] 2. [[ PAUSE ]][ ] 3. [[ STEP / END TURN ]]
 PET SWITCHER:
[ ] 4. [Possess liz_bulb][ ] 5. [Possess liz_char][ ] 6. [Possess liz_gen_5414]
 METHODS (liz_bulb):
[ ] 7. [scan][ ] 8. [eat][ ] 9. [breathe][ ] 10. [check_death][ ] 11. [train][ ] 12. [attack][ ] 13. [mate][ ] 14. [rest][ ] 15. [nothing][ ] 16. [ai][ ] 17. [release]
 LOG: Epoch 370 Complete.
 TURN SUMMARY: liz_bulb:breathe | liz_bulb:check_death | liz_char:breathe | liz_char:scan | liz_char:rest | liz_char:check_death | liz_gen_5414:breathe | liz_gen_5414:scan | liz_gen_5414:rest | liz_gen_5414:check_death | liz_bulb:train(pieces/world_tank_01/logs/epoch_370.txt) | liz_char:train(pieces/world_tank_01/logs/epoch_370.txt) | liz_gen_5414:train(pieces/world_tank_01/logs/epoch_370.txt)

+=========================================================+
Nav > _





--- FRAME UPDATE at 2026-06-20 02:44:09 ---
+===========================================================+
|                                                           |
|           C H T P M + O S   C L I   v2.0                 |
|                                                           |
|  CHTPM+OS Main Menu                                      |
|                                                           |
|  [>] 1. [Project Loader]                             |
|  [ ] 2. [App Store (Fondu)]                          |
|  [ ] 3. [Status]  [ ] 4. [GL-OS]                                          |
|  [ ] 5. [Process Monitor]                            |
|  [ ] 6. [Toggle Frame History (Current: )]                                         |
|  [ ] 7. [Help]                                            |
|                                                           |
+===========================================================+
|  Running Applications: None                               |
|  System Time: 08:00:00 | Turn: 0 | Key: None |
+===========================================================+
|                                                           |
|  $ | [ ] 8. []                                                 |                                                 |

+=========================================================+
Nav > _





--- FRAME UPDATE at 2026-06-20 02:44:09 ---
 [ SIM ACTIVE: RUNNING (1) ]
 [ ACTIVE ID: liz_bulb ]
 [ EPOCH: 373 ]
 [ STEPS: 132 ]
 PROJECT CONTROLS:
[>] 1. [[ START ]][ ] 2. [[ PAUSE ]][ ] 3. [[ STEP / END TURN ]]
 PET SWITCHER:
[ ] 4. [Possess liz_bulb][ ] 5. [Possess liz_char][ ] 6. [Possess liz_gen_5414]
 METHODS (liz_bulb):
[ ] 7. [scan][ ] 8. [eat][ ] 9. [breathe][ ] 10. [check_death][ ] 11. [train][ ] 12. [attack][ ] 13. [mate][ ] 14. [rest][ ] 15. [nothing][ ] 16. [ai][ ] 17. [release]
 LOG: Epoch 372 Complete.
 TURN SUMMARY: liz_bulb:breathe | liz_bulb:check_death | liz_char:breathe | liz_char:scan | liz_char:rest | liz_char:check_death | liz_gen_5414:breathe | liz_gen_5414:scan | liz_gen_5414:rest | liz_gen_5414:check_death | liz_bulb:train(pieces/world_tank_01/logs/epoch_372.txt) | liz_char:train(pieces/world_tank_01/logs/epoch_372.txt) | liz_gen_5414:train(pieces/world_tank_01/logs/epoch_372.txt)

+=========================================================+
Nav > _





--- FRAME UPDATE at 2026-06-20 02:44:09 ---
 [ SIM ACTIVE: RUNNING (1) ]
 [ ACTIVE ID: liz_bulb ]
 [ EPOCH: 375 ]
 [ STEPS: 133 ]
 PROJECT CONTROLS:
[>] 1. [[ START ]][ ] 2. [[ PAUSE ]][ ] 3. [[ STEP / END TURN ]]
 PET SWITCHER:
[ ] 4. [Possess liz_bulb][ ] 5. [Possess liz_char][ ] 6. [Possess liz_gen_5414]
 METHODS (liz_bulb):
[ ] 7. [scan][ ] 8. [eat][ ] 9. [breathe][ ] 10. [check_death][ ] 11. [train][ ] 12. [attack][ ] 13. [mate][ ] 14. [rest][ ] 15. [nothing][ ] 16. [ai][ ] 17. [release]
 LOG: Epoch 374 Complete.
 TURN SUMMARY: liz_bulb:breathe | liz_bulb:check_death | liz_char:breathe | liz_char:scan | liz_char:rest | liz_char:check_death | liz_gen_5414:breathe | liz_gen_5414:scan | liz_gen_5414:rest | liz_gen_5414:check_death | liz_bulb:train(pieces/world_tank_01/logs/epoch_374.txt) | liz_char:train(pieces/world_tank_01/logs/epoch_374.txt) | liz_gen_5414:train(pieces/world_tank_01/logs/epoch_374.txt)

+=========================================================+
Nav > _





--- FRAME UPDATE at 2026-06-20 02:44:09 ---
 [ SIM ACTIVE: RUNNING (1) ]
 [ ACTIVE ID: liz_bulb ]
 [ EPOCH: 377 ]
 [ STEPS: 134 ]
 PROJECT CONTROLS:
[>] 1. [[ START ]][ ] 2. [[ PAUSE ]][ ] 3. [[ STEP / END TURN ]]
 PET SWITCHER:
[ ] 4. [Possess liz_bulb][ ] 5. [Possess liz_char][ ] 6. [Possess liz_gen_5414]
 METHODS (liz_bulb):
[ ] 7. [scan][ ] 8. [eat][ ] 9. [breathe][ ] 10. [check_death][ ] 11. [train][ ] 12. [attack][ ] 13. [mate][ ] 14. [rest][ ] 15. [nothing][ ] 16. [ai][ ] 17. [release]
 LOG: Epoch 376 Complete.
 TURN SUMMARY: liz_bulb:breathe | liz_bulb:check_death | liz_char:breathe | liz_char:scan | liz_char:rest | liz_char:check_death | liz_gen_5414:breathe | liz_gen_5414:scan | liz_gen_5414:rest | liz_gen_5414:check_death | liz_bulb:train(pieces/world_tank_01/logs/epoch_376.txt) | liz_char:train(pieces/world_tank_01/logs/epoch_376.txt) | liz_gen_5414:train(pieces/world_tank_01/logs/epoch_376.txt)

+=========================================================+
Nav > _





--- FRAME UPDATE at 2026-06-20 02:44:09 ---
+===========================================================+
|                                                           |
|           C H T P M + O S   C L I   v2.0                 |
|                                                           |
|  CHTPM+OS Main Menu                                      |
|                                                           |
|  [>] 1. [Project Loader]                             |
|  [ ] 2. [App Store (Fondu)]                          |
|  [ ] 3. [Status]  [ ] 4. [GL-OS]                                          |
|  [ ] 5. [Process Monitor]                            |
|  [ ] 6. [Toggle Frame History (Current: )]                                         |
|  [ ] 7. [Help]                                            |
|                                                           |
+===========================================================+
|  Running Applications: None                               |
|  System Time: 08:00:00 | Turn: 0 | Key: None |
+===========================================================+
|                                                           |
|  $ | [ ] 8. []                                                 |                                                 |

+=========================================================+
Nav > _





--- FRAME UPDATE at 2026-06-20 02:44:09 ---
 [ SIM ACTIVE: RUNNING (1) ]
 [ ACTIVE ID: liz_bulb ]
 [ EPOCH: 379 ]
 [ STEPS: 135 ]
 PROJECT CONTROLS:
[>] 1. [[ START ]][ ] 2. [[ PAUSE ]][ ] 3. [[ STEP / END TURN ]]
 PET SWITCHER:
[ ] 4. [Possess liz_bulb][ ] 5. [Possess liz_char][ ] 6. [Possess liz_gen_5414]
 METHODS (liz_bulb):
[ ] 7. [scan][ ] 8. [eat][ ] 9. [breathe][ ] 10. [check_death][ ] 11. [train][ ] 12. [attack][ ] 13. [mate][ ] 14. [rest][ ] 15. [nothing][ ] 16. [ai][ ] 17. [release]
 LOG: Epoch 378 Complete.
 TURN SUMMARY: liz_bulb:breathe | liz_bulb:check_death | liz_char:breathe | liz_char:scan | liz_char:rest | liz_char:check_death | liz_gen_5414:breathe | liz_gen_5414:scan | liz_gen_5414:rest | liz_gen_5414:check_death | liz_bulb:train(pieces/world_tank_01/logs/epoch_378.txt) | liz_char:train(pieces/world_tank_01/logs/epoch_378.txt) | liz_gen_5414:train(pieces/world_tank_01/logs/epoch_378.txt)

+=========================================================+
Nav > _





--- FRAME UPDATE at 2026-06-20 02:44:09 ---
+===========================================================+
|                                                           |
|           C H T P M + O S   C L I   v2.0                 |
|                                                           |
|  CHTPM+OS Main Menu                                      |
|                                                           |
|  [>] 1. [Project Loader]                             |
|  [ ] 2. [App Store (Fondu)]                          |
|  [ ] 3. [Status]  [ ] 4. [GL-OS]                                          |
|  [ ] 5. [Process Monitor]                            |
|  [ ] 6. [Toggle Frame History (Current: )]                                         |
|  [ ] 7. [Help]                                            |
|                                                           |
+===========================================================+
|  Running Applications: None                               |
|  System Time: 08:00:00 | Turn: 0 | Key: None |
+===========================================================+
|                                                           |
|  $ | [ ] 8. []                                                 |                                                 |

+=========================================================+
Nav > _





--- FRAME UPDATE at 2026-06-20 02:44:09 ---
 [ SIM ACTIVE: RUNNING (1) ]
 [ ACTIVE ID: liz_bulb ]
 [ EPOCH: 381 ]
 [ STEPS: 136 ]
 PROJECT CONTROLS:
[>] 1. [[ START ]][ ] 2. [[ PAUSE ]][ ] 3. [[ STEP / END TURN ]]
 PET SWITCHER:
[ ] 4. [Possess liz_bulb][ ] 5. [Possess liz_char][ ] 6. [Possess liz_gen_5414]
 METHODS (liz_bulb):
[ ] 7. [scan][ ] 8. [eat][ ] 9. [breathe][ ] 10. [check_death][ ] 11. [train][ ] 12. [attack][ ] 13. [mate][ ] 14. [rest][ ] 15. [nothing][ ] 16. [ai][ ] 17. [release]
 LOG: Epoch 380 Complete.
 TURN SUMMARY: liz_bulb:breathe | liz_bulb:check_death | liz_char:breathe | liz_char:scan | liz_char:rest | liz_char:check_death | liz_gen_5414:breathe | liz_gen_5414:scan | liz_gen_5414:rest | liz_gen_5414:check_death | liz_bulb:train(pieces/world_tank_01/logs/epoch_380.txt) | liz_char:train(pieces/world_tank_01/logs/epoch_380.txt) | liz_gen_5414:train(pieces/world_tank_01/logs/epoch_380.txt)

+=========================================================+
Nav > _





--- FRAME UPDATE at 2026-06-20 02:44:10 ---
+===========================================================+
|                                                           |
|           C H T P M + O S   C L I   v2.0                 |
|                                                           |
|  CHTPM+OS Main Menu                                      |
|                                                           |
|  [>] 1. [Project Loader]                             |
|  [ ] 2. [App Store (Fondu)]                          |
|  [ ] 3. [Status]  [ ] 4. [GL-OS]                                          |
|  [ ] 5. [Process Monitor]                            |
|  [ ] 6. [Toggle Frame History (Current: )]                                         |
|  [ ] 7. [Help]                                            |
|                                                           |
+===========================================================+
|  Running Applications: None                               |
|  System Time: 08:00:00 | Turn: 0 | Key: None |
+===========================================================+
|                                                           |
|  $ | [ ] 8. []                                                 |                                                 |

+=========================================================+
Nav > _





--- FRAME UPDATE at 2026-06-20 02:44:10 ---
 [ SIM ACTIVE: RUNNING (1) ]
 [ ACTIVE ID: liz_bulb ]
 [ EPOCH: 383 ]
 [ STEPS: 137 ]
 PROJECT CONTROLS:
[>] 1. [[ START ]][ ] 2. [[ PAUSE ]][ ] 3. [[ STEP / END TURN ]]
 PET SWITCHER:
[ ] 4. [Possess liz_bulb][ ] 5. [Possess liz_char][ ] 6. [Possess liz_gen_5414]
 METHODS (liz_bulb):
[ ] 7. [scan][ ] 8. [eat][ ] 9. [breathe][ ] 10. [check_death][ ] 11. [train][ ] 12. [attack][ ] 13. [mate][ ] 14. [rest][ ] 15. [nothing][ ] 16. [ai][ ] 17. [release]
 LOG: Epoch 382 Complete.
 TURN SUMMARY: liz_bulb:breathe | liz_bulb:check_death | liz_char:breathe | liz_char:scan | liz_char:rest | liz_char:check_death | liz_gen_5414:breathe | liz_gen_5414:scan | liz_gen_5414:rest | liz_gen_5414:check_death | liz_bulb:train(pieces/world_tank_01/logs/epoch_382.txt) | liz_char:train(pieces/world_tank_01/logs/epoch_382.txt) | liz_gen_5414:train(pieces/world_tank_01/logs/epoch_382.txt)

+=========================================================+
Nav > _





--- FRAME UPDATE at 2026-06-20 02:44:10 ---
+===========================================================+
|                                                           |
|           C H T P M + O S   C L I   v2.0                 |
|                                                           |
|  CHTPM+OS Main Menu                                      |
|                                                           |
|  [>] 1. [Project Loader]                             |
|  [ ] 2. [App Store (Fondu)]                          |
|  [ ] 3. [Status]  [ ] 4. [GL-OS]                                          |
|  [ ] 5. [Process Monitor]                            |
|  [ ] 6. [Toggle Frame History (Current: )]                                         |
|  [ ] 7. [Help]                                            |
|                                                           |
+===========================================================+
|  Running Applications: None                               |
|  System Time: 08:00:00 | Turn: 0 | Key: None |
+===========================================================+
|                                                           |
|  $ | [ ] 8. []                                                 |                                                 |

+=========================================================+
Nav > _





--- FRAME UPDATE at 2026-06-20 02:44:10 ---
+===========================================================+
|                                                           |
|           C H T P M + O S   C L I   v2.0                 |
|                                                           |
|  CHTPM+OS Main Menu                                      |
|                                                           |
|  [>] 1. [Project Loader]                             |
|  [ ] 2. [App Store (Fondu)]                          |
|  [ ] 3. [Status]  [ ] 4. [GL-OS]                                          |
|  [ ] 5. [Process Monitor]                            |
|  [ ] 6. [Toggle Frame History (Current: )]                                         |
|  [ ] 7. [Help]                                            |
|                                                           |
+===========================================================+
|  Running Applications: None                               |
|  System Time: 08:00:00 | Turn: 0 | Key: None |
+===========================================================+
|                                                           |
|  $ | [ ] 8. []                                                 |                                                 |

+=========================================================+
Nav > _





--- FRAME UPDATE at 2026-06-20 02:44:10 ---
 [ SIM ACTIVE: RUNNING (1) ]
 [ ACTIVE ID: liz_bulb ]
 [ EPOCH: 387 ]
 [ STEPS: 139 ]
 PROJECT CONTROLS:
[>] 1. [[ START ]][ ] 2. [[ PAUSE ]][ ] 3. [[ STEP / END TURN ]]
 PET SWITCHER:
[ ] 4. [Possess liz_bulb][ ] 5. [Possess liz_char][ ] 6. [Possess liz_gen_5414]
 METHODS (liz_bulb):
[ ] 7. [scan][ ] 8. [eat][ ] 9. [breathe][ ] 10. [check_death][ ] 11. [train][ ] 12. [attack][ ] 13. [mate][ ] 14. [rest][ ] 15. [nothing][ ] 16. [ai][ ] 17. [release]
 LOG: Epoch 386 Complete.
 TURN SUMMARY: liz_bulb:breathe | liz_bulb:check_death | liz_char:breathe | liz_char:scan | liz_char:rest | liz_char:check_death | liz_gen_5414:breathe | liz_gen_5414:scan | liz_gen_5414:rest | liz_gen_5414:check_death | liz_bulb:train(pieces/world_tank_01/logs/epoch_386.txt) | liz_char:train(pieces/world_tank_01/logs/epoch_386.txt) | liz_gen_5414:train(pieces/world_tank_01/logs/epoch_386.txt)

+=========================================================+
Nav > _





--- FRAME UPDATE at 2026-06-20 02:44:10 ---
+===========================================================+
|                                                           |
|           C H T P M + O S   C L I   v2.0                 |
|                                                           |
|  CHTPM+OS Main Menu                                      |
|                                                           |
|  [>] 1. [Project Loader]                             |
|  [ ] 2. [App Store (Fondu)]                          |
|  [ ] 3. [Status]  [ ] 4. [GL-OS]                                          |
|  [ ] 5. [Process Monitor]                            |
|  [ ] 6. [Toggle Frame History (Current: )]                                         |
|  [ ] 7. [Help]                                            |
|                                                           |
+===========================================================+
|  Running Applications: None                               |
|  System Time: 08:00:00 | Turn: 0 | Key: None |
+===========================================================+
|                                                           |
|  $ | [ ] 8. []                                                 |                                                 |

+=========================================================+
Nav > _





--- FRAME UPDATE at 2026-06-20 02:44:10 ---
+===========================================================+
|                                                           |
|           C H T P M + O S   C L I   v2.0                 |
|                                                           |
|  CHTPM+OS Main Menu                                      |
|                                                           |
|  [>] 1. [Project Loader]                             |
|  [ ] 2. [App Store (Fondu)]                          |
|  [ ] 3. [Status]  [ ] 4. [GL-OS]                                          |
|  [ ] 5. [Process Monitor]                            |
|  [ ] 6. [Toggle Frame History (Current: )]                                         |
|  [ ] 7. [Help]                                            |
|                                                           |
+===========================================================+
|  Running Applications: None                               |
|  System Time: 08:00:00 | Turn: 0 | Key: None |
+===========================================================+
|                                                           |
|  $ | [ ] 8. []                                                 |                                                 |

+=========================================================+
Nav > _





--- FRAME UPDATE at 2026-06-20 02:44:10 ---
+===========================================================+
|                                                           |
|           C H T P M + O S   C L I   v2.0                 |
|                                                           |
|  CHTPM+OS Main Menu                                      |
|                                                           |
|  [>] 1. [Project Loader]                             |
|  [ ] 2. [App Store (Fondu)]                          |
|  [ ] 3. [Status]  [ ] 4. [GL-OS]                                          |
|  [ ] 5. [Process Monitor]                            |
|  [ ] 6. [Toggle Frame History (Current: )]                                         |
|  [ ] 7. [Help]                                            |
|                                                           |
+===========================================================+
|  Running Applications: None                               |
|  System Time: 08:00:00 | Turn: 0 | Key: None |
+===========================================================+
|                                                           |
|  $ | [ ] 8. []                                                 |                                                 |

+=========================================================+
Nav > _





--- FRAME UPDATE at 2026-06-20 02:44:11 ---
 [ SIM ACTIVE: RUNNING (1) ]
 [ ACTIVE ID: liz_bulb ]
 [ EPOCH: 395 ]
 [ STEPS: 143 ]
 PROJECT CONTROLS:
[>] 1. [[ START ]][ ] 2. [[ PAUSE ]][ ] 3. [[ STEP / END TURN ]]
 PET SWITCHER:
[ ] 4. [Possess liz_bulb][ ] 5. [Possess liz_char][ ] 6. [Possess liz_gen_5414]
 METHODS (liz_bulb):
[ ] 7. [scan][ ] 8. [eat][ ] 9. [breathe][ ] 10. [check_death][ ] 11. [train][ ] 12. [attack][ ] 13. [mate][ ] 14. [rest][ ] 15. [nothing][ ] 16. [ai][ ] 17. [release]
 LOG: Epoch 394 Complete.
 TURN SUMMARY: liz_bulb:breathe | liz_bulb:check_death | liz_char:breathe | liz_char:scan | liz_char:rest | liz_char:check_death | liz_gen_5414:breathe | liz_gen_5414:scan | liz_gen_5414:rest | liz_gen_5414:check_death | liz_bulb:train(pieces/world_tank_01/logs/epoch_394.txt) | liz_char:train(pieces/world_tank_01/logs/epoch_394.txt) | liz_gen_5414:train(pieces/world_tank_01/logs/epoch_394.txt)

+=========================================================+
Nav > _





--- FRAME UPDATE at 2026-06-20 02:44:11 ---
 [ SIM ACTIVE: RUNNING (1) ]
 [ ACTIVE ID: liz_bulb ]
 [ EPOCH: 397 ]
 [ STEPS: 144 ]
 PROJECT CONTROLS:
[>] 1. [[ START ]][ ] 2. [[ PAUSE ]][ ] 3. [[ STEP / END TURN ]]
 PET SWITCHER:
[ ] 4. [Possess liz_bulb][ ] 5. [Possess liz_char][ ] 6. [Possess liz_gen_5414]
 METHODS (liz_bulb):
[ ] 7. [scan][ ] 8. [eat][ ] 9. [breathe][ ] 10. [check_death][ ] 11. [train][ ] 12. [attack][ ] 13. [mate][ ] 14. [rest][ ] 15. [nothing][ ] 16. [ai][ ] 17. [release]
 LOG: Epoch 396 Complete.
 TURN SUMMARY: liz_bulb:breathe | liz_bulb:check_death | liz_char:breathe | liz_char:scan | liz_char:rest | liz_char:check_death | liz_gen_5414:breathe | liz_gen_5414:scan | liz_gen_5414:rest | liz_gen_5414:check_death | liz_bulb:train(pieces/world_tank_01/logs/epoch_396.txt) | liz_char:train(pieces/world_tank_01/logs/epoch_396.txt) | liz_gen_5414:train(pieces/world_tank_01/logs/epoch_396.txt)

+=========================================================+
Nav > _





--- FRAME UPDATE at 2026-06-20 02:44:11 ---
+===========================================================+
|                                                           |
|           C H T P M + O S   C L I   v2.0                 |
|                                                           |
|  CHTPM+OS Main Menu                                      |
|                                                           |
|  [>] 1. [Project Loader]                             |
|  [ ] 2. [App Store (Fondu)]                          |
|  [ ] 3. [Status]  [ ] 4. [GL-OS]                                          |
|  [ ] 5. [Process Monitor]                            |
|  [ ] 6. [Toggle Frame History (Current: )]                                         |
|  [ ] 7. [Help]                                            |
|                                                           |
+===========================================================+
|  Running Applications: None                               |
|  System Time: 08:00:00 | Turn: 0 | Key: None |
+===========================================================+
|                                                           |
|  $ | [ ] 8. []                                                 |                                                 |

+=========================================================+
Nav > _





--- FRAME UPDATE at 2026-06-20 02:44:11 ---
+===========================================================+
|                                                           |
|           C H T P M + O S   C L I   v2.0                 |
|                                                           |
|  CHTPM+OS Main Menu                                      |
|                                                           |
|  [>] 1. [Project Loader]                             |
|  [ ] 2. [App Store (Fondu)]                          |
|  [ ] 3. [Status]  [ ] 4. [GL-OS]                                          |
|  [ ] 5. [Process Monitor]                            |
|  [ ] 6. [Toggle Frame History (Current: )]                                         |
|  [ ] 7. [Help]                                            |
|                                                           |
+===========================================================+
|  Running Applications: None                               |
|  System Time: 08:00:00 | Turn: 0 | Key: None |
+===========================================================+
|                                                           |
|  $ | [ ] 8. []                                                 |                                                 |

+=========================================================+
Nav > _





--- FRAME UPDATE at 2026-06-20 02:44:11 ---
+===========================================================+
|                                                           |
|           C H T P M + O S   C L I   v2.0                 |
|                                                           |
|  CHTPM+OS Main Menu                                      |
|                                                           |
|  [>] 1. [Project Loader]                             |
|  [ ] 2. [App Store (Fondu)]                          |
|  [ ] 3. [Status]  [ ] 4. [GL-OS]                                          |
|  [ ] 5. [Process Monitor]                            |
|  [ ] 6. [Toggle Frame History (Current: )]                                         |
|  [ ] 7. [Help]                                            |
|                                                           |
+===========================================================+
|  Running Applications: None                               |
|  System Time: 08:00:00 | Turn: 0 | Key: None |
+===========================================================+
|                                                           |
|  $ | [ ] 8. []                                                 |                                                 |

+=========================================================+
Nav > _





--- FRAME UPDATE at 2026-06-20 02:44:11 ---
+===========================================================+
|                                                           |
|           C H T P M + O S   C L I   v2.0                 |
|                                                           |
|  CHTPM+OS Main Menu                                      |
|                                                           |
|  [>] 1. [Project Loader]                             |
|  [ ] 2. [App Store (Fondu)]                          |
|  [ ] 3. [Status]  [ ] 4. [GL-OS]                                          |
|  [ ] 5. [Process Monitor]                            |
|  [ ] 6. [Toggle Frame History (Current: )]                                         |
|  [ ] 7. [Help]                                            |
|                                                           |
+===========================================================+
|  Running Applications: None                               |
|  System Time: 08:00:00 | Turn: 0 | Key: None |
+===========================================================+
|                                                           |
|  $ | [ ] 8. []                                                 |                                                 |

+=========================================================+
Nav > _





--- FRAME UPDATE at 2026-06-20 02:44:12 ---
+===========================================================+
|                                                           |
|           C H T P M + O S   C L I   v2.0                 |
|                                                           |
|  CHTPM+OS Main Menu                                      |
|                                                           |
|  [>] 1. [Project Loader]                             |
|  [ ] 2. [App Store (Fondu)]                          |
|  [ ] 3. [Status]  [ ] 4. [GL-OS]                                          |
|  [ ] 5. [Process Monitor]                            |
|  [ ] 6. [Toggle Frame History (Current: )]                                         |
|  [ ] 7. [Help]                                            |
|                                                           |
+===========================================================+
|  Running Applications: None                               |
|  System Time: 08:00:00 | Turn: 0 | Key: None |
+===========================================================+
|                                                           |
|  $ | [ ] 8. []                                                 |                                                 |

+=========================================================+
Nav > _





--- FRAME UPDATE at 2026-06-20 02:44:12 ---
+===========================================================+
|                                                           |
|           C H T P M + O S   C L I   v2.0                 |
|                                                           |
|  CHTPM+OS Main Menu                                      |
|                                                           |
|  [>] 1. [Project Loader]                             |
|  [ ] 2. [App Store (Fondu)]                          |
|  [ ] 3. [Status]  [ ] 4. [GL-OS]                                          |
|  [ ] 5. [Process Monitor]                            |
|  [ ] 6. [Toggle Frame History (Current: )]                                         |
|  [ ] 7. [Help]                                            |
|                                                           |
+===========================================================+
|  Running Applications: None                               |
|  System Time: 08:00:00 | Turn: 0 | Key: None |
+===========================================================+
|                                                           |
|  $ | [ ] 8. []                                                 |                                                 |

+=========================================================+
Nav > _





--- FRAME UPDATE at 2026-06-20 02:44:12 ---
+===========================================================+
|                                                           |
|           C H T P M + O S   C L I   v2.0                 |
|                                                           |
|  CHTPM+OS Main Menu                                      |
|                                                           |
|  [>] 1. [Project Loader]                             |
|  [ ] 2. [App Store (Fondu)]                          |
|  [ ] 3. [Status]  [ ] 4. [GL-OS]                                          |
|  [ ] 5. [Process Monitor]                            |
|  [ ] 6. [Toggle Frame History (Current: )]                                         |
|  [ ] 7. [Help]                                            |
|                                                           |
+===========================================================+
|  Running Applications: None                               |
|  System Time: 08:00:00 | Turn: 0 | Key: None |
+===========================================================+
|                                                           |
|  $ | [ ] 8. []                                                 |                                                 |

+=========================================================+
Nav > _





--- FRAME UPDATE at 2026-06-20 02:44:12 ---
+===========================================================+
|                                                           |
|           C H T P M + O S   C L I   v2.0                 |
|                                                           |
|  CHTPM+OS Main Menu                                      |
|                                                           |
|  [>] 1. [Project Loader]                             |
|  [ ] 2. [App Store (Fondu)]                          |
|  [ ] 3. [Status]  [ ] 4. [GL-OS]                                          |
|  [ ] 5. [Process Monitor]                            |
|  [ ] 6. [Toggle Frame History (Current: )]                                         |
|  [ ] 7. [Help]                                            |
|                                                           |
+===========================================================+
|  Running Applications: None                               |
|  System Time: 08:00:00 | Turn: 0 | Key: None |
+===========================================================+
|                                                           |
|  $ | [ ] 8. []                                                 |                                                 |

+=========================================================+
Nav > _





--- FRAME UPDATE at 2026-06-20 02:44:12 ---
 [ SIM ACTIVE: RUNNING (1) ]
 [ ACTIVE ID: liz_bulb ]
 [ EPOCH: 413 ]
 [ STEPS: 152 ]
 PROJECT CONTROLS:
[>] 1. [[ START ]][ ] 2. [[ PAUSE ]][ ] 3. [[ STEP / END TURN ]]
 PET SWITCHER:
[ ] 4. [Possess liz_bulb][ ] 5. [Possess liz_char][ ] 6. [Possess liz_gen_5414]
 METHODS (liz_bulb):
[ ] 7. [scan][ ] 8. [eat][ ] 9. [breathe][ ] 10. [check_death][ ] 11. [train][ ] 12. [attack][ ] 13. [mate][ ] 14. [rest][ ] 15. [nothing][ ] 16. [ai][ ] 17. [release]
 LOG: Epoch 412 Complete.
 TURN SUMMARY: liz_bulb:breathe | liz_bulb:check_death | liz_char:breathe | liz_char:scan | liz_char:rest | liz_char:check_death | liz_gen_5414:breathe | liz_gen_5414:scan | liz_gen_5414:rest | liz_gen_5414:check_death | liz_bulb:train(pieces/world_tank_01/logs/epoch_412.txt) | liz_char:train(pieces/world_tank_01/logs/epoch_412.txt) | liz_gen_5414:train(pieces/world_tank_01/logs/epoch_412.txt)

+=========================================================+
Nav > _





--- FRAME UPDATE at 2026-06-20 02:44:13 ---
 [ SIM ACTIVE: RUNNING (1) ]
 [ ACTIVE ID: liz_bulb ]
 [ EPOCH: 415 ]
 [ STEPS: 153 ]
 PROJECT CONTROLS:
[>] 1. [[ START ]][ ] 2. [[ PAUSE ]][ ] 3. [[ STEP / END TURN ]]
 PET SWITCHER:
[ ] 4. [Possess liz_bulb][ ] 5. [Possess liz_char][ ] 6. [Possess liz_gen_5414]
 METHODS (liz_bulb):
[ ] 7. [scan][ ] 8. [eat][ ] 9. [breathe][ ] 10. [check_death][ ] 11. [train][ ] 12. [attack][ ] 13. [mate][ ] 14. [rest][ ] 15. [nothing][ ] 16. [ai][ ] 17. [release]
 LOG: Epoch 414 Complete.
 TURN SUMMARY: liz_bulb:breathe | liz_bulb:check_death | liz_char:breathe | liz_char:scan | liz_char:rest | liz_char:check_death | liz_gen_5414:breathe | liz_gen_5414:scan | liz_gen_5414:rest | liz_gen_5414:check_death | liz_bulb:train(pieces/world_tank_01/logs/epoch_414.txt) | liz_char:train(pieces/world_tank_01/logs/epoch_414.txt) | liz_gen_5414:train(pieces/world_tank_01/logs/epoch_414.txt)

+=========================================================+
Nav > _





--- FRAME UPDATE at 2026-06-20 02:44:13 ---
 [ SIM ACTIVE: RUNNING (1) ]
 [ ACTIVE ID: liz_bulb ]
 [ EPOCH: 417 ]
 [ STEPS: 154 ]
 PROJECT CONTROLS:
[>] 1. [[ START ]][ ] 2. [[ PAUSE ]][ ] 3. [[ STEP / END TURN ]]
 PET SWITCHER:
[ ] 4. [Possess liz_bulb][ ] 5. [Possess liz_char][ ] 6. [Possess liz_gen_5414]
 METHODS (liz_bulb):
[ ] 7. [scan][ ] 8. [eat][ ] 9. [breathe][ ] 10. [check_death][ ] 11. [train][ ] 12. [attack][ ] 13. [mate][ ] 14. [rest][ ] 15. [nothing][ ] 16. [ai][ ] 17. [release]
 LOG: Epoch 416 Complete.
 TURN SUMMARY: liz_bulb:breathe | liz_bulb:check_death | liz_char:breathe | liz_char:scan | liz_char:rest | liz_char:check_death | liz_gen_5414:breathe | liz_gen_5414:scan | liz_gen_5414:rest | liz_gen_5414:check_death | liz_bulb:train(pieces/world_tank_01/logs/epoch_416.txt) | liz_char:train(pieces/world_tank_01/logs/epoch_416.txt) | liz_gen_5414:train(pieces/world_tank_01/logs/epoch_416.txt)

+=========================================================+
Nav > _





--- FRAME UPDATE at 2026-06-20 02:44:13 ---
 [ SIM ACTIVE: RUNNING (1) ]
 [ ACTIVE ID: liz_bulb ]
 [ EPOCH: 419 ]
 [ STEPS: 155 ]
 PROJECT CONTROLS:
[>] 1. [[ START ]][ ] 2. [[ PAUSE ]][ ] 3. [[ STEP / END TURN ]]
 PET SWITCHER:
[ ] 4. [Possess liz_bulb][ ] 5. [Possess liz_char][ ] 6. [Possess liz_gen_5414]
 METHODS (liz_bulb):
[ ] 7. [scan][ ] 8. [eat][ ] 9. [breathe][ ] 10. [check_death][ ] 11. [train][ ] 12. [attack][ ] 13. [mate][ ] 14. [rest][ ] 15. [nothing][ ] 16. [ai][ ] 17. [release]
 LOG: Epoch 418 Complete.
 TURN SUMMARY: liz_bulb:breathe | liz_bulb:check_death | liz_char:breathe | liz_char:scan | liz_char:rest | liz_char:check_death | liz_gen_5414:breathe | liz_gen_5414:scan | liz_gen_5414:rest | liz_gen_5414:check_death | liz_bulb:train(pieces/world_tank_01/logs/epoch_418.txt) | liz_char:train(pieces/world_tank_01/logs/epoch_418.txt) | liz_gen_5414:train(pieces/world_tank_01/logs/epoch_418.txt)

+=========================================================+
Nav > _





--- FRAME UPDATE at 2026-06-20 02:44:13 ---
 [ SIM ACTIVE: RUNNING (1) ]
 [ ACTIVE ID: liz_bulb ]
 [ EPOCH: 421 ]
 [ STEPS: 156 ]
 PROJECT CONTROLS:
[>] 1. [[ START ]][ ] 2. [[ PAUSE ]][ ] 3. [[ STEP / END TURN ]]
 PET SWITCHER:
[ ] 4. [Possess liz_bulb][ ] 5. [Possess liz_char][ ] 6. [Possess liz_gen_5414]
 METHODS (liz_bulb):
[ ] 7. [scan][ ] 8. [eat][ ] 9. [breathe][ ] 10. [check_death][ ] 11. [train][ ] 12. [attack][ ] 13. [mate][ ] 14. [rest][ ] 15. [nothing][ ] 16. [ai][ ] 17. [release]
 LOG: Epoch 420 Complete.
 TURN SUMMARY: liz_bulb:breathe | liz_bulb:check_death | liz_char:breathe | liz_char:scan | liz_char:rest | liz_char:check_death | liz_gen_5414:breathe | liz_gen_5414:scan | liz_gen_5414:rest | liz_gen_5414:check_death | liz_bulb:train(pieces/world_tank_01/logs/epoch_420.txt) | liz_char:train(pieces/world_tank_01/logs/epoch_420.txt) | liz_gen_5414:train(pieces/world_tank_01/logs/epoch_420.txt)

+=========================================================+
Nav > _





--- FRAME UPDATE at 2026-06-20 02:44:13 ---
 [ SIM ACTIVE: RUNNING (1) ]
 [ ACTIVE ID: liz_bulb ]
 [ EPOCH: 423 ]
 [ STEPS: 157 ]
 PROJECT CONTROLS:
[>] 1. [[ START ]][ ] 2. [[ PAUSE ]][ ] 3. [[ STEP / END TURN ]]
 PET SWITCHER:
[ ] 4. [Possess liz_bulb][ ] 5. [Possess liz_char][ ] 6. [Possess liz_gen_5414]
 METHODS (liz_bulb):
[ ] 7. [scan][ ] 8. [eat][ ] 9. [breathe][ ] 10. [check_death][ ] 11. [train][ ] 12. [attack][ ] 13. [mate][ ] 14. [rest][ ] 15. [nothing][ ] 16. [ai][ ] 17. [release]
 LOG: Epoch 422 Complete.
 TURN SUMMARY: liz_bulb:breathe | liz_bulb:check_death | liz_char:breathe | liz_char:scan | liz_char:rest | liz_char:check_death | liz_gen_5414:breathe | liz_gen_5414:scan | liz_gen_5414:rest | liz_gen_5414:check_death | liz_bulb:train(pieces/world_tank_01/logs/epoch_422.txt) | liz_char:train(pieces/world_tank_01/logs/epoch_422.txt) | liz_gen_5414:train(pieces/world_tank_01/logs/epoch_422.txt)

+=========================================================+
Nav > _





--- FRAME UPDATE at 2026-06-20 02:44:13 ---
 [ SIM ACTIVE: RUNNING (1) ]
 [ ACTIVE ID: liz_bulb ]
 [ EPOCH: 425 ]
 [ STEPS: 158 ]
 PROJECT CONTROLS:
[>] 1. [[ START ]][ ] 2. [[ PAUSE ]][ ] 3. [[ STEP / END TURN ]]
 PET SWITCHER:
[ ] 4. [Possess liz_bulb][ ] 5. [Possess liz_char][ ] 6. [Possess liz_gen_5414]
 METHODS (liz_bulb):
[ ] 7. [scan][ ] 8. [eat][ ] 9. [breathe][ ] 10. [check_death][ ] 11. [train][ ] 12. [attack][ ] 13. [mate][ ] 14. [rest][ ] 15. [nothing][ ] 16. [ai][ ] 17. [release]
 LOG: Epoch 424 Complete.
 TURN SUMMARY: liz_bulb:breathe | liz_bulb:check_death | liz_char:breathe | liz_char:scan | liz_char:rest | liz_char:check_death | liz_gen_5414:breathe | liz_gen_5414:scan | liz_gen_5414:rest | liz_gen_5414:check_death | liz_bulb:train(pieces/world_tank_01/logs/epoch_424.txt) | liz_char:train(pieces/world_tank_01/logs/epoch_424.txt) | liz_gen_5414:train(pieces/world_tank_01/logs/epoch_424.txt)

+=========================================================+
Nav > _





--- FRAME UPDATE at 2026-06-20 02:44:14 ---
 [ SIM ACTIVE: RUNNING (1) ]
 [ ACTIVE ID: liz_bulb ]
 [ EPOCH: 427 ]
 [ STEPS: 159 ]
 PROJECT CONTROLS:
[>] 1. [[ START ]][ ] 2. [[ PAUSE ]][ ] 3. [[ STEP / END TURN ]]
 PET SWITCHER:
[ ] 4. [Possess liz_bulb][ ] 5. [Possess liz_char][ ] 6. [Possess liz_gen_5414]
 METHODS (liz_bulb):
[ ] 7. [scan][ ] 8. [eat][ ] 9. [breathe][ ] 10. [check_death][ ] 11. [train][ ] 12. [attack][ ] 13. [mate][ ] 14. [rest][ ] 15. [nothing][ ] 16. [ai][ ] 17. [release]
 LOG: Epoch 426 Complete.
 TURN SUMMARY: liz_bulb:breathe | liz_bulb:check_death | liz_char:breathe | liz_char:scan | liz_char:rest | liz_char:check_death | liz_gen_5414:breathe | liz_gen_5414:scan | liz_gen_5414:rest | liz_gen_5414:check_death | liz_bulb:train(pieces/world_tank_01/logs/epoch_426.txt) | liz_char:train(pieces/world_tank_01/logs/epoch_426.txt) | liz_gen_5414:train(pieces/world_tank_01/logs/epoch_426.txt)

+=========================================================+
Nav > _





--- FRAME UPDATE at 2026-06-20 02:44:14 ---
+===========================================================+
|                                                           |
|           C H T P M + O S   C L I   v2.0                 |
|                                                           |
|  CHTPM+OS Main Menu                                      |
|                                                           |
|  [>] 1. [Project Loader]                             |
|  [ ] 2. [App Store (Fondu)]                          |
|  [ ] 3. [Status]  [ ] 4. [GL-OS]                                          |
|  [ ] 5. [Process Monitor]                            |
|  [ ] 6. [Toggle Frame History (Current: )]                                         |
|  [ ] 7. [Help]                                            |
|                                                           |
+===========================================================+
|  Running Applications: None                               |
|  System Time: 08:00:00 | Turn: 0 | Key: None |
+===========================================================+
|                                                           |
|  $ | [ ] 8. []                                                 |                                                 |

+=========================================================+
Nav > _





--- FRAME UPDATE at 2026-06-20 02:44:14 ---
 [ SIM ACTIVE: RUNNING (1) ]
 [ ACTIVE ID: liz_bulb ]
 [ EPOCH: 429 ]
 [ STEPS: 160 ]
 PROJECT CONTROLS:
[>] 1. [[ START ]][ ] 2. [[ PAUSE ]][ ] 3. [[ STEP / END TURN ]]
 PET SWITCHER:
[ ] 4. [Possess liz_bulb][ ] 5. [Possess liz_char][ ] 6. [Possess liz_gen_5414]
 METHODS (liz_bulb):
[ ] 7. [scan][ ] 8. [eat][ ] 9. [breathe][ ] 10. [check_death][ ] 11. [train][ ] 12. [attack][ ] 13. [mate][ ] 14. [rest][ ] 15. [nothing][ ] 16. [ai][ ] 17. [release]
 LOG: Epoch 428 Complete.
 TURN SUMMARY: liz_bulb:breathe | liz_bulb:check_death | liz_char:breathe | liz_char:scan | liz_char:rest | liz_char:check_death | liz_gen_5414:breathe | liz_gen_5414:scan | liz_gen_5414:rest | liz_gen_5414:check_death | liz_bulb:train(pieces/world_tank_01/logs/epoch_428.txt) | liz_char:train(pieces/world_tank_01/logs/epoch_428.txt) | liz_gen_5414:train(pieces/world_tank_01/logs/epoch_428.txt)

+=========================================================+
Nav > _





--- FRAME UPDATE at 2026-06-20 02:44:14 ---
 [ SIM ACTIVE: RUNNING (1) ]
 [ ACTIVE ID: liz_bulb ]
 [ EPOCH: 431 ]
 [ STEPS: 161 ]
 PROJECT CONTROLS:
[>] 1. [[ START ]][ ] 2. [[ PAUSE ]][ ] 3. [[ STEP / END TURN ]]
 PET SWITCHER:
[ ] 4. [Possess liz_bulb][ ] 5. [Possess liz_char][ ] 6. [Possess liz_gen_5414]
 METHODS (liz_bulb):
[ ] 7. [scan][ ] 8. [eat][ ] 9. [breathe][ ] 10. [check_death][ ] 11. [train][ ] 12. [attack][ ] 13. [mate][ ] 14. [rest][ ] 15. [nothing][ ] 16. [ai][ ] 17. [release]
 LOG: Epoch 430 Complete.
 TURN SUMMARY: liz_bulb:breathe | liz_bulb:check_death | liz_char:breathe | liz_char:scan | liz_char:rest | liz_char:check_death | liz_gen_5414:breathe | liz_gen_5414:scan | liz_gen_5414:rest | liz_gen_5414:check_death | liz_bulb:train(pieces/world_tank_01/logs/epoch_430.txt) | liz_char:train(pieces/world_tank_01/logs/epoch_430.txt) | liz_gen_5414:train(pieces/world_tank_01/logs/epoch_430.txt)

+=========================================================+
Nav > _





--- FRAME UPDATE at 2026-06-20 02:44:14 ---
 [ SIM ACTIVE: RUNNING (1) ]
 [ ACTIVE ID: liz_bulb ]
 [ EPOCH: 433 ]
 [ STEPS: 162 ]
 PROJECT CONTROLS:
[>] 1. [[ START ]][ ] 2. [[ PAUSE ]][ ] 3. [[ STEP / END TURN ]]
 PET SWITCHER:
[ ] 4. [Possess liz_bulb][ ] 5. [Possess liz_char][ ] 6. [Possess liz_gen_5414]
 METHODS (liz_bulb):
[ ] 7. [scan][ ] 8. [eat][ ] 9. [breathe][ ] 10. [check_death][ ] 11. [train][ ] 12. [attack][ ] 13. [mate][ ] 14. [rest][ ] 15. [nothing][ ] 16. [ai][ ] 17. [release]
 LOG: Epoch 432 Complete.
 TURN SUMMARY: liz_bulb:breathe | liz_bulb:check_death | liz_char:breathe | liz_char:scan | liz_char:rest | liz_char:check_death | liz_gen_5414:breathe | liz_gen_5414:scan | liz_gen_5414:rest | liz_gen_5414:check_death | liz_bulb:train(pieces/world_tank_01/logs/epoch_432.txt) | liz_char:train(pieces/world_tank_01/logs/epoch_432.txt) | liz_gen_5414:train(pieces/world_tank_01/logs/epoch_432.txt)

+=========================================================+
Nav > _





--- FRAME UPDATE at 2026-06-20 02:44:14 ---
 [ SIM ACTIVE: RUNNING (1) ]
 [ ACTIVE ID: liz_bulb ]
 [ EPOCH: 435 ]
 [ STEPS: 163 ]
 PROJECT CONTROLS:
[>] 1. [[ START ]][ ] 2. [[ PAUSE ]][ ] 3. [[ STEP / END TURN ]]
 PET SWITCHER:
[ ] 4. [Possess liz_bulb][ ] 5. [Possess liz_char][ ] 6. [Possess liz_gen_5414]
 METHODS (liz_bulb):
[ ] 7. [scan][ ] 8. [eat][ ] 9. [breathe][ ] 10. [check_death][ ] 11. [train][ ] 12. [attack][ ] 13. [mate][ ] 14. [rest][ ] 15. [nothing][ ] 16. [ai][ ] 17. [release]
 LOG: Epoch 434 Complete.
 TURN SUMMARY: liz_bulb:breathe | liz_bulb:check_death | liz_char:breathe | liz_char:scan | liz_char:rest | liz_char:check_death | liz_gen_5414:breathe | liz_gen_5414:scan | liz_gen_5414:rest | liz_gen_5414:check_death | liz_bulb:train(pieces/world_tank_01/logs/epoch_434.txt) | liz_char:train(pieces/world_tank_01/logs/epoch_434.txt) | liz_gen_5414:train(pieces/world_tank_01/logs/epoch_434.txt)

+=========================================================+
Nav > _





--- FRAME UPDATE at 2026-06-20 02:44:15 ---
 [ SIM ACTIVE: RUNNING (1) ]
 [ ACTIVE ID: liz_bulb ]
 [ EPOCH: 437 ]
 [ STEPS: 164 ]
 PROJECT CONTROLS:
[>] 1. [[ START ]][ ] 2. [[ PAUSE ]][ ] 3. [[ STEP / END TURN ]]
 PET SWITCHER:
[ ] 4. [Possess liz_bulb][ ] 5. [Possess liz_char][ ] 6. [Possess liz_gen_5414]
 METHODS (liz_bulb):
[ ] 7. [scan][ ] 8. [eat][ ] 9. [breathe][ ] 10. [check_death][ ] 11. [train][ ] 12. [attack][ ] 13. [mate][ ] 14. [rest][ ] 15. [nothing][ ] 16. [ai][ ] 17. [release]
 LOG: Epoch 436 Complete.
 TURN SUMMARY: liz_bulb:breathe | liz_bulb:check_death | liz_char:breathe | liz_char:scan | liz_char:rest | liz_char:check_death | liz_gen_5414:breathe | liz_gen_5414:scan | liz_gen_5414:rest | liz_gen_5414:check_death | liz_bulb:train(pieces/world_tank_01/logs/epoch_436.txt) | liz_char:train(pieces/world_tank_01/logs/epoch_436.txt) | liz_gen_5414:train(pieces/world_tank_01/logs/epoch_436.txt)

+=========================================================+
Nav > _





--- FRAME UPDATE at 2026-06-20 02:44:15 ---
 [ SIM ACTIVE: RUNNING (1) ]
 [ ACTIVE ID: liz_bulb ]
 [ EPOCH: 439 ]
 [ STEPS: 165 ]
 PROJECT CONTROLS:
[>] 1. [[ START ]][ ] 2. [[ PAUSE ]][ ] 3. [[ STEP / END TURN ]]
 PET SWITCHER:
[ ] 4. [Possess liz_bulb][ ] 5. [Possess liz_char][ ] 6. [Possess liz_gen_5414]
 METHODS (liz_bulb):
[ ] 7. [scan][ ] 8. [eat][ ] 9. [breathe][ ] 10. [check_death][ ] 11. [train][ ] 12. [attack][ ] 13. [mate][ ] 14. [rest][ ] 15. [nothing][ ] 16. [ai][ ] 17. [release]
 LOG: Epoch 438 Complete.
 TURN SUMMARY: liz_bulb:breathe | liz_bulb:check_death | liz_char:breathe | liz_char:scan | liz_char:rest | liz_char:check_death | liz_gen_5414:breathe | liz_gen_5414:scan | liz_gen_5414:rest | liz_gen_5414:check_death | liz_bulb:train(pieces/world_tank_01/logs/epoch_438.txt) | liz_char:train(pieces/world_tank_01/logs/epoch_438.txt) | liz_gen_5414:train(pieces/world_tank_01/logs/epoch_438.txt)

+=========================================================+
Nav > _





--- FRAME UPDATE at 2026-06-20 02:44:15 ---
 [ SIM ACTIVE: RUNNING (1) ]
 [ ACTIVE ID: liz_bulb ]
 [ EPOCH: 441 ]
 [ STEPS: 166 ]
 PROJECT CONTROLS:
[>] 1. [[ START ]][ ] 2. [[ PAUSE ]][ ] 3. [[ STEP / END TURN ]]
 PET SWITCHER:
[ ] 4. [Possess liz_bulb][ ] 5. [Possess liz_char][ ] 6. [Possess liz_gen_5414]
 METHODS (liz_bulb):
[ ] 7. [scan][ ] 8. [eat][ ] 9. [breathe][ ] 10. [check_death][ ] 11. [train][ ] 12. [attack][ ] 13. [mate][ ] 14. [rest][ ] 15. [nothing][ ] 16. [ai][ ] 17. [release]
 LOG: Epoch 440 Complete.
 TURN SUMMARY: liz_bulb:breathe | liz_bulb:check_death | liz_char:breathe | liz_char:scan | liz_char:rest | liz_char:check_death | liz_gen_5414:breathe | liz_gen_5414:scan | liz_gen_5414:rest | liz_gen_5414:check_death | liz_bulb:train(pieces/world_tank_01/logs/epoch_440.txt) | liz_char:train(pieces/world_tank_01/logs/epoch_440.txt) | liz_gen_5414:train(pieces/world_tank_01/logs/epoch_440.txt)

+=========================================================+
Nav > _





--- FRAME UPDATE at 2026-06-20 02:44:15 ---
 [ SIM ACTIVE: RUNNING (1) ]
 [ ACTIVE ID: liz_bulb ]
 [ EPOCH: 443 ]
 [ STEPS: 167 ]
 PROJECT CONTROLS:
[>] 1. [[ START ]][ ] 2. [[ PAUSE ]][ ] 3. [[ STEP / END TURN ]]
 PET SWITCHER:
[ ] 4. [Possess liz_bulb][ ] 5. [Possess liz_char][ ] 6. [Possess liz_gen_5414]
 METHODS (liz_bulb):
[ ] 7. [scan][ ] 8. [eat][ ] 9. [breathe][ ] 10. [check_death][ ] 11. [train][ ] 12. [attack][ ] 13. [mate][ ] 14. [rest][ ] 15. [nothing][ ] 16. [ai][ ] 17. [release]
 LOG: Epoch 442 Complete.
 TURN SUMMARY: liz_bulb:breathe | liz_bulb:check_death | liz_char:breathe | liz_char:scan | liz_char:rest | liz_char:check_death | liz_gen_5414:breathe | liz_gen_5414:scan | liz_gen_5414:rest | liz_gen_5414:check_death | liz_bulb:train(pieces/world_tank_01/logs/epoch_442.txt) | liz_char:train(pieces/world_tank_01/logs/epoch_442.txt) | liz_gen_5414:train(pieces/world_tank_01/logs/epoch_442.txt)

+=========================================================+
Nav > _





--- FRAME UPDATE at 2026-06-20 02:44:15 ---
+===========================================================+
|                                                           |
|           C H T P M + O S   C L I   v2.0                 |
|                                                           |
|  CHTPM+OS Main Menu                                      |
|                                                           |
|  [>] 1. [Project Loader]                             |
|  [ ] 2. [App Store (Fondu)]                          |
|  [ ] 3. [Status]  [ ] 4. [GL-OS]                                          |
|  [ ] 5. [Process Monitor]                            |
|  [ ] 6. [Toggle Frame History (Current: )]                                         |
|  [ ] 7. [Help]                                            |
|                                                           |
+===========================================================+
|  Running Applications: None                               |
|  System Time: 08:00:00 | Turn: 0 | Key: None |
+===========================================================+
|                                                           |
|  $ | [ ] 8. []                                                 |                                                 |

+=========================================================+
Nav > _





--- FRAME UPDATE at 2026-06-20 02:44:15 ---
 [ SIM ACTIVE: RUNNING (1) ]
 [ ACTIVE ID: liz_bulb ]
 [ EPOCH: 445 ]
 [ STEPS: 168 ]
 PROJECT CONTROLS:
[>] 1. [[ START ]][ ] 2. [[ PAUSE ]][ ] 3. [[ STEP / END TURN ]]
 PET SWITCHER:
[ ] 4. [Possess liz_bulb][ ] 5. [Possess liz_char][ ] 6. [Possess liz_gen_5414]
 METHODS (liz_bulb):
[ ] 7. [scan][ ] 8. [eat][ ] 9. [breathe][ ] 10. [check_death][ ] 11. [train][ ] 12. [attack][ ] 13. [mate][ ] 14. [rest][ ] 15. [nothing][ ] 16. [ai][ ] 17. [release]
 LOG: Epoch 444 Complete.
 TURN SUMMARY: liz_bulb:breathe | liz_bulb:check_death | liz_char:breathe | liz_char:scan | liz_char:rest | liz_char:check_death | liz_gen_5414:breathe | liz_gen_5414:scan | liz_gen_5414:rest | liz_gen_5414:check_death | liz_bulb:train(pieces/world_tank_01/logs/epoch_444.txt) | liz_char:train(pieces/world_tank_01/logs/epoch_444.txt) | liz_gen_5414:train(pieces/world_tank_01/logs/epoch_444.txt)

+=========================================================+
Nav > _





--- FRAME UPDATE at 2026-06-20 02:44:16 ---
+===========================================================+
|                                                           |
|           C H T P M + O S   C L I   v2.0                 |
|                                                           |
|  CHTPM+OS Main Menu                                      |
|                                                           |
|  [>] 1. [Project Loader]                             |
|  [ ] 2. [App Store (Fondu)]                          |
|  [ ] 3. [Status]  [ ] 4. [GL-OS]                                          |
|  [ ] 5. [Process Monitor]                            |
|  [ ] 6. [Toggle Frame History (Current: )]                                         |
|  [ ] 7. [Help]                                            |
|                                                           |
+===========================================================+
|  Running Applications: None                               |
|  System Time: 08:00:00 | Turn: 0 | Key: None |
+===========================================================+
|                                                           |
|  $ | [ ] 8. []                                                 |                                                 |

+=========================================================+
Nav > _





--- FRAME UPDATE at 2026-06-20 02:44:16 ---
 [ SIM ACTIVE: RUNNING (1) ]
 [ ACTIVE ID: liz_bulb ]
 [ EPOCH: 447 ]
 [ STEPS: 169 ]
 PROJECT CONTROLS:
[>] 1. [[ START ]][ ] 2. [[ PAUSE ]][ ] 3. [[ STEP / END TURN ]]
 PET SWITCHER:
[ ] 4. [Possess liz_bulb][ ] 5. [Possess liz_char][ ] 6. [Possess liz_gen_5414]
 METHODS (liz_bulb):
[ ] 7. [scan][ ] 8. [eat][ ] 9. [breathe][ ] 10. [check_death][ ] 11. [train][ ] 12. [attack][ ] 13. [mate][ ] 14. [rest][ ] 15. [nothing][ ] 16. [ai][ ] 17. [release]
 LOG: Epoch 446 Complete.
 TURN SUMMARY: liz_bulb:breathe | liz_bulb:check_death | liz_char:breathe | liz_char:scan | liz_char:rest | liz_char:check_death | liz_gen_5414:breathe | liz_gen_5414:scan | liz_gen_5414:rest | liz_gen_5414:check_death | liz_bulb:train(pieces/world_tank_01/logs/epoch_446.txt) | liz_char:train(pieces/world_tank_01/logs/epoch_446.txt) | liz_gen_5414:train(pieces/world_tank_01/logs/epoch_446.txt)

+=========================================================+
Nav > _





--- FRAME UPDATE at 2026-06-20 02:44:16 ---
+===========================================================+
|                                                           |
|           C H T P M + O S   C L I   v2.0                 |
|                                                           |
|  CHTPM+OS Main Menu                                      |
|                                                           |
|  [>] 1. [Project Loader]                             |
|  [ ] 2. [App Store (Fondu)]                          |
|  [ ] 3. [Status]  [ ] 4. [GL-OS]                                          |
|  [ ] 5. [Process Monitor]                            |
|  [ ] 6. [Toggle Frame History (Current: )]                                         |
|  [ ] 7. [Help]                                            |
|                                                           |
+===========================================================+
|  Running Applications: None                               |
|  System Time: 08:00:00 | Turn: 0 | Key: None |
+===========================================================+
|                                                           |
|  $ | [ ] 8. []                                                 |                                                 |

+=========================================================+
Nav > _





--- FRAME UPDATE at 2026-06-20 02:44:16 ---
 [ SIM ACTIVE: RUNNING (1) ]
 [ ACTIVE ID: liz_bulb ]
 [ EPOCH: 449 ]
 [ STEPS: 170 ]
 PROJECT CONTROLS:
[>] 1. [[ START ]][ ] 2. [[ PAUSE ]][ ] 3. [[ STEP / END TURN ]]
 PET SWITCHER:
[ ] 4. [Possess liz_bulb][ ] 5. [Possess liz_char][ ] 6. [Possess liz_gen_5414]
 METHODS (liz_bulb):
[ ] 7. [scan][ ] 8. [eat][ ] 9. [breathe][ ] 10. [check_death][ ] 11. [train][ ] 12. [attack][ ] 13. [mate][ ] 14. [rest][ ] 15. [nothing][ ] 16. [ai][ ] 17. [release]
 LOG: Epoch 448 Complete.
 TURN SUMMARY: liz_bulb:breathe | liz_bulb:check_death | liz_char:breathe | liz_char:scan | liz_char:rest | liz_char:check_death | liz_gen_5414:breathe | liz_gen_5414:scan | liz_gen_5414:rest | liz_gen_5414:check_death | liz_bulb:train(pieces/world_tank_01/logs/epoch_448.txt) | liz_char:train(pieces/world_tank_01/logs/epoch_448.txt) | liz_gen_5414:train(pieces/world_tank_01/logs/epoch_448.txt)

+=========================================================+
Nav > _





--- FRAME UPDATE at 2026-06-20 02:44:16 ---
+===========================================================+
|                                                           |
|           C H T P M + O S   C L I   v2.0                 |
|                                                           |
|  CHTPM+OS Main Menu                                      |
|                                                           |
|  [>] 1. [Project Loader]                             |
|  [ ] 2. [App Store (Fondu)]                          |
|  [ ] 3. [Status]  [ ] 4. [GL-OS]                                          |
|  [ ] 5. [Process Monitor]                            |
|  [ ] 6. [Toggle Frame History (Current: )]                                         |
|  [ ] 7. [Help]                                            |
|                                                           |
+===========================================================+
|  Running Applications: None                               |
|  System Time: 08:00:00 | Turn: 0 | Key: None |
+===========================================================+
|                                                           |
|  $ | [ ] 8. []                                                 |                                                 |

+=========================================================+
Nav > _





--- FRAME UPDATE at 2026-06-20 02:44:16 ---
 [ SIM ACTIVE: RUNNING (1) ]
 [ ACTIVE ID: liz_bulb ]
 [ EPOCH: 451 ]
 [ STEPS: 171 ]
 PROJECT CONTROLS:
[>] 1. [[ START ]][ ] 2. [[ PAUSE ]][ ] 3. [[ STEP / END TURN ]]
 PET SWITCHER:
[ ] 4. [Possess liz_bulb][ ] 5. [Possess liz_char][ ] 6. [Possess liz_gen_5414]
 METHODS (liz_bulb):
[ ] 7. [scan][ ] 8. [eat][ ] 9. [breathe][ ] 10. [check_death][ ] 11. [train][ ] 12. [attack][ ] 13. [mate][ ] 14. [rest][ ] 15. [nothing][ ] 16. [ai][ ] 17. [release]
 LOG: Epoch 450 Complete.
 TURN SUMMARY: liz_bulb:breathe | liz_bulb:check_death | liz_char:breathe | liz_char:scan | liz_char:rest | liz_char:check_death | liz_gen_5414:breathe | liz_gen_5414:scan | liz_gen_5414:rest | liz_gen_5414:check_death | liz_bulb:train(pieces/world_tank_01/logs/epoch_450.txt) | liz_char:train(pieces/world_tank_01/logs/epoch_450.txt) | liz_gen_5414:train(pieces/world_tank_01/logs/epoch_450.txt)

+=========================================================+
Nav > _





--- FRAME UPDATE at 2026-06-20 02:44:16 ---
 [ SIM ACTIVE: RUNNING (1) ]
 [ ACTIVE ID: liz_bulb ]
 [ EPOCH: 453 ]
 [ STEPS: 172 ]
 PROJECT CONTROLS:
[>] 1. [[ START ]][ ] 2. [[ PAUSE ]][ ] 3. [[ STEP / END TURN ]]
 PET SWITCHER:
[ ] 4. [Possess liz_bulb][ ] 5. [Possess liz_char][ ] 6. [Possess liz_gen_5414]
 METHODS (liz_bulb):
[ ] 7. [scan][ ] 8. [eat][ ] 9. [breathe][ ] 10. [check_death][ ] 11. [train][ ] 12. [attack][ ] 13. [mate][ ] 14. [rest][ ] 15. [nothing][ ] 16. [ai][ ] 17. [release]
 LOG: Epoch 452 Complete.
 TURN SUMMARY: liz_bulb:breathe | liz_bulb:check_death | liz_char:breathe | liz_char:scan | liz_char:rest | liz_char:check_death | liz_gen_5414:breathe | liz_gen_5414:scan | liz_gen_5414:rest | liz_gen_5414:check_death | liz_bulb:train(pieces/world_tank_01/logs/epoch_452.txt) | liz_char:train(pieces/world_tank_01/logs/epoch_452.txt) | liz_gen_5414:train(pieces/world_tank_01/logs/epoch_452.txt)

+=========================================================+
Nav > _





--- FRAME UPDATE at 2026-06-20 02:44:16 ---
+===========================================================+
|                                                           |
|           C H T P M + O S   C L I   v2.0                 |
|                                                           |
|  CHTPM+OS Main Menu                                      |
|                                                           |
|  [>] 1. [Project Loader]                             |
|  [ ] 2. [App Store (Fondu)]                          |
|  [ ] 3. [Status]  [ ] 4. [GL-OS]                                          |
|  [ ] 5. [Process Monitor]                            |
|  [ ] 6. [Toggle Frame History (Current: )]                                         |
|  [ ] 7. [Help]                                            |
|                                                           |
+===========================================================+
|  Running Applications: None                               |
|  System Time: 08:00:00 | Turn: 0 | Key: None |
+===========================================================+
|                                                           |
|  $ | [ ] 8. []                                                 |                                                 |

+=========================================================+
Nav > _





--- FRAME UPDATE at 2026-06-20 02:44:16 ---
 [ SIM ACTIVE: RUNNING (1) ]
 [ ACTIVE ID: liz_bulb ]
 [ EPOCH: 455 ]
 [ STEPS: 173 ]
 PROJECT CONTROLS:
[>] 1. [[ START ]][ ] 2. [[ PAUSE ]][ ] 3. [[ STEP / END TURN ]]
 PET SWITCHER:
[ ] 4. [Possess liz_bulb][ ] 5. [Possess liz_char][ ] 6. [Possess liz_gen_5414]
 METHODS (liz_bulb):
[ ] 7. [scan][ ] 8. [eat][ ] 9. [breathe][ ] 10. [check_death][ ] 11. [train][ ] 12. [attack][ ] 13. [mate][ ] 14. [rest][ ] 15. [nothing][ ] 16. [ai][ ] 17. [release]
 LOG: Epoch 454 Complete.
 TURN SUMMARY: liz_bulb:breathe | liz_bulb:check_death | liz_char:breathe | liz_char:scan | liz_char:rest | liz_char:check_death | liz_gen_5414:breathe | liz_gen_5414:scan | liz_gen_5414:rest | liz_gen_5414:check_death | liz_bulb:train(pieces/world_tank_01/logs/epoch_454.txt) | liz_char:train(pieces/world_tank_01/logs/epoch_454.txt) | liz_gen_5414:train(pieces/world_tank_01/logs/epoch_454.txt)

+=========================================================+
Nav > _





--- FRAME UPDATE at 2026-06-20 02:44:16 ---
+===========================================================+
|                                                           |
|           C H T P M + O S   C L I   v2.0                 |
|                                                           |
|  CHTPM+OS Main Menu                                      |
|                                                           |
|  [>] 1. [Project Loader]                             |
|  [ ] 2. [App Store (Fondu)]                          |
|  [ ] 3. [Status]  [ ] 4. [GL-OS]                                          |
|  [ ] 5. [Process Monitor]                            |
|  [ ] 6. [Toggle Frame History (Current: )]                                         |
|  [ ] 7. [Help]                                            |
|                                                           |
+===========================================================+
|  Running Applications: None                               |
|  System Time: 08:00:00 | Turn: 0 | Key: None |
+===========================================================+
|                                                           |
|  $ | [ ] 8. []                                                 |                                                 |

+=========================================================+
Nav > _





--- FRAME UPDATE at 2026-06-20 02:44:17 ---
 [ SIM ACTIVE: RUNNING (1) ]
 [ ACTIVE ID: liz_bulb ]
 [ EPOCH: 457 ]
 [ STEPS: 174 ]
 PROJECT CONTROLS:
[>] 1. [[ START ]][ ] 2. [[ PAUSE ]][ ] 3. [[ STEP / END TURN ]]
 PET SWITCHER:
[ ] 4. [Possess liz_bulb][ ] 5. [Possess liz_char][ ] 6. [Possess liz_gen_5414]
 METHODS (liz_bulb):
[ ] 7. [scan][ ] 8. [eat][ ] 9. [breathe][ ] 10. [check_death][ ] 11. [train][ ] 12. [attack][ ] 13. [mate][ ] 14. [rest][ ] 15. [nothing][ ] 16. [ai][ ] 17. [release]
 LOG: Epoch 456 Complete.
 TURN SUMMARY: liz_bulb:breathe | liz_bulb:check_death | liz_char:breathe | liz_char:scan | liz_char:rest | liz_char:check_death | liz_gen_5414:breathe | liz_gen_5414:scan | liz_gen_5414:rest | liz_gen_5414:check_death | liz_bulb:train(pieces/world_tank_01/logs/epoch_456.txt) | liz_char:train(pieces/world_tank_01/logs/epoch_456.txt) | liz_gen_5414:train(pieces/world_tank_01/logs/epoch_456.txt)

+=========================================================+
Nav > _





--- FRAME UPDATE at 2026-06-20 02:44:17 ---
 [ SIM ACTIVE: RUNNING (1) ]
 [ ACTIVE ID: liz_bulb ]
 [ EPOCH: 459 ]
 [ STEPS: 175 ]
 PROJECT CONTROLS:
[>] 1. [[ START ]][ ] 2. [[ PAUSE ]][ ] 3. [[ STEP / END TURN ]]
 PET SWITCHER:
[ ] 4. [Possess liz_bulb][ ] 5. [Possess liz_char][ ] 6. [Possess liz_gen_5414]
 METHODS (liz_bulb):
[ ] 7. [scan][ ] 8. [eat][ ] 9. [breathe][ ] 10. [check_death][ ] 11. [train][ ] 12. [attack][ ] 13. [mate][ ] 14. [rest][ ] 15. [nothing][ ] 16. [ai][ ] 17. [release]
 LOG: Epoch 458 Complete.
 TURN SUMMARY: liz_bulb:breathe | liz_bulb:check_death | liz_char:breathe | liz_char:scan | liz_char:rest | liz_char:check_death | liz_gen_5414:breathe | liz_gen_5414:scan | liz_gen_5414:rest | liz_gen_5414:check_death | liz_bulb:train(pieces/world_tank_01/logs/epoch_458.txt) | liz_char:train(pieces/world_tank_01/logs/epoch_458.txt) | liz_gen_5414:train(pieces/world_tank_01/logs/epoch_458.txt)

+=========================================================+
Nav > _





--- FRAME UPDATE at 2026-06-20 02:44:17 ---
 [ SIM ACTIVE: RUNNING (1) ]
 [ ACTIVE ID: liz_bulb ]
 [ EPOCH: 461 ]
 [ STEPS: 176 ]
 PROJECT CONTROLS:
[>] 1. [[ START ]][ ] 2. [[ PAUSE ]][ ] 3. [[ STEP / END TURN ]]
 PET SWITCHER:
[ ] 4. [Possess liz_bulb][ ] 5. [Possess liz_char][ ] 6. [Possess liz_gen_5414]
 METHODS (liz_bulb):
[ ] 7. [scan][ ] 8. [eat][ ] 9. [breathe][ ] 10. [check_death][ ] 11. [train][ ] 12. [attack][ ] 13. [mate][ ] 14. [rest][ ] 15. [nothing][ ] 16. [ai][ ] 17. [release]
 LOG: Epoch 460 Complete.
 TURN SUMMARY: liz_bulb:breathe | liz_bulb:check_death | liz_char:breathe | liz_char:scan | liz_char:rest | liz_char:check_death | liz_gen_5414:breathe | liz_gen_5414:scan | liz_gen_5414:rest | liz_gen_5414:check_death | liz_bulb:train(pieces/world_tank_01/logs/epoch_460.txt) | liz_char:train(pieces/world_tank_01/logs/epoch_460.txt) | liz_gen_5414:train(pieces/world_tank_01/logs/epoch_460.txt)

+=========================================================+
Nav > _





--- FRAME UPDATE at 2026-06-20 02:44:17 ---
+===========================================================+
|                                                           |
|           C H T P M + O S   C L I   v2.0                 |
|                                                           |
|  CHTPM+OS Main Menu                                      |
|                                                           |
|  [>] 1. [Project Loader]                             |
|  [ ] 2. [App Store (Fondu)]                          |
|  [ ] 3. [Status]  [ ] 4. [GL-OS]                                          |
|  [ ] 5. [Process Monitor]                            |
|  [ ] 6. [Toggle Frame History (Current: )]                                         |
|  [ ] 7. [Help]                                            |
|                                                           |
+===========================================================+
|  Running Applications: None                               |
|  System Time: 08:00:00 | Turn: 0 | Key: None |
+===========================================================+
|                                                           |
|  $ | [ ] 8. []                                                 |                                                 |

+=========================================================+
Nav > _





--- FRAME UPDATE at 2026-06-20 02:44:17 ---
 [ SIM ACTIVE: RUNNING (1) ]
 [ ACTIVE ID: liz_bulb ]
 [ EPOCH: 463 ]
 [ STEPS: 177 ]
 PROJECT CONTROLS:
[>] 1. [[ START ]][ ] 2. [[ PAUSE ]][ ] 3. [[ STEP / END TURN ]]
 PET SWITCHER:
[ ] 4. [Possess liz_bulb][ ] 5. [Possess liz_char][ ] 6. [Possess liz_gen_5414]
 METHODS (liz_bulb):
[ ] 7. [scan][ ] 8. [eat][ ] 9. [breathe][ ] 10. [check_death][ ] 11. [train][ ] 12. [attack][ ] 13. [mate][ ] 14. [rest][ ] 15. [nothing][ ] 16. [ai][ ] 17. [release]
 LOG: Epoch 462 Complete.
 TURN SUMMARY: liz_bulb:breathe | liz_bulb:check_death | liz_char:breathe | liz_char:scan | liz_char:rest | liz_char:check_death | liz_gen_5414:breathe | liz_gen_5414:scan | liz_gen_5414:rest | liz_gen_5414:check_death | liz_bulb:train(pieces/world_tank_01/logs/epoch_462.txt) | liz_char:train(pieces/world_tank_01/logs/epoch_462.txt) | liz_gen_5414:train(pieces/world_tank_01/logs/epoch_462.txt)

+=========================================================+
Nav > _





--- FRAME UPDATE at 2026-06-20 02:44:17 ---
+===========================================================+
|                                                           |
|           C H T P M + O S   C L I   v2.0                 |
|                                                           |
|  CHTPM+OS Main Menu                                      |
|                                                           |
|  [>] 1. [Project Loader]                             |
|  [ ] 2. [App Store (Fondu)]                          |
|  [ ] 3. [Status]  [ ] 4. [GL-OS]                                          |
|  [ ] 5. [Process Monitor]                            |
|  [ ] 6. [Toggle Frame History (Current: )]                                         |
|  [ ] 7. [Help]                                            |
|                                                           |
+===========================================================+
|  Running Applications: None                               |
|  System Time: 08:00:00 | Turn: 0 | Key: None |
+===========================================================+
|                                                           |
|  $ | [ ] 8. []                                                 |                                                 |

+=========================================================+
Nav > _





--- FRAME UPDATE at 2026-06-20 02:44:17 ---
+===========================================================+
|                                                           |
|           C H T P M + O S   C L I   v2.0                 |
|                                                           |
|  CHTPM+OS Main Menu                                      |
|                                                           |
|  [>] 1. [Project Loader]                             |
|  [ ] 2. [App Store (Fondu)]                          |
|  [ ] 3. [Status]  [ ] 4. [GL-OS]                                          |
|  [ ] 5. [Process Monitor]                            |
|  [ ] 6. [Toggle Frame History (Current: )]                                         |
|  [ ] 7. [Help]                                            |
|                                                           |
+===========================================================+
|  Running Applications: None                               |
|  System Time: 08:00:00 | Turn: 0 | Key: None |
+===========================================================+
|                                                           |
|  $ | [ ] 8. []                                                 |                                                 |

+=========================================================+
Nav > _





--- FRAME UPDATE at 2026-06-20 02:44:18 ---
+===========================================================+
|                                                           |
|           C H T P M + O S   C L I   v2.0                 |
|                                                           |
|  CHTPM+OS Main Menu                                      |
|                                                           |
|  [>] 1. [Project Loader]                             |
|  [ ] 2. [App Store (Fondu)]                          |
|  [ ] 3. [Status]  [ ] 4. [GL-OS]                                          |
|  [ ] 5. [Process Monitor]                            |
|  [ ] 6. [Toggle Frame History (Current: )]                                         |
|  [ ] 7. [Help]                                            |
|                                                           |
+===========================================================+
|  Running Applications: None                               |
|  System Time: 08:00:00 | Turn: 0 | Key: None |
+===========================================================+
|                                                           |
|  $ | [ ] 8. []                                                 |                                                 |

+=========================================================+
Nav > _





--- FRAME UPDATE at 2026-06-20 02:44:18 ---
 [ SIM ACTIVE: RUNNING (1) ]
 [ ACTIVE ID: liz_bulb ]
 [ EPOCH: 471 ]
 [ STEPS: 181 ]
 PROJECT CONTROLS:
[>] 1. [[ START ]][ ] 2. [[ PAUSE ]][ ] 3. [[ STEP / END TURN ]]
 PET SWITCHER:
[ ] 4. [Possess liz_bulb][ ] 5. [Possess liz_char][ ] 6. [Possess liz_gen_5414]
 METHODS (liz_bulb):
[ ] 7. [scan][ ] 8. [eat][ ] 9. [breathe][ ] 10. [check_death][ ] 11. [train][ ] 12. [attack][ ] 13. [mate][ ] 14. [rest][ ] 15. [nothing][ ] 16. [ai][ ] 17. [release]
 LOG: Epoch 470 Complete.
 TURN SUMMARY: liz_bulb:breathe | liz_bulb:check_death | liz_char:breathe | liz_char:scan | liz_char:rest | liz_char:check_death | liz_gen_5414:breathe | liz_gen_5414:scan | liz_gen_5414:rest | liz_gen_5414:check_death | liz_bulb:train(pieces/world_tank_01/logs/epoch_470.txt) | liz_char:train(pieces/world_tank_01/logs/epoch_470.txt) | liz_gen_5414:train(pieces/world_tank_01/logs/epoch_470.txt)

+=========================================================+
Nav > _





--- FRAME UPDATE at 2026-06-20 02:44:18 ---
 [ SIM ACTIVE: RUNNING (1) ]
 [ ACTIVE ID: liz_bulb ]
 [ EPOCH: 473 ]
 [ STEPS: 182 ]
 PROJECT CONTROLS:
[>] 1. [[ START ]][ ] 2. [[ PAUSE ]][ ] 3. [[ STEP / END TURN ]]
 PET SWITCHER:
[ ] 4. [Possess liz_bulb][ ] 5. [Possess liz_char][ ] 6. [Possess liz_gen_5414]
 METHODS (liz_bulb):
[ ] 7. [scan][ ] 8. [eat][ ] 9. [breathe][ ] 10. [check_death][ ] 11. [train][ ] 12. [attack][ ] 13. [mate][ ] 14. [rest][ ] 15. [nothing][ ] 16. [ai][ ] 17. [release]
 LOG: Epoch 472 Complete.
 TURN SUMMARY: liz_bulb:breathe | liz_bulb:check_death | liz_char:breathe | liz_char:scan | liz_char:rest | liz_char:check_death | liz_gen_5414:breathe | liz_gen_5414:scan | liz_gen_5414:rest | liz_gen_5414:check_death | liz_bulb:train(pieces/world_tank_01/logs/epoch_472.txt) | liz_char:train(pieces/world_tank_01/logs/epoch_472.txt) | liz_gen_5414:train(pieces/world_tank_01/logs/epoch_472.txt)

+=========================================================+
Nav > _





--- FRAME UPDATE at 2026-06-20 02:44:18 ---
 [ SIM ACTIVE: RUNNING (1) ]
 [ ACTIVE ID: liz_bulb ]
 [ EPOCH: 475 ]
 [ STEPS: 183 ]
 PROJECT CONTROLS:
[>] 1. [[ START ]][ ] 2. [[ PAUSE ]][ ] 3. [[ STEP / END TURN ]]
 PET SWITCHER:
[ ] 4. [Possess liz_bulb][ ] 5. [Possess liz_char][ ] 6. [Possess liz_gen_5414]
 METHODS (liz_bulb):
[ ] 7. [scan][ ] 8. [eat][ ] 9. [breathe][ ] 10. [check_death][ ] 11. [train][ ] 12. [attack][ ] 13. [mate][ ] 14. [rest][ ] 15. [nothing][ ] 16. [ai][ ] 17. [release]
 LOG: Epoch 474 Complete.
 TURN SUMMARY: liz_bulb:breathe | liz_bulb:check_death | liz_char:breathe | liz_char:scan | liz_char:rest | liz_char:check_death | liz_gen_5414:breathe | liz_gen_5414:scan | liz_gen_5414:rest | liz_gen_5414:check_death | liz_bulb:train(pieces/world_tank_01/logs/epoch_474.txt) | liz_char:train(pieces/world_tank_01/logs/epoch_474.txt) | liz_gen_5414:train(pieces/world_tank_01/logs/epoch_474.txt)

+=========================================================+
Nav > _





--- FRAME UPDATE at 2026-06-20 02:44:18 ---
+===========================================================+
|                                                           |
|           C H T P M + O S   C L I   v2.0                 |
|                                                           |
|  CHTPM+OS Main Menu                                      |
|                                                           |
|  [>] 1. [Project Loader]                             |
|  [ ] 2. [App Store (Fondu)]                          |
|  [ ] 3. [Status]  [ ] 4. [GL-OS]                                          |
|  [ ] 5. [Process Monitor]                            |
|  [ ] 6. [Toggle Frame History (Current: )]                                         |
|  [ ] 7. [Help]                                            |
|                                                           |
+===========================================================+
|  Running Applications: None                               |
|  System Time: 08:00:00 | Turn: 0 | Key: None |
+===========================================================+
|                                                           |
|  $ | [ ] 8. []                                                 |                                                 |

+=========================================================+
Nav > _





--- FRAME UPDATE at 2026-06-20 02:44:18 ---
 [ SIM ACTIVE: RUNNING (1) ]
 [ ACTIVE ID: liz_bulb ]
 [ EPOCH: 477 ]
 [ STEPS: 184 ]
 PROJECT CONTROLS:
[>] 1. [[ START ]][ ] 2. [[ PAUSE ]][ ] 3. [[ STEP / END TURN ]]
 PET SWITCHER:
[ ] 4. [Possess liz_bulb][ ] 5. [Possess liz_char][ ] 6. [Possess liz_gen_5414]
 METHODS (liz_bulb):
[ ] 7. [scan][ ] 8. [eat][ ] 9. [breathe][ ] 10. [check_death][ ] 11. [train][ ] 12. [attack][ ] 13. [mate][ ] 14. [rest][ ] 15. [nothing][ ] 16. [ai][ ] 17. [release]
 LOG: Epoch 476 Complete.
 TURN SUMMARY: liz_bulb:breathe | liz_bulb:check_death | liz_char:breathe | liz_char:scan | liz_char:rest | liz_char:check_death | liz_gen_5414:breathe | liz_gen_5414:scan | liz_gen_5414:rest | liz_gen_5414:check_death | liz_bulb:train(pieces/world_tank_01/logs/epoch_476.txt) | liz_char:train(pieces/world_tank_01/logs/epoch_476.txt) | liz_gen_5414:train(pieces/world_tank_01/logs/epoch_476.txt)

+=========================================================+
Nav > _





--- FRAME UPDATE at 2026-06-20 02:44:18 ---
+===========================================================+
|                                                           |
|           C H T P M + O S   C L I   v2.0                 |
|                                                           |
|  CHTPM+OS Main Menu                                      |
|                                                           |
|  [>] 1. [Project Loader]                             |
|  [ ] 2. [App Store (Fondu)]                          |
|  [ ] 3. [Status]  [ ] 4. [GL-OS]                                          |
|  [ ] 5. [Process Monitor]                            |
|  [ ] 6. [Toggle Frame History (Current: )]                                         |
|  [ ] 7. [Help]                                            |
|                                                           |
+===========================================================+
|  Running Applications: None                               |
|  System Time: 08:00:00 | Turn: 0 | Key: None |
+===========================================================+
|                                                           |
|  $ | [ ] 8. []                                                 |                                                 |

+=========================================================+
Nav > _





--- FRAME UPDATE at 2026-06-20 02:44:19 ---
+===========================================================+
|                                                           |
|           C H T P M + O S   C L I   v2.0                 |
|                                                           |
|  CHTPM+OS Main Menu                                      |
|                                                           |
|  [>] 1. [Project Loader]                             |
|  [ ] 2. [App Store (Fondu)]                          |
|  [ ] 3. [Status]  [ ] 4. [GL-OS]                                          |
|  [ ] 5. [Process Monitor]                            |
|  [ ] 6. [Toggle Frame History (Current: )]                                         |
|  [ ] 7. [Help]                                            |
|                                                           |
+===========================================================+
|  Running Applications: None                               |
|  System Time: 08:00:00 | Turn: 0 | Key: None |
+===========================================================+
|                                                           |
|  $ | [ ] 8. []                                                 |                                                 |

+=========================================================+
Nav > _





--- FRAME UPDATE at 2026-06-20 02:44:19 ---
+===========================================================+
|                                                           |
|           C H T P M + O S   C L I   v2.0                 |
|                                                           |
|  CHTPM+OS Main Menu                                      |
|                                                           |
|  [>] 1. [Project Loader]                             |
|  [ ] 2. [App Store (Fondu)]                          |
|  [ ] 3. [Status]  [ ] 4. [GL-OS]                                          |
|  [ ] 5. [Process Monitor]                            |
|  [ ] 6. [Toggle Frame History (Current: )]                                         |
|  [ ] 7. [Help]                                            |
|                                                           |
+===========================================================+
|  Running Applications: None                               |
|  System Time: 08:00:00 | Turn: 0 | Key: None |
+===========================================================+
|                                                           |
|  $ | [ ] 8. []                                                 |                                                 |

+=========================================================+
Nav > _





--- FRAME UPDATE at 2026-06-20 02:44:19 ---
 [ SIM ACTIVE: RUNNING (1) ]
 [ ACTIVE ID: liz_bulb ]
 [ EPOCH: 481 ]
 [ STEPS: 186 ]
 PROJECT CONTROLS:
[>] 1. [[ START ]][ ] 2. [[ PAUSE ]][ ] 3. [[ STEP / END TURN ]]
 PET SWITCHER:
[ ] 4. [Possess liz_bulb][ ] 5. [Possess liz_char][ ] 6. [Possess liz_gen_5414]
 METHODS (liz_bulb):
[ ] 7. [scan][ ] 8. [eat][ ] 9. [breathe][ ] 10. [check_death][ ] 11. [train][ ] 12. [attack][ ] 13. [mate][ ] 14. [rest][ ] 15. [nothing][ ] 16. [ai][ ] 17. [release]
 LOG: Epoch 480 Complete.
 TURN SUMMARY: liz_bulb:breathe | liz_bulb:check_death | liz_char:breathe | liz_char:scan | liz_char:rest | liz_char:check_death | liz_gen_5414:breathe | liz_gen_5414:scan | liz_gen_5414:rest | liz_gen_5414:check_death | liz_bulb:train(pieces/world_tank_01/logs/epoch_480.txt) | liz_char:train(pieces/world_tank_01/logs/epoch_480.txt) | liz_gen_5414:train(pieces/world_tank_01/logs/epoch_480.txt)

+=========================================================+
Nav > _





--- FRAME UPDATE at 2026-06-20 02:44:19 ---
+===========================================================+
|                                                           |
|           C H T P M + O S   C L I   v2.0                 |
|                                                           |
|  CHTPM+OS Main Menu                                      |
|                                                           |
|  [>] 1. [Project Loader]                             |
|  [ ] 2. [App Store (Fondu)]                          |
|  [ ] 3. [Status]  [ ] 4. [GL-OS]                                          |
|  [ ] 5. [Process Monitor]                            |
|  [ ] 6. [Toggle Frame History (Current: )]                                         |
|  [ ] 7. [Help]                                            |
|                                                           |
+===========================================================+
|  Running Applications: None                               |
|  System Time: 08:00:00 | Turn: 0 | Key: None |
+===========================================================+
|                                                           |
|  $ | [ ] 8. []                                                 |                                                 |

+=========================================================+
Nav > _





--- FRAME UPDATE at 2026-06-20 02:44:19 ---
 [ SIM ACTIVE: RUNNING (1) ]
 [ ACTIVE ID: liz_bulb ]
 [ EPOCH: 483 ]
 [ STEPS: 187 ]
 PROJECT CONTROLS:
[>] 1. [[ START ]][ ] 2. [[ PAUSE ]][ ] 3. [[ STEP / END TURN ]]
 PET SWITCHER:
[ ] 4. [Possess liz_bulb][ ] 5. [Possess liz_char][ ] 6. [Possess liz_gen_5414]
 METHODS (liz_bulb):
[ ] 7. [scan][ ] 8. [eat][ ] 9. [breathe][ ] 10. [check_death][ ] 11. [train][ ] 12. [attack][ ] 13. [mate][ ] 14. [rest][ ] 15. [nothing][ ] 16. [ai][ ] 17. [release]
 LOG: Epoch 482 Complete.
 TURN SUMMARY: liz_bulb:breathe | liz_bulb:check_death | liz_char:breathe | liz_char:scan | liz_char:rest | liz_char:check_death | liz_gen_5414:breathe | liz_gen_5414:scan | liz_gen_5414:rest | liz_gen_5414:check_death | liz_bulb:train(pieces/world_tank_01/logs/epoch_482.txt) | liz_char:train(pieces/world_tank_01/logs/epoch_482.txt) | liz_gen_5414:train(pieces/world_tank_01/logs/epoch_482.txt)

+=========================================================+
Nav > _





--- FRAME UPDATE at 2026-06-20 02:44:19 ---
+===========================================================+
|                                                           |
|           C H T P M + O S   C L I   v2.0                 |
|                                                           |
|  CHTPM+OS Main Menu                                      |
|                                                           |
|  [>] 1. [Project Loader]                             |
|  [ ] 2. [App Store (Fondu)]                          |
|  [ ] 3. [Status]  [ ] 4. [GL-OS]                                          |
|  [ ] 5. [Process Monitor]                            |
|  [ ] 6. [Toggle Frame History (Current: )]                                         |
|  [ ] 7. [Help]                                            |
|                                                           |
+===========================================================+
|  Running Applications: None                               |
|  System Time: 08:00:00 | Turn: 0 | Key: None |
+===========================================================+
|                                                           |
|  $ | [ ] 8. []                                                 |                                                 |

+=========================================================+
Nav > _





--- FRAME UPDATE at 2026-06-20 02:44:19 ---
+===========================================================+
|                                                           |
|           C H T P M + O S   C L I   v2.0                 |
|                                                           |
|  CHTPM+OS Main Menu                                      |
|                                                           |
|  [>] 1. [Project Loader]                             |
|  [ ] 2. [App Store (Fondu)]                          |
|  [ ] 3. [Status]  [ ] 4. [GL-OS]                                          |
|  [ ] 5. [Process Monitor]                            |
|  [ ] 6. [Toggle Frame History (Current: )]                                         |
|  [ ] 7. [Help]                                            |
|                                                           |
+===========================================================+
|  Running Applications: None                               |
|  System Time: 08:00:00 | Turn: 0 | Key: None |
+===========================================================+
|                                                           |
|  $ | [ ] 8. []                                                 |                                                 |

+=========================================================+
Nav > _





--- FRAME UPDATE at 2026-06-20 02:44:20 ---
 [ SIM ACTIVE: RUNNING (1) ]
 [ ACTIVE ID: liz_bulb ]
 [ EPOCH: 489 ]
 [ STEPS: 190 ]
 PROJECT CONTROLS:
[>] 1. [[ START ]][ ] 2. [[ PAUSE ]][ ] 3. [[ STEP / END TURN ]]
 PET SWITCHER:
[ ] 4. [Possess liz_bulb][ ] 5. [Possess liz_char][ ] 6. [Possess liz_gen_5414]
 METHODS (liz_bulb):
[ ] 7. [scan][ ] 8. [eat][ ] 9. [breathe][ ] 10. [check_death][ ] 11. [train][ ] 12. [attack][ ] 13. [mate][ ] 14. [rest][ ] 15. [nothing][ ] 16. [ai][ ] 17. [release]
 LOG: Epoch 488 Complete.
 TURN SUMMARY: liz_bulb:breathe | liz_bulb:check_death | liz_char:breathe | liz_char:scan | liz_char:rest | liz_char:check_death | liz_gen_5414:breathe | liz_gen_5414:scan | liz_gen_5414:rest | liz_gen_5414:check_death | liz_bulb:train(pieces/world_tank_01/logs/epoch_488.txt) | liz_char:train(pieces/world_tank_01/logs/epoch_488.txt) | liz_gen_5414:train(pieces/world_tank_01/logs/epoch_488.txt)

+=========================================================+
Nav > _





--- FRAME UPDATE at 2026-06-20 02:44:20 ---
+===========================================================+
|                                                           |
|           C H T P M + O S   C L I   v2.0                 |
|                                                           |
|  CHTPM+OS Main Menu                                      |
|                                                           |
|  [>] 1. [Project Loader]                             |
|  [ ] 2. [App Store (Fondu)]                          |
|  [ ] 3. [Status]  [ ] 4. [GL-OS]                                          |
|  [ ] 5. [Process Monitor]                            |
|  [ ] 6. [Toggle Frame History (Current: )]                                         |
|  [ ] 7. [Help]                                            |
|                                                           |
+===========================================================+
|  Running Applications: None                               |
|  System Time: 08:00:00 | Turn: 0 | Key: None |
+===========================================================+
|                                                           |
|  $ | [ ] 8. []                                                 |                                                 |

+=========================================================+
Nav > _





--- FRAME UPDATE at 2026-06-20 02:44:20 ---
 [ SIM ACTIVE: RUNNING (1) ]
 [ ACTIVE ID: liz_bulb ]
 [ EPOCH: 491 ]
 [ STEPS: 191 ]
 PROJECT CONTROLS:
[>] 1. [[ START ]][ ] 2. [[ PAUSE ]][ ] 3. [[ STEP / END TURN ]]
 PET SWITCHER:
[ ] 4. [Possess liz_bulb][ ] 5. [Possess liz_char][ ] 6. [Possess liz_gen_5414]
 METHODS (liz_bulb):
[ ] 7. [scan][ ] 8. [eat][ ] 9. [breathe][ ] 10. [check_death][ ] 11. [train][ ] 12. [attack][ ] 13. [mate][ ] 14. [rest][ ] 15. [nothing][ ] 16. [ai][ ] 17. [release]
 LOG: Epoch 490 Complete.
 TURN SUMMARY: liz_bulb:breathe | liz_bulb:check_death | liz_char:breathe | liz_char:scan | liz_char:rest | liz_char:check_death | liz_gen_5414:breathe | liz_gen_5414:scan | liz_gen_5414:rest | liz_gen_5414:check_death | liz_bulb:train(pieces/world_tank_01/logs/epoch_490.txt) | liz_char:train(pieces/world_tank_01/logs/epoch_490.txt) | liz_gen_5414:train(pieces/world_tank_01/logs/epoch_490.txt)

+=========================================================+
Nav > _





--- FRAME UPDATE at 2026-06-20 02:44:20 ---
+===========================================================+
|                                                           |
|           C H T P M + O S   C L I   v2.0                 |
|                                                           |
|  CHTPM+OS Main Menu                                      |
|                                                           |
|  [>] 1. [Project Loader]                             |
|  [ ] 2. [App Store (Fondu)]                          |
|  [ ] 3. [Status]  [ ] 4. [GL-OS]                                          |
|  [ ] 5. [Process Monitor]                            |
|  [ ] 6. [Toggle Frame History (Current: )]                                         |
|  [ ] 7. [Help]                                            |
|                                                           |
+===========================================================+
|  Running Applications: None                               |
|  System Time: 08:00:00 | Turn: 0 | Key: None |
+===========================================================+
|                                                           |
|  $ | [ ] 8. []                                                 |                                                 |

+=========================================================+
Nav > _





--- FRAME UPDATE at 2026-06-20 02:44:20 ---
 [ SIM ACTIVE: RUNNING (1) ]
 [ ACTIVE ID: liz_bulb ]
 [ EPOCH: 493 ]
 [ STEPS: 192 ]
 PROJECT CONTROLS:
[>] 1. [[ START ]][ ] 2. [[ PAUSE ]][ ] 3. [[ STEP / END TURN ]]
 PET SWITCHER:
[ ] 4. [Possess liz_bulb][ ] 5. [Possess liz_char][ ] 6. [Possess liz_gen_5414]
 METHODS (liz_bulb):
[ ] 7. [scan][ ] 8. [eat][ ] 9. [breathe][ ] 10. [check_death][ ] 11. [train][ ] 12. [attack][ ] 13. [mate][ ] 14. [rest][ ] 15. [nothing][ ] 16. [ai][ ] 17. [release]
 LOG: Epoch 492 Complete.
 TURN SUMMARY: liz_bulb:breathe | liz_bulb:check_death | liz_char:breathe | liz_char:scan | liz_char:rest | liz_char:check_death | liz_gen_5414:breathe | liz_gen_5414:scan | liz_gen_5414:rest | liz_gen_5414:check_death | liz_bulb:train(pieces/world_tank_01/logs/epoch_492.txt) | liz_char:train(pieces/world_tank_01/logs/epoch_492.txt) | liz_gen_5414:train(pieces/world_tank_01/logs/epoch_492.txt)

+=========================================================+
Nav > _





--- FRAME UPDATE at 2026-06-20 02:44:20 ---
+===========================================================+
|                                                           |
|           C H T P M + O S   C L I   v2.0                 |
|                                                           |
|  CHTPM+OS Main Menu                                      |
|                                                           |
|  [>] 1. [Project Loader]                             |
|  [ ] 2. [App Store (Fondu)]                          |
|  [ ] 3. [Status]  [ ] 4. [GL-OS]                                          |
|  [ ] 5. [Process Monitor]                            |
|  [ ] 6. [Toggle Frame History (Current: )]                                         |
|  [ ] 7. [Help]                                            |
|                                                           |
+===========================================================+
|  Running Applications: None                               |
|  System Time: 08:00:00 | Turn: 0 | Key: None |
+===========================================================+
|                                                           |
|  $ | [ ] 8. []                                                 |                                                 |

+=========================================================+
Nav > _





--- FRAME UPDATE at 2026-06-20 02:44:20 ---
 [ SIM ACTIVE: RUNNING (1) ]
 [ ACTIVE ID: liz_bulb ]
 [ EPOCH: 495 ]
 [ STEPS: 193 ]
 PROJECT CONTROLS:
[>] 1. [[ START ]][ ] 2. [[ PAUSE ]][ ] 3. [[ STEP / END TURN ]]
 PET SWITCHER:
[ ] 4. [Possess liz_bulb][ ] 5. [Possess liz_char][ ] 6. [Possess liz_gen_5414]
 METHODS (liz_bulb):
[ ] 7. [scan][ ] 8. [eat][ ] 9. [breathe][ ] 10. [check_death][ ] 11. [train][ ] 12. [attack][ ] 13. [mate][ ] 14. [rest][ ] 15. [nothing][ ] 16. [ai][ ] 17. [release]
 LOG: Epoch 494 Complete.
 TURN SUMMARY: liz_bulb:breathe | liz_bulb:check_death | liz_char:breathe | liz_char:scan | liz_char:rest | liz_char:check_death | liz_gen_5414:breathe | liz_gen_5414:scan | liz_gen_5414:rest | liz_gen_5414:check_death | liz_bulb:train(pieces/world_tank_01/logs/epoch_494.txt) | liz_char:train(pieces/world_tank_01/logs/epoch_494.txt) | liz_gen_5414:train(pieces/world_tank_01/logs/epoch_494.txt)

+=========================================================+
Nav > _





--- FRAME UPDATE at 2026-06-20 02:44:20 ---
+===========================================================+
|                                                           |
|           C H T P M + O S   C L I   v2.0                 |
|                                                           |
|  CHTPM+OS Main Menu                                      |
|                                                           |
|  [>] 1. [Project Loader]                             |
|  [ ] 2. [App Store (Fondu)]                          |
|  [ ] 3. [Status]  [ ] 4. [GL-OS]                                          |
|  [ ] 5. [Process Monitor]                            |
|  [ ] 6. [Toggle Frame History (Current: )]                                         |
|  [ ] 7. [Help]                                            |
|                                                           |
+===========================================================+
|  Running Applications: None                               |
|  System Time: 08:00:00 | Turn: 0 | Key: None |
+===========================================================+
|                                                           |
|  $ | [ ] 8. []                                                 |                                                 |

+=========================================================+
Nav > _





--- FRAME UPDATE at 2026-06-20 02:44:20 ---
+===========================================================+
|                                                           |
|           C H T P M + O S   C L I   v2.0                 |
|                                                           |
|  CHTPM+OS Main Menu                                      |
|                                                           |
|  [>] 1. [Project Loader]                             |
|  [ ] 2. [App Store (Fondu)]                          |
|  [ ] 3. [Status]  [ ] 4. [GL-OS]                                          |
|  [ ] 5. [Process Monitor]                            |
|  [ ] 6. [Toggle Frame History (Current: )]                                         |
|  [ ] 7. [Help]                                            |
|                                                           |
+===========================================================+
|  Running Applications: None                               |
|  System Time: 08:00:00 | Turn: 0 | Key: None |
+===========================================================+
|                                                           |
|  $ | [ ] 8. []                                                 |                                                 |

+=========================================================+
Nav > _





--- FRAME UPDATE at 2026-06-20 02:44:21 ---
 [ SIM ACTIVE: RUNNING (1) ]
 [ ACTIVE ID: liz_bulb ]
 [ EPOCH: 499 ]
 [ STEPS: 195 ]
 PROJECT CONTROLS:
[>] 1. [[ START ]][ ] 2. [[ PAUSE ]][ ] 3. [[ STEP / END TURN ]]
 PET SWITCHER:
[ ] 4. [Possess liz_bulb][ ] 5. [Possess liz_char][ ] 6. [Possess liz_gen_5414]
 METHODS (liz_bulb):
[ ] 7. [scan][ ] 8. [eat][ ] 9. [breathe][ ] 10. [check_death][ ] 11. [train][ ] 12. [attack][ ] 13. [mate][ ] 14. [rest][ ] 15. [nothing][ ] 16. [ai][ ] 17. [release]
 LOG: Epoch 498 Complete.
 TURN SUMMARY: liz_bulb:breathe | liz_bulb:check_death | liz_char:breathe | liz_char:scan | liz_char:rest | liz_char:check_death | liz_gen_5414:breathe | liz_gen_5414:scan | liz_gen_5414:rest | liz_gen_5414:check_death | liz_bulb:train(pieces/world_tank_01/logs/epoch_498.txt) | liz_char:train(pieces/world_tank_01/logs/epoch_498.txt) | liz_gen_5414:train(pieces/world_tank_01/logs/epoch_498.txt)

+=========================================================+
Nav > _





--- FRAME UPDATE at 2026-06-20 02:44:21 ---
+===========================================================+
|                                                           |
|           C H T P M + O S   C L I   v2.0                 |
|                                                           |
|  CHTPM+OS Main Menu                                      |
|                                                           |
|  [>] 1. [Project Loader]                             |
|  [ ] 2. [App Store (Fondu)]                          |
|  [ ] 3. [Status]  [ ] 4. [GL-OS]                                          |
|  [ ] 5. [Process Monitor]                            |
|  [ ] 6. [Toggle Frame History (Current: )]                                         |
|  [ ] 7. [Help]                                            |
|                                                           |
+===========================================================+
|  Running Applications: None                               |
|  System Time: 08:00:00 | Turn: 0 | Key: None |
+===========================================================+
|                                                           |
|  $ | [ ] 8. []                                                 |                                                 |

+=========================================================+
Nav > _





--- FRAME UPDATE at 2026-06-20 02:44:21 ---
 [ SIM ACTIVE: RUNNING (1) ]
 [ ACTIVE ID: liz_bulb ]
 [ EPOCH: 501 ]
 [ STEPS: 196 ]
 PROJECT CONTROLS:
[>] 1. [[ START ]][ ] 2. [[ PAUSE ]][ ] 3. [[ STEP / END TURN ]]
 PET SWITCHER:
[ ] 4. [Possess liz_bulb][ ] 5. [Possess liz_char][ ] 6. [Possess liz_gen_5414]
 METHODS (liz_bulb):
[ ] 7. [scan][ ] 8. [eat][ ] 9. [breathe][ ] 10. [check_death][ ] 11. [train][ ] 12. [attack][ ] 13. [mate][ ] 14. [rest][ ] 15. [nothing][ ] 16. [ai][ ] 17. [release]
 LOG: Epoch 500 Complete.
 TURN SUMMARY: liz_bulb:breathe | liz_bulb:check_death | liz_char:breathe | liz_char:scan | liz_char:rest | liz_char:check_death | liz_gen_5414:breathe | liz_gen_5414:scan | liz_gen_5414:rest | liz_gen_5414:check_death | liz_bulb:train(pieces/world_tank_01/logs/epoch_500.txt) | liz_char:train(pieces/world_tank_01/logs/epoch_500.txt) | liz_gen_5414:train(pieces/world_tank_01/logs/epoch_500.txt)

+=========================================================+
Nav > _





--- FRAME UPDATE at 2026-06-20 02:44:21 ---
+===========================================================+
|                                                           |
|           C H T P M + O S   C L I   v2.0                 |
|                                                           |
|  CHTPM+OS Main Menu                                      |
|                                                           |
|  [>] 1. [Project Loader]                             |
|  [ ] 2. [App Store (Fondu)]                          |
|  [ ] 3. [Status]  [ ] 4. [GL-OS]                                          |
|  [ ] 5. [Process Monitor]                            |
|  [ ] 6. [Toggle Frame History (Current: )]                                         |
|  [ ] 7. [Help]                                            |
|                                                           |
+===========================================================+
|  Running Applications: None                               |
|  System Time: 08:00:00 | Turn: 0 | Key: None |
+===========================================================+
|                                                           |
|  $ | [ ] 8. []                                                 |                                                 |

+=========================================================+
Nav > _
