[38;2;126;223;242m[48;2;36;59;83m+[38;2;247;250;252m[48;2;36;59;83mW[38;2;247;250;252m[48;2;36;59;83mr[38;2;247;250;252m[48;2;36;59;83ma[38;2;247;250;252m[48;2;36;59;83mi[38;2;247;250;252m[48;2;36;59;83mt[38;2;247;250;252m[48;2;36;59;83mh[38;2;247;250;252m[48;2;36;59;83m [38;2;247;250;252m[48;2;36;59;83mP[38;2;247;250;252m[48;2;36;59;83mM[38;2;247;250;252m[48;2;36;59;83m [38;2;247;250;252m[48;2;36;59;83m-[38;2;247;250;252m[48;2;36;59;83m [38;2;247;250;252m[48;2;36;59;83mC[38;2;247;250;252m[48;2;36;59;83mH[38;2;247;250;252m[48;2;36;59;83mT[38;2;247;250;252m[48;2;36;59;83mM[38;2;247;250;252m[48;2;36;59;83mG[38;2;247;250;252m[48;2;36;59;83mL[38;2;247;250;252m[48;2;36;59;83m [38;2;247;250;252m[48;2;36;59;83mt[38;2;247;250;252m[48;2;36;59;83mo[38;2;247;250;252m[48;2;36;59;83m [38;2;247;250;252m[48;2;36;59;83mC[38;2;247;250;252m[48;2;36;59;83mo[38;2;247;250;252m[48;2;36;59;83ml[38;2;247;250;252m[48;2;36;59;83mo[38;2;247;250;252m[48;2;36;59;83mr[38;2;247;250;252m[48;2;36;59;83me[38;2;247;250;252m[48;2;36;59;83md[38;2;247;250;252m[48;2;36;59;83m [38;2;247;250;252m[48;2;36;59;83mA[38;2;247;250;252m[48;2;36;59;83mS[38;2;247;250;252m[48;2;36;59;83mC[38;2;247;250;252m[48;2;36;59;83mI[38;2;247;250;252m[48;2;36;59;83mI[38;2;247;250;252m[48;2;36;59;83m [38;2;247;250;252m[48;2;36;59;83mF[38;2;247;250;252m[48;2;36;59;83mr[38;2;247;250;252m[48;2;36;59;83ma[38;2;247;250;252m[48;2;36;59;83mm[38;2;247;250;252m[48;2;36;59;83me[38;2;247;250;252m[48;2;36;59;83ms[38;2;126;223;242m[48;2;36;59;83m-[38;2;126;223;242m[48;2;36;59;83m-[38;2;126;223;242m[48;2;36;59;83m-[38;2;126;223;242m[48;2;36;59;83m-[38;2;126;223;242m[48;2;36;59;83m-[38;2;126;223;242m[48;2;36;59;83m-[38;2;126;223;242m[48;2;36;59;83m-[38;2;126;223;242m[48;2;36;59;83m-[38;2;126;223;242m[48;2;36;59;83m-[38;2;126;223;242m[48;2;36;59;83m-[38;2;126;223;242m[48;2;36;59;83m-[38;2;126;223;242m[48;2;36;59;83m-[38;2;126;223;242m[48;2;36;59;83m-[38;2;126;223;242m[48;2;36;59;83m-[38;2;126;223;242m[48;2;36;59;83m-[38;2;126;223;242m[48;2;36;59;83m-[38;2;126;223;242m[48;2;36;59;83m-[38;2;126;223;242m[48;2;36;59;83m-[38;2;126;223;242m[48;2;36;59;83m-[38;2;126;223;242m[48;2;36;59;83m-[38;2;126;223;242m[48;2;36;59;83m-[38;2;126;223;242m[48;2;36;59;83m-[38;2;126;223;242m[48;2;36;59;83m-[38;2;126;223;242m[48;2;36;59;83m-[38;2;126;223;242m[48;2;36;59;83m-[38;2;126;223;242m[48;2;36;59;83m-[38;2;126;223;242m[48;2;36;59;83m-[38;2;126;223;242m[48;2;36;59;83m-[38;2;126;223;242m[48;2;36;59;83m-[38;2;126;223;242m[48;2;36;59;83m-[38;2;126;223;242m[48;2;36;59;83m-[38;2;126;223;242m[48;2;36;59;83m-[38;2;126;223;242m[48;2;36;59;83m-[38;2;126;223;242m[48;2;36;59;83m-[38;2;126;223;242m[48;2;36;59;83m-[38;2;126;223;242m[48;2;36;59;83m-[38;2;126;223;242m[48;2;36;59;83m-[38;2;126;223;242m[48;2;36;59;83m-[38;2;126;223;242m[48;2;36;59;83m-[38;2;126;223;242m[48;2;36;59;83m-[38;2;126;223;242m[48;2;36;59;83m-[38;2;126;223;242m[48;2;36;59;83m-[38;2;126;223;242m[48;2;36;59;83m-[38;2;126;223;242m[48;2;36;59;83m-[38;2;126;223;242m[48;2;36;59;83m-[38;2;126;223;242m[48;2;36;59;83m-[38;2;126;223;242m[48;2;36;59;83m-[38;2;126;223;242m[48;2;36;59;83m-[38;2;126;223;242m[48;2;36;59;83m-[38;2;126;223;242m[48;2;36;59;83m-[38;2;126;223;242m[48;2;36;59;83m-[38;2;126;223;242m[48;2;36;59;83m-[38;2;126;223;242m[48;2;36;59;83m+[0m
[38;2;126;223;242m[48;2;36;59;83m|[38;2;247;250;252m[48;2;36;59;83m [38;2;247;250;252m[48;2;36;59;83m [38;2;247;250;252m[48;2;36;59;83m [38;2;247;250;252m[48;2;36;59;83m [38;2;247;250;252m[48;2;36;59;83m [38;2;247;250;252m[48;2;36;59;83m [38;2;247;250;252m[48;2;36;59;83m [38;2;247;250;252m[48;2;36;59;83m [38;2;247;250;252m[48;2;36;59;83m [38;2;247;250;252m[48;2;36;59;83m [38;2;247;250;252m[48;2;36;59;83m [38;2;247;250;252m[48;2;36;59;83m [38;2;247;250;252m[48;2;36;59;83m [38;2;247;250;252m[48;2;36;59;83m [38;2;247;250;252m[48;2;36;59;83m [38;2;247;250;252m[48;2;36;59;83m [38;2;247;250;252m[48;2;36;59;83m [38;2;247;250;252m[48;2;36;59;83m [38;2;247;250;252m[48;2;36;59;83m [38;2;247;250;252m[48;2;36;59;83m [38;2;247;250;252m[48;2;36;59;83m [38;2;247;250;252m[48;2;36;59;83m [38;2;247;250;252m[48;2;36;59;83m [38;2;247;250;252m[48;2;36;59;83m [38;2;247;250;252m[48;2;36;59;83m [38;2;247;250;252m[48;2;36;59;83m [38;2;247;250;252m[48;2;36;59;83m [38;2;247;250;252m[48;2;36;59;83m [38;2;247;250;252m[48;2;36;59;83m [38;2;247;250;252m[48;2;36;59;83m [38;2;247;250;252m[48;2;36;59;83m [38;2;247;250;252m[48;2;36;59;83m [38;2;247;250;252m[48;2;36;59;83m [38;2;247;250;252m[48;2;36;59;83m [38;2;247;250;252m[48;2;36;59;83m [38;2;247;250;252m[48;2;36;59;83m [38;2;247;250;252m[48;2;36;59;83m [38;2;247;250;252m[48;2;36;59;83m [38;2;247;250;252m[48;2;36;59;83m [38;2;247;250;252m[48;2;36;59;83m [38;2;247;250;252m[48;2;36;59;83m [38;2;247;250;252m[48;2;36;59;83m [38;2;247;250;252m[48;2;36;59;83m [38;2;247;250;252m[48;2;36;59;83m [38;2;247;250;252m[48;2;36;59;83m [38;2;247;250;252m[48;2;36;59;83m [38;2;247;250;252m[48;2;36;59;83m [38;2;247;250;252m[48;2;36;59;83m [38;2;247;250;252m[48;2;36;59;83m [38;2;247;250;252m[48;2;36;59;83m [38;2;247;250;252m[48;2;36;59;83m [38;2;247;250;252m[48;2;36;59;83m [38;2;247;250;252m[48;2;36;59;83m [38;2;247;250;252m[48;2;36;59;83m [38;2;247;250;252m[48;2;36;59;83m [38;2;247;250;252m[48;2;36;59;83m [38;2;247;250;252m[48;2;36;59;83m [38;2;247;250;252m[48;2;36;59;83m [38;2;247;250;252m[48;2;36;59;83m [38;2;247;250;252m[48;2;36;59;83m [38;2;247;250;252m[48;2;36;59;83m [38;2;247;250;252m[48;2;36;59;83m [38;2;247;250;252m[48;2;36;59;83m [38;2;247;250;252m[48;2;36;59;83m [38;2;247;250;252m[48;2;36;59;83m [38;2;247;250;252m[48;2;36;59;83m [38;2;247;250;252m[48;2;36;59;83m [38;2;247;250;252m[48;2;36;59;83m [38;2;247;250;252m[48;2;36;59;83m [38;2;247;250;252m[48;2;36;59;83m [38;2;247;250;252m[48;2;36;59;83m [38;2;247;250;252m[48;2;36;59;83m [38;2;247;250;252m[48;2;36;59;83m [38;2;247;250;252m[48;2;36;59;83m [38;2;247;250;252m[48;2;36;59;83m [38;2;247;250;252m[48;2;36;59;83m [38;2;247;250;252m[48;2;36;59;83m [38;2;247;250;252m[48;2;36;59;83m [38;2;247;250;252m[48;2;36;59;83m [38;2;247;250;252m[48;2;36;59;83m [38;2;247;250;252m[48;2;36;59;83m [38;2;247;250;252m[48;2;36;59;83m [38;2;247;250;252m[48;2;36;59;83m [38;2;247;250;252m[48;2;36;59;83m [38;2;247;250;252m[48;2;36;59;83m [38;2;247;250;252m[48;2;36;59;83m [38;2;247;250;252m[48;2;36;59;83m [38;2;247;250;252m[48;2;36;59;83m [38;2;247;250;252m[48;2;36;59;83m [38;2;247;250;252m[48;2;36;59;83m [38;2;247;250;252m[48;2;36;59;83m [38;2;247;250;252m[48;2;36;59;83m [38;2;247;250;252m[48;2;36;59;83m [38;2;247;250;252m[48;2;36;59;83m [38;2;126;223;242m[48;2;36;59;83m|[0m
[38;2;126;223;242m[48;2;36;59;83m+[38;2;126;223;242m[48;2;36;59;83m-[38;2;126;223;242m[48;2;36;59;83m-[38;2;126;223;242m[48;2;36;59;83m-[38;2;126;223;242m[48;2;36;59;83m-[38;2;126;223;242m[48;2;36;59;83m-[38;2;126;223;242m[48;2;36;59;83m-[38;2;126;223;242m[48;2;36;59;83m-[38;2;126;223;242m[48;2;36;59;83m-[38;2;126;223;242m[48;2;36;59;83m-[38;2;126;223;242m[48;2;36;59;83m-[38;2;126;223;242m[48;2;36;59;83m-[38;2;126;223;242m[48;2;36;59;83m-[38;2;126;223;242m[48;2;36;59;83m-[38;2;126;223;242m[48;2;36;59;83m-[38;2;126;223;242m[48;2;36;59;83m-[38;2;126;223;242m[48;2;36;59;83m-[38;2;126;223;242m[48;2;36;59;83m-[38;2;126;223;242m[48;2;36;59;83m-[38;2;126;223;242m[48;2;36;59;83m-[38;2;126;223;242m[48;2;36;59;83m-[38;2;126;223;242m[48;2;36;59;83m-[38;2;126;223;242m[48;2;36;59;83m-[38;2;126;223;242m[48;2;36;59;83m-[38;2;126;223;242m[48;2;36;59;83m-[38;2;126;223;242m[48;2;36;59;83m-[38;2;126;223;242m[48;2;36;59;83m-[38;2;126;223;242m[48;2;36;59;83m-[38;2;126;223;242m[48;2;36;59;83m-[38;2;126;223;242m[48;2;36;59;83m-[38;2;126;223;242m[48;2;36;59;83m-[38;2;126;223;242m[48;2;36;59;83m-[38;2;126;223;242m[48;2;36;59;83m-[38;2;126;223;242m[48;2;36;59;83m-[38;2;126;223;242m[48;2;36;59;83m-[38;2;126;223;242m[48;2;36;59;83m-[38;2;126;223;242m[48;2;36;59;83m-[38;2;126;223;242m[48;2;36;59;83m-[38;2;126;223;242m[48;2;36;59;83m-[38;2;126;223;242m[48;2;36;59;83m-[38;2;126;223;242m[48;2;36;59;83m-[38;2;126;223;242m[48;2;36;59;83m-[38;2;126;223;242m[48;2;36;59;83m-[38;2;126;223;242m[48;2;36;59;83m-[38;2;126;223;242m[48;2;36;59;83m-[38;2;126;223;242m[48;2;36;59;83m-[38;2;126;223;242m[48;2;36;59;83m-[38;2;126;223;242m[48;2;36;59;83m-[38;2;126;223;242m[48;2;36;59;83m-[38;2;126;223;242m[48;2;36;59;83m-[38;2;126;223;242m[48;2;36;59;83m-[38;2;126;223;242m[48;2;36;59;83m-[38;2;126;223;242m[48;2;36;59;83m-[38;2;126;223;242m[48;2;36;59;83m-[38;2;126;223;242m[48;2;36;59;83m-[38;2;126;223;242m[48;2;36;59;83m-[38;2;126;223;242m[48;2;36;59;83m-[38;2;126;223;242m[48;2;36;59;83m-[38;2;126;223;242m[48;2;36;59;83m-[38;2;126;223;242m[48;2;36;59;83m-[38;2;126;223;242m[48;2;36;59;83m-[38;2;126;223;242m[48;2;36;59;83m-[38;2;126;223;242m[48;2;36;59;83m-[38;2;126;223;242m[48;2;36;59;83m-[38;2;126;223;242m[48;2;36;59;83m-[38;2;126;223;242m[48;2;36;59;83m-[38;2;126;223;242m[48;2;36;59;83m-[38;2;126;223;242m[48;2;36;59;83m-[38;2;126;223;242m[48;2;36;59;83m-[38;2;126;223;242m[48;2;36;59;83m-[38;2;126;223;242m[48;2;36;59;83m-[38;2;126;223;242m[48;2;36;59;83m-[38;2;126;223;242m[48;2;36;59;83m-[38;2;126;223;242m[48;2;36;59;83m-[38;2;126;223;242m[48;2;36;59;83m-[38;2;126;223;242m[48;2;36;59;83m-[38;2;126;223;242m[48;2;36;59;83m-[38;2;126;223;242m[48;2;36;59;83m-[38;2;126;223;242m[48;2;36;59;83m-[38;2;126;223;242m[48;2;36;59;83m-[38;2;126;223;242m[48;2;36;59;83m-[38;2;126;223;242m[48;2;36;59;83m-[38;2;126;223;242m[48;2;36;59;83m-[38;2;126;223;242m[48;2;36;59;83m-[38;2;126;223;242m[48;2;36;59;83m-[38;2;126;223;242m[48;2;36;59;83m-[38;2;126;223;242m[48;2;36;59;83m-[38;2;126;223;242m[48;2;36;59;83m-[38;2;126;223;242m[48;2;36;59;83m-[38;2;126;223;242m[48;2;36;59;83m-[38;2;126;223;242m[48;2;36;59;83m-[38;2;126;223;242m[48;2;36;59;83m-[38;2;126;223;242m[48;2;36;59;83m-[38;2;126;223;242m[48;2;36;59;83m-[38;2;126;223;242m[48;2;36;59;83m-[38;2;126;223;242m[48;2;36;59;83m+[0m
[38;2;126;223;242m[48;2;16;24;32m|[38;2;232;241;242m[48;2;16;24;32m [38;2;232;241;242m[48;2;16;24;32m [38;2;232;241;242m[48;2;16;24;32m [38;2;232;241;242m[48;2;16;24;32m [38;2;232;241;242m[48;2;16;24;32m [38;2;232;241;242m[48;2;16;24;32m [38;2;232;241;242m[48;2;16;24;32m [38;2;232;241;242m[48;2;16;24;32m [38;2;232;241;242m[48;2;16;24;32m [38;2;232;241;242m[48;2;16;24;32m [38;2;232;241;242m[48;2;16;24;32m [38;2;232;241;242m[48;2;16;24;32m [38;2;232;241;242m[48;2;16;24;32m [38;2;232;241;242m[48;2;16;24;32m [38;2;232;241;242m[48;2;16;24;32m [38;2;232;241;242m[48;2;16;24;32m [38;2;232;241;242m[48;2;16;24;32m [38;2;232;241;242m[48;2;16;24;32m [38;2;232;241;242m[48;2;16;24;32m [38;2;232;241;242m[48;2;16;24;32m [38;2;232;241;242m[48;2;16;24;32m [38;2;232;241;242m[48;2;16;24;32m [38;2;232;241;242m[48;2;16;24;32m [38;2;232;241;242m[48;2;16;24;32m [38;2;232;241;242m[48;2;16;24;32m [38;2;232;241;242m[48;2;16;24;32m [38;2;232;241;242m[48;2;16;24;32m [38;2;232;241;242m[48;2;16;24;32m [38;2;232;241;242m[48;2;16;24;32m [38;2;232;241;242m[48;2;16;24;32m [38;2;232;241;242m[48;2;16;24;32m [38;2;232;241;242m[48;2;16;24;32m [38;2;232;241;242m[48;2;16;24;32m [38;2;232;241;242m[48;2;16;24;32m [38;2;232;241;242m[48;2;16;24;32m [38;2;232;241;242m[48;2;16;24;32m [38;2;232;241;242m[48;2;16;24;32m [38;2;232;241;242m[48;2;16;24;32m [38;2;232;241;242m[48;2;16;24;32m [38;2;232;241;242m[48;2;16;24;32m [38;2;232;241;242m[48;2;16;24;32m [38;2;232;241;242m[48;2;16;24;32m [38;2;232;241;242m[48;2;16;24;32m [38;2;232;241;242m[48;2;16;24;32m [38;2;232;241;242m[48;2;16;24;32m [38;2;232;241;242m[48;2;16;24;32m [38;2;232;241;242m[48;2;16;24;32m [38;2;232;241;242m[48;2;16;24;32m [38;2;232;241;242m[48;2;16;24;32m [38;2;232;241;242m[48;2;16;24;32m [38;2;232;241;242m[48;2;16;24;32m [38;2;232;241;242m[48;2;16;24;32m [38;2;232;241;242m[48;2;16;24;32m [38;2;232;241;242m[48;2;16;24;32m [38;2;232;241;242m[48;2;16;24;32m [38;2;232;241;242m[48;2;16;24;32m [38;2;232;241;242m[48;2;16;24;32m [38;2;232;241;242m[48;2;16;24;32m [38;2;232;241;242m[48;2;16;24;32m [38;2;232;241;242m[48;2;16;24;32m [38;2;232;241;242m[48;2;16;24;32m [38;2;232;241;242m[48;2;16;24;32m [38;2;232;241;242m[48;2;16;24;32m [38;2;232;241;242m[48;2;16;24;32m [38;2;232;241;242m[48;2;16;24;32m [38;2;232;241;242m[48;2;16;24;32m [38;2;232;241;242m[48;2;16;24;32m [38;2;232;241;242m[48;2;16;24;32m [38;2;232;241;242m[48;2;16;24;32m [38;2;232;241;242m[48;2;16;24;32m [38;2;232;241;242m[48;2;16;24;32m [38;2;232;241;242m[48;2;16;24;32m [38;2;232;241;242m[48;2;16;24;32m [38;2;232;241;242m[48;2;16;24;32m [38;2;232;241;242m[48;2;16;24;32m [38;2;232;241;242m[48;2;16;24;32m [38;2;232;241;242m[48;2;16;24;32m [38;2;232;241;242m[48;2;16;24;32m [38;2;232;241;242m[48;2;16;24;32m [38;2;232;241;242m[48;2;16;24;32m [38;2;232;241;242m[48;2;16;24;32m [38;2;232;241;242m[48;2;16;24;32m [38;2;232;241;242m[48;2;16;24;32m [38;2;232;241;242m[48;2;16;24;32m [38;2;232;241;242m[48;2;16;24;32m [38;2;232;241;242m[48;2;16;24;32m [38;2;232;241;242m[48;2;16;24;32m [38;2;232;241;242m[48;2;16;24;32m [38;2;232;241;242m[48;2;16;24;32m [38;2;232;241;242m[48;2;16;24;32m [38;2;232;241;242m[48;2;16;24;32m [38;2;232;241;242m[48;2;16;24;32m [38;2;232;241;242m[48;2;16;24;32m [38;2;232;241;242m[48;2;16;24;32m [38;2;126;223;242m[48;2;16;24;32m|[0m
[38;2;126;223;242m[48;2;16;24;32m|[38;2;78;205;196m[48;2;27;38;59m+[38;2;247;250;252m[48;2;27;38;59mF[38;2;247;250;252m[48;2;27;38;59mr[38;2;247;250;252m[48;2;27;38;59ma[38;2;247;250;252m[48;2;27;38;59mm[38;2;247;250;252m[48;2;27;38;59me[38;2;247;250;252m[48;2;27;38;59m [38;2;247;250;252m[48;2;27;38;59mP[38;2;247;250;252m[48;2;27;38;59mi[38;2;247;250;252m[48;2;27;38;59mp[38;2;247;250;252m[48;2;27;38;59me[38;2;247;250;252m[48;2;27;38;59ml[38;2;247;250;252m[48;2;27;38;59mi[38;2;247;250;252m[48;2;27;38;59mn[38;2;247;250;252m[48;2;27;38;59me[38;2;78;205;196m[48;2;27;38;59m-[38;2;78;205;196m[48;2;27;38;59m-[38;2;78;205;196m[48;2;27;38;59m-[38;2;78;205;196m[48;2;27;38;59m-[38;2;78;205;196m[48;2;27;38;59m-[38;2;78;205;196m[48;2;27;38;59m-[38;2;78;205;196m[48;2;27;38;59m+[38;2;232;241;242m[48;2;16;24;32m [38;2;232;241;242m[48;2;16;24;32m [38;2;123;223;242m[48;2;23;42;58m+[38;2;247;250;252m[48;2;23;42;58mA[38;2;247;250;252m[48;2;23;42;58mS[38;2;247;250;252m[48;2;23;42;58mC[38;2;247;250;252m[48;2;23;42;58mI[38;2;247;250;252m[48;2;23;42;58mI[38;2;247;250;252m[48;2;23;42;58m [38;2;247;250;252m[48;2;23;42;58mD[38;2;247;250;252m[48;2;23;42;58me[38;2;247;250;252m[48;2;23;42;58ms[38;2;247;250;252m[48;2;23;42;58mk[38;2;247;250;252m[48;2;23;42;58mt[38;2;247;250;252m[48;2;23;42;58mo[38;2;247;250;252m[48;2;23;42;58mp[38;2;247;250;252m[48;2;23;42;58m [38;2;247;250;252m[48;2;23;42;58mP[38;2;247;250;252m[48;2;23;42;58mr[38;2;247;250;252m[48;2;23;42;58me[38;2;247;250;252m[48;2;23;42;58mv[38;2;247;250;252m[48;2;23;42;58mi[38;2;247;250;252m[48;2;23;42;58me[38;2;247;250;252m[48;2;23;42;58mw[38;2;123;223;242m[48;2;23;42;58m-[38;2;123;223;242m[48;2;23;42;58m-[38;2;123;223;242m[48;2;23;42;58m-[38;2;123;223;242m[48;2;23;42;58m-[38;2;123;223;242m[48;2;23;42;58m-[38;2;123;223;242m[48;2;23;42;58m-[38;2;123;223;242m[48;2;23;42;58m-[38;2;123;223;242m[48;2;23;42;58m-[38;2;123;223;242m[48;2;23;42;58m-[38;2;123;223;242m[48;2;23;42;58m-[38;2;123;223;242m[48;2;23;42;58m-[38;2;123;223;242m[48;2;23;42;58m-[38;2;123;223;242m[48;2;23;42;58m-[38;2;123;223;242m[48;2;23;42;58m-[38;2;123;223;242m[48;2;23;42;58m-[38;2;123;223;242m[48;2;23;42;58m-[38;2;123;223;242m[48;2;23;42;58m-[38;2;123;223;242m[48;2;23;42;58m-[38;2;123;223;242m[48;2;23;42;58m-[38;2;123;223;242m[48;2;23;42;58m-[38;2;123;223;242m[48;2;23;42;58m-[38;2;123;223;242m[48;2;23;42;58m-[38;2;123;223;242m[48;2;23;42;58m-[38;2;123;223;242m[48;2;23;42;58m-[38;2;123;223;242m[48;2;23;42;58m-[38;2;123;223;242m[48;2;23;42;58m-[38;2;123;223;242m[48;2;23;42;58m-[38;2;123;223;242m[48;2;23;42;58m-[38;2;123;223;242m[48;2;23;42;58m-[38;2;123;223;242m[48;2;23;42;58m-[38;2;123;223;242m[48;2;23;42;58m-[38;2;123;223;242m[48;2;23;42;58m-[38;2;123;223;242m[48;2;23;42;58m-[38;2;123;223;242m[48;2;23;42;58m-[38;2;123;223;242m[48;2;23;42;58m-[38;2;123;223;242m[48;2;23;42;58m-[38;2;123;223;242m[48;2;23;42;58m-[38;2;123;223;242m[48;2;23;42;58m-[38;2;123;223;242m[48;2;23;42;58m-[38;2;123;223;242m[48;2;23;42;58m-[38;2;123;223;242m[48;2;23;42;58m-[38;2;123;223;242m[48;2;23;42;58m-[38;2;123;223;242m[48;2;23;42;58m-[38;2;123;223;242m[48;2;23;42;58m-[38;2;123;223;242m[48;2;23;42;58m-[38;2;123;223;242m[48;2;23;42;58m-[38;2;123;223;242m[48;2;23;42;58m-[38;2;123;223;242m[48;2;23;42;58m+[38;2;126;223;242m[48;2;16;24;32m|[0m
[38;2;126;223;242m[48;2;16;24;32m|[38;2;78;205;196m[48;2;27;38;59m|[38;2;221;231;240m[48;2;27;38;59m [38;2;221;231;240m[48;2;27;38;59m [38;2;221;231;240m[48;2;27;38;59m [38;2;221;231;240m[48;2;27;38;59m [38;2;221;231;240m[48;2;27;38;59m [38;2;221;231;240m[48;2;27;38;59m [38;2;221;231;240m[48;2;27;38;59m [38;2;221;231;240m[48;2;27;38;59m [38;2;221;231;240m[48;2;27;38;59m [38;2;221;231;240m[48;2;27;38;59m [38;2;221;231;240m[48;2;27;38;59m [38;2;221;231;240m[48;2;27;38;59m [38;2;221;231;240m[48;2;27;38;59m [38;2;221;231;240m[48;2;27;38;59m [38;2;221;231;240m[48;2;27;38;59m [38;2;221;231;240m[48;2;27;38;59m [38;2;221;231;240m[48;2;27;38;59m [38;2;221;231;240m[48;2;27;38;59m [38;2;221;231;240m[48;2;27;38;59m [38;2;221;231;240m[48;2;27;38;59m [38;2;78;205;196m[48;2;27;38;59m|[38;2;232;241;242m[48;2;16;24;32m [38;2;232;241;242m[48;2;16;24;32m [38;2;123;223;242m[48;2;23;42;58m|[38;2;232;241;242m[48;2;23;42;58m [38;2;232;241;242m[48;2;23;42;58m [38;2;232;241;242m[48;2;23;42;58m [38;2;232;241;242m[48;2;23;42;58m [38;2;232;241;242m[48;2;23;42;58m [38;2;232;241;242m[48;2;23;42;58m [38;2;232;241;242m[48;2;23;42;58m [38;2;232;241;242m[48;2;23;42;58m [38;2;232;241;242m[48;2;23;42;58m [38;2;232;241;242m[48;2;23;42;58m [38;2;232;241;242m[48;2;23;42;58m [38;2;232;241;242m[48;2;23;42;58m [38;2;232;241;242m[48;2;23;42;58m [38;2;232;241;242m[48;2;23;42;58m [38;2;232;241;242m[48;2;23;42;58m [38;2;232;241;242m[48;2;23;42;58m [38;2;232;241;242m[48;2;23;42;58m [38;2;232;241;242m[48;2;23;42;58m [38;2;232;241;242m[48;2;23;42;58m [38;2;232;241;242m[48;2;23;42;58m [38;2;232;241;242m[48;2;23;42;58m [38;2;232;241;242m[48;2;23;42;58m [38;2;232;241;242m[48;2;23;42;58m [38;2;232;241;242m[48;2;23;42;58m [38;2;232;241;242m[48;2;23;42;58m [38;2;232;241;242m[48;2;23;42;58m [38;2;232;241;242m[48;2;23;42;58m [38;2;232;241;242m[48;2;23;42;58m [38;2;232;241;242m[48;2;23;42;58m [38;2;232;241;242m[48;2;23;42;58m [38;2;232;241;242m[48;2;23;42;58m [38;2;232;241;242m[48;2;23;42;58m [38;2;232;241;242m[48;2;23;42;58m [38;2;232;241;242m[48;2;23;42;58m [38;2;232;241;242m[48;2;23;42;58m [38;2;232;241;242m[48;2;23;42;58m [38;2;232;241;242m[48;2;23;42;58m [38;2;232;241;242m[48;2;23;42;58m [38;2;232;241;242m[48;2;23;42;58m [38;2;232;241;242m[48;2;23;42;58m [38;2;232;241;242m[48;2;23;42;58m [38;2;232;241;242m[48;2;23;42;58m [38;2;232;241;242m[48;2;23;42;58m [38;2;232;241;242m[48;2;23;42;58m [38;2;232;241;242m[48;2;23;42;58m [38;2;232;241;242m[48;2;23;42;58m [38;2;232;241;242m[48;2;23;42;58m [38;2;232;241;242m[48;2;23;42;58m [38;2;232;241;242m[48;2;23;42;58m [38;2;232;241;242m[48;2;23;42;58m [38;2;232;241;242m[48;2;23;42;58m [38;2;232;241;242m[48;2;23;42;58m [38;2;232;241;242m[48;2;23;42;58m [38;2;232;241;242m[48;2;23;42;58m [38;2;232;241;242m[48;2;23;42;58m [38;2;232;241;242m[48;2;23;42;58m [38;2;232;241;242m[48;2;23;42;58m [38;2;232;241;242m[48;2;23;42;58m [38;2;232;241;242m[48;2;23;42;58m [38;2;232;241;242m[48;2;23;42;58m [38;2;232;241;242m[48;2;23;42;58m [38;2;232;241;242m[48;2;23;42;58m [38;2;232;241;242m[48;2;23;42;58m [38;2;232;241;242m[48;2;23;42;58m [38;2;232;241;242m[48;2;23;42;58m [38;2;232;241;242m[48;2;23;42;58m [38;2;232;241;242m[48;2;23;42;58m [38;2;232;241;242m[48;2;23;42;58m [38;2;123;223;242m[48;2;23;42;58m|[38;2;126;223;242m[48;2;16;24;32m|[0m
[38;2;126;223;242m[48;2;16;24;32m|[38;2;78;205;196m[48;2;27;38;59m|[38;2;221;231;240m[48;2;27;38;59m [38;2;221;231;240m[48;2;27;38;59m [38;2;221;231;240m[48;2;27;38;59m [38;2;221;231;240m[48;2;27;38;59m [38;2;221;231;240m[48;2;27;38;59m [38;2;221;231;240m[48;2;27;38;59m [38;2;221;231;240m[48;2;27;38;59m [38;2;221;231;240m[48;2;27;38;59m [38;2;221;231;240m[48;2;27;38;59m [38;2;221;231;240m[48;2;27;38;59m [38;2;221;231;240m[48;2;27;38;59m [38;2;221;231;240m[48;2;27;38;59m [38;2;221;231;240m[48;2;27;38;59m [38;2;221;231;240m[48;2;27;38;59m [38;2;221;231;240m[48;2;27;38;59m [38;2;221;231;240m[48;2;27;38;59m [38;2;221;231;240m[48;2;27;38;59m [38;2;221;231;240m[48;2;27;38;59m [38;2;221;231;240m[48;2;27;38;59m [38;2;221;231;240m[48;2;27;38;59m [38;2;78;205;196m[48;2;27;38;59m|[38;2;232;241;242m[48;2;16;24;32m [38;2;232;241;242m[48;2;16;24;32m [38;2;123;223;242m[48;2;23;42;58m|[38;2;111;255;233m[48;2;11;19;32m+[38;2;111;255;233m[48;2;11;19;32m-[38;2;111;255;233m[48;2;11;19;32m-[38;2;111;255;233m[48;2;11;19;32m-[38;2;111;255;233m[48;2;11;19;32m-[38;2;111;255;233m[48;2;11;19;32m-[38;2;111;255;233m[48;2;11;19;32m-[38;2;111;255;233m[48;2;11;19;32m-[38;2;111;255;233m[48;2;11;19;32m-[38;2;111;255;233m[48;2;11;19;32m-[38;2;111;255;233m[48;2;11;19;32m-[38;2;111;255;233m[48;2;11;19;32m-[38;2;111;255;233m[48;2;11;19;32m-[38;2;111;255;233m[48;2;11;19;32m-[38;2;111;255;233m[48;2;11;19;32m-[38;2;111;255;233m[48;2;11;19;32m-[38;2;111;255;233m[48;2;11;19;32m-[38;2;111;255;233m[48;2;11;19;32m-[38;2;111;255;233m[48;2;11;19;32m-[38;2;111;255;233m[48;2;11;19;32m-[38;2;111;255;233m[48;2;11;19;32m-[38;2;111;255;233m[48;2;11;19;32m-[38;2;111;255;233m[48;2;11;19;32m-[38;2;111;255;233m[48;2;11;19;32m-[38;2;111;255;233m[48;2;11;19;32m-[38;2;111;255;233m[48;2;11;19;32m-[38;2;111;255;233m[48;2;11;19;32m-[38;2;111;255;233m[48;2;11;19;32m-[38;2;111;255;233m[48;2;11;19;32m-[38;2;111;255;233m[48;2;11;19;32m-[38;2;111;255;233m[48;2;11;19;32m-[38;2;111;255;233m[48;2;11;19;32m-[38;2;111;255;233m[48;2;11;19;32m-[38;2;111;255;233m[48;2;11;19;32m-[38;2;111;255;233m[48;2;11;19;32m-[38;2;111;255;233m[48;2;11;19;32m-[38;2;111;255;233m[48;2;11;19;32m-[38;2;111;255;233m[48;2;11;19;32m-[38;2;111;255;233m[48;2;11;19;32m-[38;2;111;255;233m[48;2;11;19;32m-[38;2;111;255;233m[48;2;11;19;32m-[38;2;111;255;233m[48;2;11;19;32m+[38;2;232;241;242m[48;2;23;42;58m [38;2;232;241;242m[48;2;23;42;58m [38;2;232;241;242m[48;2;23;42;58m [38;2;247;250;252m[48;2;51;65;85m+[38;2;247;250;252m[48;2;51;65;85m-[38;2;247;250;252m[48;2;51;65;85m-[38;2;247;250;252m[48;2;51;65;85m-[38;2;247;250;252m[48;2;51;65;85m-[38;2;247;250;252m[48;2;51;65;85m-[38;2;247;250;252m[48;2;51;65;85m-[38;2;247;250;252m[48;2;51;65;85m-[38;2;247;250;252m[48;2;51;65;85m-[38;2;247;250;252m[48;2;51;65;85m-[38;2;247;250;252m[48;2;51;65;85m-[38;2;247;250;252m[48;2;51;65;85m-[38;2;247;250;252m[48;2;51;65;85m-[38;2;247;250;252m[48;2;51;65;85m-[38;2;247;250;252m[48;2;51;65;85m-[38;2;247;250;252m[48;2;51;65;85m-[38;2;247;250;252m[48;2;51;65;85m-[38;2;247;250;252m[48;2;51;65;85m-[38;2;247;250;252m[48;2;51;65;85m-[38;2;247;250;252m[48;2;51;65;85m+[38;2;232;241;242m[48;2;23;42;58m [38;2;232;241;242m[48;2;23;42;58m [38;2;232;241;242m[48;2;23;42;58m [38;2;123;223;242m[48;2;23;42;58m|[38;2;126;223;242m[48;2;16;24;32m|[0m
[38;2;126;223;242m[48;2;16;24;32m|[38;2;78;205;196m[48;2;27;38;59m|[38;2;255;255;255m[48;2;45;106;79m+[38;2;255;255;255m[48;2;45;106;79m-[38;2;255;255;255m[48;2;45;106;79m-[38;2;255;255;255m[48;2;45;106;79m-[38;2;255;255;255m[48;2;45;106;79m-[38;2;255;255;255m[48;2;45;106;79m-[38;2;255;255;255m[48;2;45;106;79m-[38;2;255;255;255m[48;2;45;106;79m-[38;2;255;255;255m[48;2;45;106;79m-[38;2;255;255;255m[48;2;45;106;79m-[38;2;255;255;255m[48;2;45;106;79m-[38;2;255;255;255m[48;2;45;106;79m-[38;2;255;255;255m[48;2;45;106;79m-[38;2;255;255;255m[48;2;45;106;79m-[38;2;255;255;255m[48;2;45;106;79m-[38;2;255;255;255m[48;2;45;106;79m-[38;2;255;255;255m[48;2;45;106;79m-[38;2;255;255;255m[48;2;45;106;79m-[38;2;255;255;255m[48;2;45;106;79m+[38;2;221;231;240m[48;2;27;38;59m [38;2;78;205;196m[48;2;27;38;59m|[38;2;232;241;242m[48;2;16;24;32m [38;2;232;241;242m[48;2;16;24;32m [38;2;123;223;242m[48;2;23;42;58m|[38;2;111;255;233m[48;2;11;19;32m|[38;2;184;247;212m[48;2;11;19;32mC[38;2;184;247;212m[48;2;11;19;32mH[38;2;184;247;212m[48;2;11;19;32mT[38;2;184;247;212m[48;2;11;19;32mM[38;2;184;247;212m[48;2;11;19;32mG[38;2;184;247;212m[48;2;11;19;32mL[38;2;184;247;212m[48;2;11;19;32m [38;2;184;247;212m[48;2;11;19;32mp[38;2;184;247;212m[48;2;11;19;32ma[38;2;184;247;212m[48;2;11;19;32mr[38;2;184;247;212m[48;2;11;19;32ms[38;2;184;247;212m[48;2;11;19;32me[38;2;184;247;212m[48;2;11;19;32md[38;2;184;247;212m[48;2;11;19;32m [38;2;184;247;212m[48;2;11;19;32mb[38;2;184;247;212m[48;2;11;19;32my[38;2;184;247;212m[48;2;11;19;32m [38;2;184;247;212m[48;2;11;19;32mW[38;2;184;247;212m[48;2;11;19;32mr[38;2;184;247;212m[48;2;11;19;32ma[38;2;184;247;212m[48;2;11;19;32mi[38;2;184;247;212m[48;2;11;19;32mt[38;2;184;247;212m[48;2;11;19;32mh[38;2;184;247;212m[48;2;11;19;32m [38;2;184;247;212m[48;2;11;19;32mb[38;2;184;247;212m[48;2;11;19;32me[38;2;184;247;212m[48;2;11;19;32mf[38;2;184;247;212m[48;2;11;19;32mo[38;2;184;247;212m[48;2;11;19;32mr[38;2;184;247;212m[48;2;11;19;32me[38;2;184;247;212m[48;2;11;19;32m [38;2;184;247;212m[48;2;11;19;32mG[38;2;184;247;212m[48;2;11;19;32mL[38;2;184;247;212m[48;2;11;19;32m.[38;2;221;231;240m[48;2;11;19;32m [38;2;221;231;240m[48;2;11;19;32m [38;2;221;231;240m[48;2;11;19;32m [38;2;221;231;240m[48;2;11;19;32m [38;2;221;231;240m[48;2;11;19;32m [38;2;221;231;240m[48;2;11;19;32m [38;2;111;255;233m[48;2;11;19;32m|[38;2;232;241;242m[48;2;23;42;58m [38;2;232;241;242m[48;2;23;42;58m [38;2;232;241;242m[48;2;23;42;58m [38;2;247;250;252m[48;2;51;65;85m|[38;2;16;24;32m[48;2;16;24;32m.[38;2;16;24;32m[48;2;16;24;32m.[38;2;16;24;32m[48;2;16;24;32m.[38;2;40;60;90m[48;2;40;60;90m'[38;2;40;60;90m[48;2;40;60;90m'[38;2;80;120;160m[48;2;80;120;160m+[38;2;80;120;160m[48;2;80;120;160m+[38;2;120;180;220m[48;2;120;180;220mx[38;2;120;180;220m[48;2;120;180;220mx[38;2;180;220;240m[48;2;180;220;240m&[38;2;180;220;240m[48;2;180;220;240m&[38;2;180;220;240m[48;2;180;220;240m&[38;2;220;180;120m[48;2;220;180;120mx[38;2;220;180;120m[48;2;220;180;120mx[38;2;180;100;80m[48;2;180;100;80m+[38;2;180;100;80m[48;2;180;100;80m+[38;2;120;60;90m[48;2;120;60;90m-[38;2;120;60;90m[48;2;120;60;90m-[38;2;247;250;252m[48;2;51;65;85m|[38;2;232;241;242m[48;2;23;42;58m [38;2;232;241;242m[48;2;23;42;58m [38;2;232;241;242m[48;2;23;42;58m [38;2;123;223;242m[48;2;23;42;58m|[38;2;126;223;242m[48;2;16;24;32m|[0m
[38;2;126;223;242m[48;2;16;24;32m|[38;2;78;205;196m[48;2;27;38;59m|[38;2;255;255;255m[48;2;45;106;79m+[38;2;255;255;255m[48;2;45;106;79m-[38;2;255;255;255m[48;2;45;106;79m[[38;2;255;255;255m[48;2;45;106;79mR[38;2;255;255;255m[48;2;45;106;79me[38;2;255;255;255m[48;2;45;106;79mn[38;2;255;255;255m[48;2;45;106;79md[38;2;255;255;255m[48;2;45;106;79me[38;2;255;255;255m[48;2;45;106;79mr[38;2;255;255;255m[48;2;45;106;79m [38;2;255;255;255m[48;2;45;106;79mF[38;2;255;255;255m[48;2;45;106;79mr[38;2;255;255;255m[48;2;45;106;79ma[38;2;255;255;255m[48;2;45;106;79mm[38;2;255;255;255m[48;2;45;106;79me[38;2;255;255;255m[48;2;45;106;79m][38;2;255;255;255m[48;2;45;106;79m-[38;2;255;255;255m[48;2;45;106;79m-[38;2;255;255;255m[48;2;45;106;79m+[38;2;221;231;240m[48;2;27;38;59m [38;2;78;205;196m[48;2;27;38;59m|[38;2;232;241;242m[48;2;16;24;32m [38;2;232;241;242m[48;2;16;24;32m [38;2;123;223;242m[48;2;23;42;58m|[38;2;111;255;233m[48;2;11;19;32m|[38;2;221;231;240m[48;2;11;19;32m [38;2;221;231;240m[48;2;11;19;32m [38;2;221;231;240m[48;2;11;19;32m [38;2;221;231;240m[48;2;11;19;32m [38;2;221;231;240m[48;2;11;19;32m [38;2;221;231;240m[48;2;11;19;32m [38;2;221;231;240m[48;2;11;19;32m [38;2;221;231;240m[48;2;11;19;32m [38;2;221;231;240m[48;2;11;19;32m [38;2;221;231;240m[48;2;11;19;32m [38;2;221;231;240m[48;2;11;19;32m [38;2;221;231;240m[48;2;11;19;32m [38;2;221;231;240m[48;2;11;19;32m [38;2;221;231;240m[48;2;11;19;32m [38;2;221;231;240m[48;2;11;19;32m [38;2;221;231;240m[48;2;11;19;32m [38;2;221;231;240m[48;2;11;19;32m [38;2;221;231;240m[48;2;11;19;32m [38;2;221;231;240m[48;2;11;19;32m [38;2;221;231;240m[48;2;11;19;32m [38;2;221;231;240m[48;2;11;19;32m [38;2;221;231;240m[48;2;11;19;32m [38;2;221;231;240m[48;2;11;19;32m [38;2;221;231;240m[48;2;11;19;32m [38;2;221;231;240m[48;2;11;19;32m [38;2;221;231;240m[48;2;11;19;32m [38;2;221;231;240m[48;2;11;19;32m [38;2;221;231;240m[48;2;11;19;32m [38;2;221;231;240m[48;2;11;19;32m [38;2;221;231;240m[48;2;11;19;32m [38;2;221;231;240m[48;2;11;19;32m [38;2;221;231;240m[48;2;11;19;32m [38;2;221;231;240m[48;2;11;19;32m [38;2;221;231;240m[48;2;11;19;32m [38;2;221;231;240m[48;2;11;19;32m [38;2;221;231;240m[48;2;11;19;32m [38;2;221;231;240m[48;2;11;19;32m [38;2;221;231;240m[48;2;11;19;32m [38;2;221;231;240m[48;2;11;19;32m [38;2;221;231;240m[48;2;11;19;32m [38;2;111;255;233m[48;2;11;19;32m|[38;2;232;241;242m[48;2;23;42;58m [38;2;232;241;242m[48;2;23;42;58m [38;2;232;241;242m[48;2;23;42;58m [38;2;247;250;252m[48;2;51;65;85m|[38;2;30;40;60m[48;2;30;40;60m`[38;2;30;40;60m[48;2;30;40;60m`[38;2;30;40;60m[48;2;30;40;60m`[38;2;70;110;150m[48;2;70;110;150m;[38;2;70;110;150m[48;2;70;110;150m;[38;2;110;170;210m[48;2;110;170;210mx[38;2;110;170;210m[48;2;110;170;210mx[38;2;150;210;240m[48;2;150;210;240m&[38;2;150;210;240m[48;2;150;210;240m&[38;2;230;210;130m[48;2;230;210;130m#[38;2;230;210;130m[48;2;230;210;130m#[38;2;230;210;130m[48;2;230;210;130m#[38;2;245;160;90m[48;2;245;160;90mx[38;2;245;160;90m[48;2;245;160;90mx[38;2;200;90;100m[48;2;200;90;100m=[38;2;200;90;100m[48;2;200;90;100m=[38;2;130;70;120m[48;2;130;70;120m;[38;2;130;70;120m[48;2;130;70;120m;[38;2;247;250;252m[48;2;51;65;85m|[38;2;232;241;242m[48;2;23;42;58m [38;2;232;241;242m[48;2;23;42;58m [38;2;232;241;242m[48;2;23;42;58m [38;2;123;223;242m[48;2;23;42;58m|[38;2;126;223;242m[48;2;16;24;32m|[0m
[38;2;126;223;242m[48;2;16;24;32m|[38;2;78;205;196m[48;2;27;38;59m|[38;2;255;255;255m[48;2;90;79;207m+[38;2;255;255;255m[48;2;90;79;207m-[38;2;255;255;255m[48;2;90;79;207m-[38;2;255;255;255m[48;2;90;79;207m-[38;2;255;255;255m[48;2;90;79;207m-[38;2;255;255;255m[48;2;90;79;207m-[38;2;255;255;255m[48;2;90;79;207m-[38;2;255;255;255m[48;2;90;79;207m-[38;2;255;255;255m[48;2;90;79;207m-[38;2;255;255;255m[48;2;90;79;207m-[38;2;255;255;255m[48;2;90;79;207m-[38;2;255;255;255m[48;2;90;79;207m-[38;2;255;255;255m[48;2;90;79;207m-[38;2;255;255;255m[48;2;90;79;207m-[38;2;255;255;255m[48;2;90;79;207m-[38;2;255;255;255m[48;2;90;79;207m-[38;2;255;255;255m[48;2;90;79;207m-[38;2;255;255;255m[48;2;90;79;207m-[38;2;255;255;255m[48;2;90;79;207m+[38;2;221;231;240m[48;2;27;38;59m [38;2;78;205;196m[48;2;27;38;59m|[38;2;232;241;242m[48;2;16;24;32m [38;2;232;241;242m[48;2;16;24;32m [38;2;123;223;242m[48;2;23;42;58m|[38;2;111;255;233m[48;2;11;19;32m|[38;2;221;231;240m[48;2;11;19;32m [38;2;221;231;240m[48;2;11;19;32m [38;2;221;231;240m[48;2;11;19;32m [38;2;221;231;240m[48;2;11;19;32m [38;2;221;231;240m[48;2;11;19;32m [38;2;221;231;240m[48;2;11;19;32m [38;2;221;231;240m[48;2;11;19;32m [38;2;221;231;240m[48;2;11;19;32m [38;2;221;231;240m[48;2;11;19;32m [38;2;221;231;240m[48;2;11;19;32m [38;2;221;231;240m[48;2;11;19;32m [38;2;221;231;240m[48;2;11;19;32m [38;2;221;231;240m[48;2;11;19;32m [38;2;221;231;240m[48;2;11;19;32m [38;2;221;231;240m[48;2;11;19;32m [38;2;221;231;240m[48;2;11;19;32m [38;2;221;231;240m[48;2;11;19;32m [38;2;221;231;240m[48;2;11;19;32m [38;2;221;231;240m[48;2;11;19;32m [38;2;221;231;240m[48;2;11;19;32m [38;2;221;231;240m[48;2;11;19;32m [38;2;221;231;240m[48;2;11;19;32m [38;2;221;231;240m[48;2;11;19;32m [38;2;221;231;240m[48;2;11;19;32m [38;2;221;231;240m[48;2;11;19;32m [38;2;221;231;240m[48;2;11;19;32m [38;2;221;231;240m[48;2;11;19;32m [38;2;221;231;240m[48;2;11;19;32m [38;2;221;231;240m[48;2;11;19;32m [38;2;221;231;240m[48;2;11;19;32m [38;2;221;231;240m[48;2;11;19;32m [38;2;221;231;240m[48;2;11;19;32m [38;2;221;231;240m[48;2;11;19;32m [38;2;221;231;240m[48;2;11;19;32m [38;2;221;231;240m[48;2;11;19;32m [38;2;221;231;240m[48;2;11;19;32m [38;2;221;231;240m[48;2;11;19;32m [38;2;221;231;240m[48;2;11;19;32m [38;2;221;231;240m[48;2;11;19;32m [38;2;221;231;240m[48;2;11;19;32m [38;2;111;255;233m[48;2;11;19;32m|[38;2;232;241;242m[48;2;23;42;58m [38;2;232;241;242m[48;2;23;42;58m [38;2;232;241;242m[48;2;23;42;58m [38;2;247;250;252m[48;2;51;65;85m|[38;2;70;90;130m[48;2;70;90;130m;[38;2;70;90;130m[48;2;70;90;130m;[38;2;70;90;130m[48;2;70;90;130m;[38;2;110;170;210m[48;2;110;170;210mx[38;2;110;170;210m[48;2;110;170;210mx[38;2;160;220;230m[48;2;160;220;230m&[38;2;160;220;230m[48;2;160;220;230m&[38;2;210;245;200m[48;2;210;245;200m&[38;2;210;245;200m[48;2;210;245;200m&[38;2;245;210;100m[48;2;245;210;100m#[38;2;245;210;100m[48;2;245;210;100m#[38;2;245;210;100m[48;2;245;210;100m#[38;2;240;120;90m[48;2;240;120;90mx[38;2;240;120;90m[48;2;240;120;90mx[38;2;210;70;150m[48;2;210;70;150m=[38;2;210;70;150m[48;2;210;70;150m=[38;2;170;90;180m[48;2;170;90;180m=[38;2;170;90;180m[48;2;170;90;180m=[38;2;247;250;252m[48;2;51;65;85m|[38;2;232;241;242m[48;2;23;42;58m [38;2;232;241;242m[48;2;23;42;58m [38;2;232;241;242m[48;2;23;42;58m [38;2;123;223;242m[48;2;23;42;58m|[38;2;126;223;242m[48;2;16;24;32m|[0m
[38;2;126;223;242m[48;2;16;24;32m|[38;2;78;205;196m[48;2;27;38;59m|[38;2;255;255;255m[48;2;90;79;207m+[38;2;255;255;255m[48;2;90;79;207m[[38;2;255;255;255m[48;2;90;79;207mR[38;2;255;255;255m[48;2;90;79;207mG[38;2;255;255;255m[48;2;90;79;207mB[38;2;255;255;255m[48;2;90;79;207m [38;2;255;255;255m[48;2;90;79;207mD[38;2;255;255;255m[48;2;90;79;207ma[38;2;255;255;255m[48;2;90;79;207me[38;2;255;255;255m[48;2;90;79;207mm[38;2;255;255;255m[48;2;90;79;207mo[38;2;255;255;255m[48;2;90;79;207mn[38;2;255;255;255m[48;2;90;79;207m [38;2;255;255;255m[48;2;90;79;207mL[38;2;255;255;255m[48;2;90;79;207ma[38;2;255;255;255m[48;2;90;79;207mt[38;2;255;255;255m[48;2;90;79;207me[38;2;255;255;255m[48;2;90;79;207m][38;2;255;255;255m[48;2;90;79;207m+[38;2;221;231;240m[48;2;27;38;59m [38;2;78;205;196m[48;2;27;38;59m|[38;2;232;241;242m[48;2;16;24;32m [38;2;232;241;242m[48;2;16;24;32m [38;2;123;223;242m[48;2;23;42;58m|[38;2;111;255;233m[48;2;11;19;32m|[38;2;221;231;240m[48;2;11;19;32m [38;2;221;231;240m[48;2;11;19;32m [38;2;221;231;240m[48;2;11;19;32m [38;2;221;231;240m[48;2;11;19;32m [38;2;221;231;240m[48;2;11;19;32m [38;2;221;231;240m[48;2;11;19;32m [38;2;221;231;240m[48;2;11;19;32m [38;2;221;231;240m[48;2;11;19;32m [38;2;221;231;240m[48;2;11;19;32m [38;2;221;231;240m[48;2;11;19;32m [38;2;221;231;240m[48;2;11;19;32m [38;2;221;231;240m[48;2;11;19;32m [38;2;221;231;240m[48;2;11;19;32m [38;2;221;231;240m[48;2;11;19;32m [38;2;221;231;240m[48;2;11;19;32m [38;2;221;231;240m[48;2;11;19;32m [38;2;221;231;240m[48;2;11;19;32m [38;2;221;231;240m[48;2;11;19;32m [38;2;221;231;240m[48;2;11;19;32m [38;2;221;231;240m[48;2;11;19;32m [38;2;221;231;240m[48;2;11;19;32m [38;2;221;231;240m[48;2;11;19;32m [38;2;221;231;240m[48;2;11;19;32m [38;2;221;231;240m[48;2;11;19;32m [38;2;221;231;240m[48;2;11;19;32m [38;2;221;231;240m[48;2;11;19;32m [38;2;221;231;240m[48;2;11;19;32m [38;2;221;231;240m[48;2;11;19;32m [38;2;221;231;240m[48;2;11;19;32m [38;2;221;231;240m[48;2;11;19;32m [38;2;221;231;240m[48;2;11;19;32m [38;2;221;231;240m[48;2;11;19;32m [38;2;221;231;240m[48;2;11;19;32m [38;2;221;231;240m[48;2;11;19;32m [38;2;221;231;240m[48;2;11;19;32m [38;2;221;231;240m[48;2;11;19;32m [38;2;221;231;240m[48;2;11;19;32m [38;2;221;231;240m[48;2;11;19;32m [38;2;221;231;240m[48;2;11;19;32m [38;2;221;231;240m[48;2;11;19;32m [38;2;111;255;233m[48;2;11;19;32m|[38;2;232;241;242m[48;2;23;42;58m [38;2;232;241;242m[48;2;23;42;58m [38;2;232;241;242m[48;2;23;42;58m [38;2;247;250;252m[48;2;51;65;85m|[38;2;90;110;150m[48;2;90;110;150m+[38;2;90;110;150m[48;2;90;110;150m+[38;2;90;110;150m[48;2;90;110;150m+[38;2;130;190;220m[48;2;130;190;220m#[38;2;130;190;220m[48;2;130;190;220m#[38;2;190;230;220m[48;2;190;230;220m&[38;2;190;230;220m[48;2;190;230;220m&[38;2;230;245;180m[48;2;230;245;180m&[38;2;230;245;180m[48;2;230;245;180m&[38;2;235;190;90m[48;2;235;190;90m#[38;2;235;190;90m[48;2;235;190;90m#[38;2;235;190;90m[48;2;235;190;90m#[38;2;220;100;110m[48;2;220;100;110m=[38;2;220;100;110m[48;2;220;100;110m=[38;2;190;80;170m[48;2;190;80;170m=[38;2;190;80;170m[48;2;190;80;170m=[38;2;150;80;170m[48;2;150;80;170m=[38;2;150;80;170m[48;2;150;80;170m=[38;2;247;250;252m[48;2;51;65;85m|[38;2;232;241;242m[48;2;23;42;58m [38;2;232;241;242m[48;2;23;42;58m [38;2;232;241;242m[48;2;23;42;58m [38;2;123;223;242m[48;2;23;42;58m|[38;2;126;223;242m[48;2;16;24;32m|[0m
[38;2;126;223;242m[48;2;16;24;32m|[38;2;78;205;196m[48;2;27;38;59m|[38;2;221;231;240m[48;2;27;38;59m [38;2;221;231;240m[48;2;27;38;59m [38;2;221;231;240m[48;2;27;38;59m [38;2;221;231;240m[48;2;27;38;59m [38;2;221;231;240m[48;2;27;38;59m [38;2;221;231;240m[48;2;27;38;59m [38;2;221;231;240m[48;2;27;38;59m [38;2;221;231;240m[48;2;27;38;59m [38;2;221;231;240m[48;2;27;38;59m [38;2;221;231;240m[48;2;27;38;59m [38;2;221;231;240m[48;2;27;38;59m [38;2;221;231;240m[48;2;27;38;59m [38;2;221;231;240m[48;2;27;38;59m [38;2;221;231;240m[48;2;27;38;59m [38;2;221;231;240m[48;2;27;38;59m [38;2;221;231;240m[48;2;27;38;59m [38;2;221;231;240m[48;2;27;38;59m [38;2;221;231;240m[48;2;27;38;59m [38;2;221;231;240m[48;2;27;38;59m [38;2;221;231;240m[48;2;27;38;59m [38;2;78;205;196m[48;2;27;38;59m|[38;2;232;241;242m[48;2;16;24;32m [38;2;232;241;242m[48;2;16;24;32m [38;2;123;223;242m[48;2;23;42;58m|[38;2;111;255;233m[48;2;11;19;32m|[38;2;221;231;240m[48;2;11;19;32m [38;2;221;231;240m[48;2;11;19;32m [38;2;221;231;240m[48;2;11;19;32m [38;2;221;231;240m[48;2;11;19;32m [38;2;221;231;240m[48;2;11;19;32m [38;2;221;231;240m[48;2;11;19;32m [38;2;221;231;240m[48;2;11;19;32m [38;2;221;231;240m[48;2;11;19;32m [38;2;221;231;240m[48;2;11;19;32m [38;2;221;231;240m[48;2;11;19;32m [38;2;221;231;240m[48;2;11;19;32m [38;2;221;231;240m[48;2;11;19;32m [38;2;221;231;240m[48;2;11;19;32m [38;2;221;231;240m[48;2;11;19;32m [38;2;221;231;240m[48;2;11;19;32m [38;2;221;231;240m[48;2;11;19;32m [38;2;221;231;240m[48;2;11;19;32m [38;2;221;231;240m[48;2;11;19;32m [38;2;221;231;240m[48;2;11;19;32m [38;2;221;231;240m[48;2;11;19;32m [38;2;221;231;240m[48;2;11;19;32m [38;2;221;231;240m[48;2;11;19;32m [38;2;221;231;240m[48;2;11;19;32m [38;2;221;231;240m[48;2;11;19;32m [38;2;221;231;240m[48;2;11;19;32m [38;2;221;231;240m[48;2;11;19;32m [38;2;221;231;240m[48;2;11;19;32m [38;2;221;231;240m[48;2;11;19;32m [38;2;221;231;240m[48;2;11;19;32m [38;2;221;231;240m[48;2;11;19;32m [38;2;221;231;240m[48;2;11;19;32m [38;2;221;231;240m[48;2;11;19;32m [38;2;221;231;240m[48;2;11;19;32m [38;2;221;231;240m[48;2;11;19;32m [38;2;221;231;240m[48;2;11;19;32m [38;2;221;231;240m[48;2;11;19;32m [38;2;221;231;240m[48;2;11;19;32m [38;2;221;231;240m[48;2;11;19;32m [38;2;221;231;240m[48;2;11;19;32m [38;2;221;231;240m[48;2;11;19;32m [38;2;111;255;233m[48;2;11;19;32m|[38;2;232;241;242m[48;2;23;42;58m [38;2;232;241;242m[48;2;23;42;58m [38;2;232;241;242m[48;2;23;42;58m [38;2;247;250;252m[48;2;51;65;85m+[38;2;247;250;252m[48;2;51;65;85m-[38;2;247;250;252m[48;2;51;65;85m-[38;2;247;250;252m[48;2;51;65;85m-[38;2;247;250;252m[48;2;51;65;85m-[38;2;247;250;252m[48;2;51;65;85m-[38;2;247;250;252m[48;2;51;65;85m-[38;2;247;250;252m[48;2;51;65;85m-[38;2;247;250;252m[48;2;51;65;85m-[38;2;247;250;252m[48;2;51;65;85m-[38;2;247;250;252m[48;2;51;65;85m-[38;2;247;250;252m[48;2;51;65;85m-[38;2;247;250;252m[48;2;51;65;85m-[38;2;247;250;252m[48;2;51;65;85m-[38;2;247;250;252m[48;2;51;65;85m-[38;2;247;250;252m[48;2;51;65;85m-[38;2;247;250;252m[48;2;51;65;85m-[38;2;247;250;252m[48;2;51;65;85m-[38;2;247;250;252m[48;2;51;65;85m-[38;2;247;250;252m[48;2;51;65;85m+[38;2;232;241;242m[48;2;23;42;58m [38;2;232;241;242m[48;2;23;42;58m [38;2;232;241;242m[48;2;23;42;58m [38;2;123;223;242m[48;2;23;42;58m|[38;2;126;223;242m[48;2;16;24;32m|[0m
[38;2;126;223;242m[48;2;16;24;32m|[38;2;78;205;196m[48;2;27;38;59m|[38;2;247;250;252m[48;2;78;205;196m[[38;2;247;250;252m[48;2;78;205;196mx[38;2;247;250;252m[48;2;78;205;196m][38;2;247;250;252m[48;2;78;205;196m [38;2;247;250;252m[48;2;78;205;196mA[38;2;247;250;252m[48;2;78;205;196mN[38;2;247;250;252m[48;2;78;205;196mS[38;2;247;250;252m[48;2;78;205;196mI[38;2;247;250;252m[48;2;78;205;196m [38;2;247;250;252m[48;2;78;205;196mc[38;2;247;250;252m[48;2;78;205;196mo[38;2;247;250;252m[48;2;78;205;196ml[38;2;247;250;252m[48;2;78;205;196mo[38;2;247;250;252m[48;2;78;205;196mr[38;2;247;250;252m[48;2;78;205;196m [38;2;247;250;252m[48;2;78;205;196mo[38;2;247;250;252m[48;2;78;205;196mn[38;2;221;231;240m[48;2;27;38;59m [38;2;221;231;240m[48;2;27;38;59m [38;2;221;231;240m[48;2;27;38;59m [38;2;78;205;196m[48;2;27;38;59m|[38;2;232;241;242m[48;2;16;24;32m [38;2;232;241;242m[48;2;16;24;32m [38;2;123;223;242m[48;2;23;42;58m|[38;2;111;255;233m[48;2;11;19;32m|[38;2;221;231;240m[48;2;11;19;32m [38;2;221;231;240m[48;2;11;19;32m [38;2;221;231;240m[48;2;11;19;32m [38;2;221;231;240m[48;2;11;19;32m [38;2;221;231;240m[48;2;11;19;32m [38;2;221;231;240m[48;2;11;19;32m [38;2;221;231;240m[48;2;11;19;32m [38;2;221;231;240m[48;2;11;19;32m [38;2;221;231;240m[48;2;11;19;32m [38;2;221;231;240m[48;2;11;19;32m [38;2;221;231;240m[48;2;11;19;32m [38;2;221;231;240m[48;2;11;19;32m [38;2;221;231;240m[48;2;11;19;32m [38;2;221;231;240m[48;2;11;19;32m [38;2;221;231;240m[48;2;11;19;32m [38;2;221;231;240m[48;2;11;19;32m [38;2;221;231;240m[48;2;11;19;32m [38;2;221;231;240m[48;2;11;19;32m [38;2;221;231;240m[48;2;11;19;32m [38;2;221;231;240m[48;2;11;19;32m [38;2;221;231;240m[48;2;11;19;32m [38;2;221;231;240m[48;2;11;19;32m [38;2;221;231;240m[48;2;11;19;32m [38;2;221;231;240m[48;2;11;19;32m [38;2;221;231;240m[48;2;11;19;32m [38;2;221;231;240m[48;2;11;19;32m [38;2;221;231;240m[48;2;11;19;32m [38;2;221;231;240m[48;2;11;19;32m [38;2;221;231;240m[48;2;11;19;32m [38;2;221;231;240m[48;2;11;19;32m [38;2;221;231;240m[48;2;11;19;32m [38;2;221;231;240m[48;2;11;19;32m [38;2;221;231;240m[48;2;11;19;32m [38;2;221;231;240m[48;2;11;19;32m [38;2;221;231;240m[48;2;11;19;32m [38;2;221;231;240m[48;2;11;19;32m [38;2;221;231;240m[48;2;11;19;32m [38;2;221;231;240m[48;2;11;19;32m [38;2;221;231;240m[48;2;11;19;32m [38;2;221;231;240m[48;2;11;19;32m [38;2;111;255;233m[48;2;11;19;32m|[38;2;232;241;242m[48;2;23;42;58m [38;2;232;241;242m[48;2;23;42;58m [38;2;232;241;242m[48;2;23;42;58m [38;2;232;241;242m[48;2;23;42;58m [38;2;232;241;242m[48;2;23;42;58m [38;2;232;241;242m[48;2;23;42;58m [38;2;232;241;242m[48;2;23;42;58m [38;2;232;241;242m[48;2;23;42;58m [38;2;232;241;242m[48;2;23;42;58m [38;2;232;241;242m[48;2;23;42;58m [38;2;232;241;242m[48;2;23;42;58m [38;2;232;241;242m[48;2;23;42;58m [38;2;232;241;242m[48;2;23;42;58m [38;2;232;241;242m[48;2;23;42;58m [38;2;232;241;242m[48;2;23;42;58m [38;2;232;241;242m[48;2;23;42;58m [38;2;232;241;242m[48;2;23;42;58m [38;2;232;241;242m[48;2;23;42;58m [38;2;232;241;242m[48;2;23;42;58m [38;2;232;241;242m[48;2;23;42;58m [38;2;232;241;242m[48;2;23;42;58m [38;2;232;241;242m[48;2;23;42;58m [38;2;232;241;242m[48;2;23;42;58m [38;2;232;241;242m[48;2;23;42;58m [38;2;232;241;242m[48;2;23;42;58m [38;2;232;241;242m[48;2;23;42;58m [38;2;123;223;242m[48;2;23;42;58m|[38;2;126;223;242m[48;2;16;24;32m|[0m
[38;2;126;223;242m[48;2;16;24;32m|[38;2;78;205;196m[48;2;27;38;59m|[38;2;221;231;240m[48;2;27;38;59m [38;2;221;231;240m[48;2;27;38;59m [38;2;221;231;240m[48;2;27;38;59m [38;2;221;231;240m[48;2;27;38;59m [38;2;221;231;240m[48;2;27;38;59m [38;2;221;231;240m[48;2;27;38;59m [38;2;221;231;240m[48;2;27;38;59m [38;2;221;231;240m[48;2;27;38;59m [38;2;221;231;240m[48;2;27;38;59m [38;2;221;231;240m[48;2;27;38;59m [38;2;221;231;240m[48;2;27;38;59m [38;2;221;231;240m[48;2;27;38;59m [38;2;221;231;240m[48;2;27;38;59m [38;2;221;231;240m[48;2;27;38;59m [38;2;221;231;240m[48;2;27;38;59m [38;2;221;231;240m[48;2;27;38;59m [38;2;221;231;240m[48;2;27;38;59m [38;2;221;231;240m[48;2;27;38;59m [38;2;221;231;240m[48;2;27;38;59m [38;2;221;231;240m[48;2;27;38;59m [38;2;78;205;196m[48;2;27;38;59m|[38;2;232;241;242m[48;2;16;24;32m [38;2;232;241;242m[48;2;16;24;32m [38;2;123;223;242m[48;2;23;42;58m|[38;2;111;255;233m[48;2;11;19;32m|[38;2;221;231;240m[48;2;11;19;32m [38;2;221;231;240m[48;2;11;19;32m [38;2;221;231;240m[48;2;11;19;32m [38;2;221;231;240m[48;2;11;19;32m [38;2;221;231;240m[48;2;11;19;32m [38;2;221;231;240m[48;2;11;19;32m [38;2;221;231;240m[48;2;11;19;32m [38;2;221;231;240m[48;2;11;19;32m [38;2;221;231;240m[48;2;11;19;32m [38;2;221;231;240m[48;2;11;19;32m [38;2;221;231;240m[48;2;11;19;32m [38;2;221;231;240m[48;2;11;19;32m [38;2;221;231;240m[48;2;11;19;32m [38;2;221;231;240m[48;2;11;19;32m [38;2;221;231;240m[48;2;11;19;32m [38;2;221;231;240m[48;2;11;19;32m [38;2;221;231;240m[48;2;11;19;32m [38;2;221;231;240m[48;2;11;19;32m [38;2;221;231;240m[48;2;11;19;32m [38;2;221;231;240m[48;2;11;19;32m [38;2;221;231;240m[48;2;11;19;32m [38;2;221;231;240m[48;2;11;19;32m [38;2;221;231;240m[48;2;11;19;32m [38;2;221;231;240m[48;2;11;19;32m [38;2;221;231;240m[48;2;11;19;32m [38;2;221;231;240m[48;2;11;19;32m [38;2;221;231;240m[48;2;11;19;32m [38;2;221;231;240m[48;2;11;19;32m [38;2;221;231;240m[48;2;11;19;32m [38;2;221;231;240m[48;2;11;19;32m [38;2;221;231;240m[48;2;11;19;32m [38;2;221;231;240m[48;2;11;19;32m [38;2;221;231;240m[48;2;11;19;32m [38;2;221;231;240m[48;2;11;19;32m [38;2;221;231;240m[48;2;11;19;32m [38;2;221;231;240m[48;2;11;19;32m [38;2;221;231;240m[48;2;11;19;32m [38;2;221;231;240m[48;2;11;19;32m [38;2;221;231;240m[48;2;11;19;32m [38;2;221;231;240m[48;2;11;19;32m [38;2;111;255;233m[48;2;11;19;32m|[38;2;232;241;242m[48;2;23;42;58m [38;2;232;241;242m[48;2;23;42;58m [38;2;232;241;242m[48;2;23;42;58m [38;2;247;250;252m[48;2;61;44;84m+[38;2;247;250;252m[48;2;61;44;84m-[38;2;247;250;252m[48;2;61;44;84m-[38;2;247;250;252m[48;2;61;44;84m-[38;2;247;250;252m[48;2;61;44;84m-[38;2;247;250;252m[48;2;61;44;84m-[38;2;247;250;252m[48;2;61;44;84m-[38;2;247;250;252m[48;2;61;44;84m-[38;2;247;250;252m[48;2;61;44;84m-[38;2;247;250;252m[48;2;61;44;84m-[38;2;247;250;252m[48;2;61;44;84m-[38;2;247;250;252m[48;2;61;44;84m-[38;2;247;250;252m[48;2;61;44;84m-[38;2;247;250;252m[48;2;61;44;84m-[38;2;247;250;252m[48;2;61;44;84m-[38;2;247;250;252m[48;2;61;44;84m-[38;2;247;250;252m[48;2;61;44;84m-[38;2;247;250;252m[48;2;61;44;84m-[38;2;247;250;252m[48;2;61;44;84m-[38;2;247;250;252m[48;2;61;44;84m+[38;2;232;241;242m[48;2;23;42;58m [38;2;232;241;242m[48;2;23;42;58m [38;2;232;241;242m[48;2;23;42;58m [38;2;123;223;242m[48;2;23;42;58m|[38;2;126;223;242m[48;2;16;24;32m|[0m
[38;2;126;223;242m[48;2;16;24;32m|[38;2;78;205;196m[48;2;27;38;59m|[38;2;221;231;240m[48;2;27;38;59m [38;2;221;231;240m[48;2;27;38;59m [38;2;221;231;240m[48;2;27;38;59m [38;2;221;231;240m[48;2;27;38;59m [38;2;221;231;240m[48;2;27;38;59m [38;2;221;231;240m[48;2;27;38;59m [38;2;221;231;240m[48;2;27;38;59m [38;2;221;231;240m[48;2;27;38;59m [38;2;221;231;240m[48;2;27;38;59m [38;2;221;231;240m[48;2;27;38;59m [38;2;221;231;240m[48;2;27;38;59m [38;2;221;231;240m[48;2;27;38;59m [38;2;221;231;240m[48;2;27;38;59m [38;2;221;231;240m[48;2;27;38;59m [38;2;221;231;240m[48;2;27;38;59m [38;2;221;231;240m[48;2;27;38;59m [38;2;221;231;240m[48;2;27;38;59m [38;2;221;231;240m[48;2;27;38;59m [38;2;221;231;240m[48;2;27;38;59m [38;2;221;231;240m[48;2;27;38;59m [38;2;78;205;196m[48;2;27;38;59m|[38;2;232;241;242m[48;2;16;24;32m [38;2;232;241;242m[48;2;16;24;32m [38;2;123;223;242m[48;2;23;42;58m|[38;2;111;255;233m[48;2;11;19;32m|[38;2;221;231;240m[48;2;11;19;32m [38;2;221;231;240m[48;2;11;19;32m [38;2;221;231;240m[48;2;11;19;32m [38;2;221;231;240m[48;2;11;19;32m [38;2;221;231;240m[48;2;11;19;32m [38;2;221;231;240m[48;2;11;19;32m [38;2;221;231;240m[48;2;11;19;32m [38;2;221;231;240m[48;2;11;19;32m [38;2;221;231;240m[48;2;11;19;32m [38;2;221;231;240m[48;2;11;19;32m [38;2;221;231;240m[48;2;11;19;32m [38;2;221;231;240m[48;2;11;19;32m [38;2;221;231;240m[48;2;11;19;32m [38;2;221;231;240m[48;2;11;19;32m [38;2;221;231;240m[48;2;11;19;32m [38;2;221;231;240m[48;2;11;19;32m [38;2;221;231;240m[48;2;11;19;32m [38;2;221;231;240m[48;2;11;19;32m [38;2;221;231;240m[48;2;11;19;32m [38;2;221;231;240m[48;2;11;19;32m [38;2;221;231;240m[48;2;11;19;32m [38;2;221;231;240m[48;2;11;19;32m [38;2;221;231;240m[48;2;11;19;32m [38;2;221;231;240m[48;2;11;19;32m [38;2;221;231;240m[48;2;11;19;32m [38;2;221;231;240m[48;2;11;19;32m [38;2;221;231;240m[48;2;11;19;32m [38;2;221;231;240m[48;2;11;19;32m [38;2;221;231;240m[48;2;11;19;32m [38;2;221;231;240m[48;2;11;19;32m [38;2;221;231;240m[48;2;11;19;32m [38;2;221;231;240m[48;2;11;19;32m [38;2;221;231;240m[48;2;11;19;32m [38;2;221;231;240m[48;2;11;19;32m [38;2;221;231;240m[48;2;11;19;32m [38;2;221;231;240m[48;2;11;19;32m [38;2;221;231;240m[48;2;11;19;32m [38;2;221;231;240m[48;2;11;19;32m [38;2;221;231;240m[48;2;11;19;32m [38;2;221;231;240m[48;2;11;19;32m [38;2;111;255;233m[48;2;11;19;32m|[38;2;232;241;242m[48;2;23;42;58m [38;2;232;241;242m[48;2;23;42;58m [38;2;232;241;242m[48;2;23;42;58m [38;2;247;250;252m[48;2;61;44;84m|[38;2;100;180;220m[48;2;45;30;70m~[38;2;104;180;216m[48;2;45;31;70m=[38;2;109;180;212m[48;2;45;32;70m-[38;2;114;180;208m[48;2;45;33;70m:[38;2;118;180;204m[48;2;45;34;70m.[38;2;123;180;200m[48;2;45;35;70m*[38;2;128;180;196m[48;2;45;36;70m~[38;2;132;180;192m[48;2;45;37;70m=[38;2;137;180;188m[48;2;45;38;70m-[38;2;142;180;183m[48;2;45;39;70m:[38;2;147;180;179m[48;2;45;40;70m.[38;2;151;180;175m[48;2;45;41;70m*[38;2;156;180;171m[48;2;45;42;70m~[38;2;161;180;167m[48;2;45;43;70m=[38;2;165;180;163m[48;2;45;44;70m-[38;2;170;180;159m[48;2;45;45;70m:[38;2;175;180;155m[48;2;45;46;70m.[38;2;180;180;150m[48;2;45;47;70m*[38;2;247;250;252m[48;2;61;44;84m|[38;2;232;241;242m[48;2;23;42;58m [38;2;232;241;242m[48;2;23;42;58m [38;2;232;241;242m[48;2;23;42;58m [38;2;123;223;242m[48;2;23;42;58m|[38;2;126;223;242m[48;2;16;24;32m|[0m
[38;2;126;223;242m[48;2;16;24;32m|[38;2;78;205;196m[48;2;27;38;59m|[38;2;17;17;17m[48;2;255;209;102mA[38;2;17;17;17m[48;2;255;209;102mu[38;2;17;17;17m[48;2;255;209;102md[38;2;17;17;17m[48;2;255;209;102mi[38;2;17;17;17m[48;2;255;209;102mt[38;2;17;17;17m[48;2;255;209;102m [38;2;17;17;17m[48;2;255;209;102md[38;2;17;17;17m[48;2;255;209;102me[38;2;17;17;17m[48;2;255;209;102mp[38;2;17;17;17m[48;2;255;209;102mt[38;2;17;17;17m[48;2;255;209;102mh[38;2;17;17;17m[48;2;255;209;102m [38;2;17;17;17m[48;2;255;209;102m[[38;2;17;17;17m[48;2;255;209;102m=[38;2;17;17;17m[48;2;255;209;102m=[38;2;17;17;17m[48;2;255;209;102m=[38;2;17;17;17m[48;2;255;209;102m=[38;2;17;17;17m[48;2;255;209;102m-[38;2;17;17;17m[48;2;255;209;102m][38;2;221;231;240m[48;2;27;38;59m [38;2;78;205;196m[48;2;27;38;59m|[38;2;232;241;242m[48;2;16;24;32m [38;2;232;241;242m[48;2;16;24;32m [38;2;123;223;242m[48;2;23;42;58m|[38;2;111;255;233m[48;2;11;19;32m|[38;2;221;231;240m[48;2;11;19;32m [38;2;221;231;240m[48;2;11;19;32m [38;2;221;231;240m[48;2;11;19;32m [38;2;221;231;240m[48;2;11;19;32m [38;2;221;231;240m[48;2;11;19;32m [38;2;221;231;240m[48;2;11;19;32m [38;2;221;231;240m[48;2;11;19;32m [38;2;221;231;240m[48;2;11;19;32m [38;2;221;231;240m[48;2;11;19;32m [38;2;221;231;240m[48;2;11;19;32m [38;2;221;231;240m[48;2;11;19;32m [38;2;221;231;240m[48;2;11;19;32m [38;2;221;231;240m[48;2;11;19;32m [38;2;221;231;240m[48;2;11;19;32m [38;2;221;231;240m[48;2;11;19;32m [38;2;221;231;240m[48;2;11;19;32m [38;2;221;231;240m[48;2;11;19;32m [38;2;221;231;240m[48;2;11;19;32m [38;2;221;231;240m[48;2;11;19;32m [38;2;221;231;240m[48;2;11;19;32m [38;2;221;231;240m[48;2;11;19;32m [38;2;221;231;240m[48;2;11;19;32m [38;2;221;231;240m[48;2;11;19;32m [38;2;221;231;240m[48;2;11;19;32m [38;2;221;231;240m[48;2;11;19;32m [38;2;221;231;240m[48;2;11;19;32m [38;2;221;231;240m[48;2;11;19;32m [38;2;221;231;240m[48;2;11;19;32m [38;2;221;231;240m[48;2;11;19;32m [38;2;221;231;240m[48;2;11;19;32m [38;2;221;231;240m[48;2;11;19;32m [38;2;221;231;240m[48;2;11;19;32m [38;2;221;231;240m[48;2;11;19;32m [38;2;221;231;240m[48;2;11;19;32m [38;2;221;231;240m[48;2;11;19;32m [38;2;221;231;240m[48;2;11;19;32m [38;2;221;231;240m[48;2;11;19;32m [38;2;221;231;240m[48;2;11;19;32m [38;2;221;231;240m[48;2;11;19;32m [38;2;221;231;240m[48;2;11;19;32m [38;2;111;255;233m[48;2;11;19;32m|[38;2;232;241;242m[48;2;23;42;58m [38;2;232;241;242m[48;2;23;42;58m [38;2;232;241;242m[48;2;23;42;58m [38;2;247;250;252m[48;2;61;44;84m|[38;2;100;195;220m[48;2;45;31;87m=[38;2;104;195;216m[48;2;45;32;87m-[38;2;109;195;212m[48;2;45;33;87m:[38;2;114;195;208m[48;2;45;34;87m.[38;2;118;195;204m[48;2;45;35;87m*[38;2;123;195;200m[48;2;45;36;87m~[38;2;128;195;196m[48;2;45;37;87m=[38;2;132;195;192m[48;2;45;38;87m-[38;2;137;195;188m[48;2;45;39;87m:[38;2;142;195;183m[48;2;45;40;87m.[38;2;147;195;179m[48;2;45;41;87m*[38;2;151;195;175m[48;2;45;42;87m~[38;2;156;195;171m[48;2;45;43;87m=[38;2;161;195;167m[48;2;45;44;87m-[38;2;165;195;163m[48;2;45;45;87m:[38;2;170;195;159m[48;2;45;46;87m.[38;2;175;195;155m[48;2;45;47;87m*[38;2;180;195;150m[48;2;45;48;87m~[38;2;247;250;252m[48;2;61;44;84m|[38;2;232;241;242m[48;2;23;42;58m [38;2;232;241;242m[48;2;23;42;58m [38;2;232;241;242m[48;2;23;42;58m [38;2;123;223;242m[48;2;23;42;58m|[38;2;126;223;242m[48;2;16;24;32m|[0m
[38;2;126;223;242m[48;2;16;24;32m|[38;2;78;205;196m[48;2;27;38;59m|[38;2;221;231;240m[48;2;27;38;59m [38;2;221;231;240m[48;2;27;38;59m [38;2;221;231;240m[48;2;27;38;59m [38;2;221;231;240m[48;2;27;38;59m [38;2;221;231;240m[48;2;27;38;59m [38;2;221;231;240m[48;2;27;38;59m [38;2;221;231;240m[48;2;27;38;59m [38;2;221;231;240m[48;2;27;38;59m [38;2;221;231;240m[48;2;27;38;59m [38;2;221;231;240m[48;2;27;38;59m [38;2;221;231;240m[48;2;27;38;59m [38;2;221;231;240m[48;2;27;38;59m [38;2;221;231;240m[48;2;27;38;59m [38;2;221;231;240m[48;2;27;38;59m [38;2;221;231;240m[48;2;27;38;59m [38;2;221;231;240m[48;2;27;38;59m [38;2;221;231;240m[48;2;27;38;59m [38;2;221;231;240m[48;2;27;38;59m [38;2;221;231;240m[48;2;27;38;59m [38;2;221;231;240m[48;2;27;38;59m [38;2;78;205;196m[48;2;27;38;59m|[38;2;232;241;242m[48;2;16;24;32m [38;2;232;241;242m[48;2;16;24;32m [38;2;123;223;242m[48;2;23;42;58m|[38;2;111;255;233m[48;2;11;19;32m|[38;2;221;231;240m[48;2;11;19;32m [38;2;221;231;240m[48;2;11;19;32m [38;2;221;231;240m[48;2;11;19;32m [38;2;221;231;240m[48;2;11;19;32m [38;2;221;231;240m[48;2;11;19;32m [38;2;221;231;240m[48;2;11;19;32m [38;2;221;231;240m[48;2;11;19;32m [38;2;221;231;240m[48;2;11;19;32m [38;2;221;231;240m[48;2;11;19;32m [38;2;221;231;240m[48;2;11;19;32m [38;2;221;231;240m[48;2;11;19;32m [38;2;221;231;240m[48;2;11;19;32m [38;2;221;231;240m[48;2;11;19;32m [38;2;221;231;240m[48;2;11;19;32m [38;2;221;231;240m[48;2;11;19;32m [38;2;221;231;240m[48;2;11;19;32m [38;2;221;231;240m[48;2;11;19;32m [38;2;221;231;240m[48;2;11;19;32m [38;2;221;231;240m[48;2;11;19;32m [38;2;221;231;240m[48;2;11;19;32m [38;2;221;231;240m[48;2;11;19;32m [38;2;221;231;240m[48;2;11;19;32m [38;2;221;231;240m[48;2;11;19;32m [38;2;221;231;240m[48;2;11;19;32m [38;2;221;231;240m[48;2;11;19;32m [38;2;221;231;240m[48;2;11;19;32m [38;2;221;231;240m[48;2;11;19;32m [38;2;221;231;240m[48;2;11;19;32m [38;2;221;231;240m[48;2;11;19;32m [38;2;221;231;240m[48;2;11;19;32m [38;2;221;231;240m[48;2;11;19;32m [38;2;221;231;240m[48;2;11;19;32m [38;2;221;231;240m[48;2;11;19;32m [38;2;221;231;240m[48;2;11;19;32m [38;2;221;231;240m[48;2;11;19;32m [38;2;221;231;240m[48;2;11;19;32m [38;2;221;231;240m[48;2;11;19;32m [38;2;221;231;240m[48;2;11;19;32m [38;2;221;231;240m[48;2;11;19;32m [38;2;221;231;240m[48;2;11;19;32m [38;2;111;255;233m[48;2;11;19;32m|[38;2;232;241;242m[48;2;23;42;58m [38;2;232;241;242m[48;2;23;42;58m [38;2;232;241;242m[48;2;23;42;58m [38;2;247;250;252m[48;2;61;44;84m|[38;2;100;210;220m[48;2;45;32;105m-[38;2;104;210;216m[48;2;45;33;105m:[38;2;109;210;212m[48;2;45;34;105m.[38;2;114;210;208m[48;2;45;35;105m*[38;2;118;210;204m[48;2;45;36;105m~[38;2;123;210;200m[48;2;45;37;105m=[38;2;128;210;196m[48;2;45;38;105m-[38;2;132;210;192m[48;2;45;39;105m:[38;2;137;210;188m[48;2;45;40;105m.[38;2;142;210;183m[48;2;45;41;105m*[38;2;147;210;179m[48;2;45;42;105m~[38;2;151;210;175m[48;2;45;43;105m=[38;2;156;210;171m[48;2;45;44;105m-[38;2;161;210;167m[48;2;45;45;105m:[38;2;165;210;163m[48;2;45;46;105m.[38;2;170;210;159m[48;2;45;47;105m*[38;2;175;210;155m[48;2;45;48;105m~[38;2;180;210;150m[48;2;45;49;105m=[38;2;247;250;252m[48;2;61;44;84m|[38;2;232;241;242m[48;2;23;42;58m [38;2;232;241;242m[48;2;23;42;58m [38;2;232;241;242m[48;2;23;42;58m [38;2;123;223;242m[48;2;23;42;58m|[38;2;126;223;242m[48;2;16;24;32m|[0m
[38;2;126;223;242m[48;2;16;24;32m|[38;2;78;205;196m[48;2;27;38;59m|[38;2;221;231;240m[48;2;27;38;59m [38;2;221;231;240m[48;2;27;38;59m [38;2;221;231;240m[48;2;27;38;59m [38;2;221;231;240m[48;2;27;38;59m [38;2;221;231;240m[48;2;27;38;59m [38;2;221;231;240m[48;2;27;38;59m [38;2;221;231;240m[48;2;27;38;59m [38;2;221;231;240m[48;2;27;38;59m [38;2;221;231;240m[48;2;27;38;59m [38;2;221;231;240m[48;2;27;38;59m [38;2;221;231;240m[48;2;27;38;59m [38;2;221;231;240m[48;2;27;38;59m [38;2;221;231;240m[48;2;27;38;59m [38;2;221;231;240m[48;2;27;38;59m [38;2;221;231;240m[48;2;27;38;59m [38;2;221;231;240m[48;2;27;38;59m [38;2;221;231;240m[48;2;27;38;59m [38;2;221;231;240m[48;2;27;38;59m [38;2;221;231;240m[48;2;27;38;59m [38;2;221;231;240m[48;2;27;38;59m [38;2;78;205;196m[48;2;27;38;59m|[38;2;232;241;242m[48;2;16;24;32m [38;2;232;241;242m[48;2;16;24;32m [38;2;123;223;242m[48;2;23;42;58m|[38;2;111;255;233m[48;2;11;19;32m|[38;2;221;231;240m[48;2;11;19;32m [38;2;221;231;240m[48;2;11;19;32m [38;2;221;231;240m[48;2;11;19;32m [38;2;221;231;240m[48;2;11;19;32m [38;2;221;231;240m[48;2;11;19;32m [38;2;221;231;240m[48;2;11;19;32m [38;2;221;231;240m[48;2;11;19;32m [38;2;221;231;240m[48;2;11;19;32m [38;2;221;231;240m[48;2;11;19;32m [38;2;221;231;240m[48;2;11;19;32m [38;2;221;231;240m[48;2;11;19;32m [38;2;221;231;240m[48;2;11;19;32m [38;2;221;231;240m[48;2;11;19;32m [38;2;221;231;240m[48;2;11;19;32m [38;2;221;231;240m[48;2;11;19;32m [38;2;221;231;240m[48;2;11;19;32m [38;2;221;231;240m[48;2;11;19;32m [38;2;221;231;240m[48;2;11;19;32m [38;2;221;231;240m[48;2;11;19;32m [38;2;221;231;240m[48;2;11;19;32m [38;2;221;231;240m[48;2;11;19;32m [38;2;221;231;240m[48;2;11;19;32m [38;2;221;231;240m[48;2;11;19;32m [38;2;221;231;240m[48;2;11;19;32m [38;2;221;231;240m[48;2;11;19;32m [38;2;221;231;240m[48;2;11;19;32m [38;2;221;231;240m[48;2;11;19;32m [38;2;221;231;240m[48;2;11;19;32m [38;2;221;231;240m[48;2;11;19;32m [38;2;221;231;240m[48;2;11;19;32m [38;2;221;231;240m[48;2;11;19;32m [38;2;221;231;240m[48;2;11;19;32m [38;2;221;231;240m[48;2;11;19;32m [38;2;221;231;240m[48;2;11;19;32m [38;2;221;231;240m[48;2;11;19;32m [38;2;221;231;240m[48;2;11;19;32m [38;2;221;231;240m[48;2;11;19;32m [38;2;221;231;240m[48;2;11;19;32m [38;2;221;231;240m[48;2;11;19;32m [38;2;221;231;240m[48;2;11;19;32m [38;2;111;255;233m[48;2;11;19;32m|[38;2;232;241;242m[48;2;23;42;58m [38;2;232;241;242m[48;2;23;42;58m [38;2;232;241;242m[48;2;23;42;58m [38;2;247;250;252m[48;2;61;44;84m|[38;2;100;225;220m[48;2;45;33;122m:[38;2;104;225;216m[48;2;45;34;122m.[38;2;109;225;212m[48;2;45;35;122m*[38;2;114;225;208m[48;2;45;36;122m~[38;2;118;225;204m[48;2;45;37;122m=[38;2;123;225;200m[48;2;45;38;122m-[38;2;128;225;196m[48;2;45;39;122m:[38;2;132;225;192m[48;2;45;40;122m.[38;2;137;225;188m[48;2;45;41;122m*[38;2;142;225;183m[48;2;45;42;122m~[38;2;147;225;179m[48;2;45;43;122m=[38;2;151;225;175m[48;2;45;44;122m-[38;2;156;225;171m[48;2;45;45;122m:[38;2;161;225;167m[48;2;45;46;122m.[38;2;165;225;163m[48;2;45;47;122m*[38;2;170;225;159m[48;2;45;48;122m~[38;2;175;225;155m[48;2;45;49;122m=[38;2;180;225;150m[48;2;45;50;122m-[38;2;247;250;252m[48;2;61;44;84m|[38;2;232;241;242m[48;2;23;42;58m [38;2;232;241;242m[48;2;23;42;58m [38;2;232;241;242m[48;2;23;42;58m [38;2;123;223;242m[48;2;23;42;58m|[38;2;126;223;242m[48;2;16;24;32m|[0m
[38;2;126;223;242m[48;2;16;24;32m|[38;2;78;205;196m[48;2;27;38;59m|[38;2;221;231;240m[48;2;27;38;59m [38;2;221;231;240m[48;2;27;38;59m [38;2;221;231;240m[48;2;27;38;59m [38;2;221;231;240m[48;2;27;38;59m [38;2;221;231;240m[48;2;27;38;59m [38;2;221;231;240m[48;2;27;38;59m [38;2;221;231;240m[48;2;27;38;59m [38;2;221;231;240m[48;2;27;38;59m [38;2;221;231;240m[48;2;27;38;59m [38;2;221;231;240m[48;2;27;38;59m [38;2;221;231;240m[48;2;27;38;59m [38;2;221;231;240m[48;2;27;38;59m [38;2;221;231;240m[48;2;27;38;59m [38;2;221;231;240m[48;2;27;38;59m [38;2;221;231;240m[48;2;27;38;59m [38;2;221;231;240m[48;2;27;38;59m [38;2;221;231;240m[48;2;27;38;59m [38;2;221;231;240m[48;2;27;38;59m [38;2;221;231;240m[48;2;27;38;59m [38;2;221;231;240m[48;2;27;38;59m [38;2;78;205;196m[48;2;27;38;59m|[38;2;232;241;242m[48;2;16;24;32m [38;2;232;241;242m[48;2;16;24;32m [38;2;123;223;242m[48;2;23;42;58m|[38;2;111;255;233m[48;2;11;19;32m|[38;2;221;231;240m[48;2;11;19;32m [38;2;221;231;240m[48;2;11;19;32m [38;2;221;231;240m[48;2;11;19;32m [38;2;221;231;240m[48;2;11;19;32m [38;2;221;231;240m[48;2;11;19;32m [38;2;221;231;240m[48;2;11;19;32m [38;2;221;231;240m[48;2;11;19;32m [38;2;221;231;240m[48;2;11;19;32m [38;2;221;231;240m[48;2;11;19;32m [38;2;221;231;240m[48;2;11;19;32m [38;2;221;231;240m[48;2;11;19;32m [38;2;221;231;240m[48;2;11;19;32m [38;2;221;231;240m[48;2;11;19;32m [38;2;221;231;240m[48;2;11;19;32m [38;2;221;231;240m[48;2;11;19;32m [38;2;221;231;240m[48;2;11;19;32m [38;2;221;231;240m[48;2;11;19;32m [38;2;221;231;240m[48;2;11;19;32m [38;2;221;231;240m[48;2;11;19;32m [38;2;221;231;240m[48;2;11;19;32m [38;2;221;231;240m[48;2;11;19;32m [38;2;221;231;240m[48;2;11;19;32m [38;2;221;231;240m[48;2;11;19;32m [38;2;221;231;240m[48;2;11;19;32m [38;2;221;231;240m[48;2;11;19;32m [38;2;221;231;240m[48;2;11;19;32m [38;2;221;231;240m[48;2;11;19;32m [38;2;221;231;240m[48;2;11;19;32m [38;2;221;231;240m[48;2;11;19;32m [38;2;221;231;240m[48;2;11;19;32m [38;2;221;231;240m[48;2;11;19;32m [38;2;221;231;240m[48;2;11;19;32m [38;2;221;231;240m[48;2;11;19;32m [38;2;221;231;240m[48;2;11;19;32m [38;2;221;231;240m[48;2;11;19;32m [38;2;221;231;240m[48;2;11;19;32m [38;2;221;231;240m[48;2;11;19;32m [38;2;221;231;240m[48;2;11;19;32m [38;2;221;231;240m[48;2;11;19;32m [38;2;221;231;240m[48;2;11;19;32m [38;2;111;255;233m[48;2;11;19;32m|[38;2;232;241;242m[48;2;23;42;58m [38;2;232;241;242m[48;2;23;42;58m [38;2;232;241;242m[48;2;23;42;58m [38;2;247;250;252m[48;2;61;44;84m|[38;2;100;240;220m[48;2;45;34;140m.[38;2;104;240;216m[48;2;45;35;140m*[38;2;109;240;212m[48;2;45;36;140m~[38;2;114;240;208m[48;2;45;37;140m=[38;2;118;240;204m[48;2;45;38;140m-[38;2;123;240;200m[48;2;45;39;140m:[38;2;128;240;196m[48;2;45;40;140m.[38;2;132;240;192m[48;2;45;41;140m*[38;2;137;240;188m[48;2;45;42;140m~[38;2;142;240;183m[48;2;45;43;140m=[38;2;147;240;179m[48;2;45;44;140m-[38;2;151;240;175m[48;2;45;45;140m:[38;2;156;240;171m[48;2;45;46;140m.[38;2;161;240;167m[48;2;45;47;140m*[38;2;165;240;163m[48;2;45;48;140m~[38;2;170;240;159m[48;2;45;49;140m=[38;2;175;240;155m[48;2;45;50;140m-[38;2;180;240;150m[48;2;45;51;140m:[38;2;247;250;252m[48;2;61;44;84m|[38;2;232;241;242m[48;2;23;42;58m [38;2;232;241;242m[48;2;23;42;58m [38;2;232;241;242m[48;2;23;42;58m [38;2;123;223;242m[48;2;23;42;58m|[38;2;126;223;242m[48;2;16;24;32m|[0m
[38;2;126;223;242m[48;2;16;24;32m|[38;2;78;205;196m[48;2;27;38;59m|[38;2;184;197;214m[48;2;27;38;59mF[38;2;184;197;214m[48;2;27;38;59mr[38;2;184;197;214m[48;2;27;38;59ma[38;2;184;197;214m[48;2;27;38;59mm[38;2;184;197;214m[48;2;27;38;59me[38;2;184;197;214m[48;2;27;38;59ms[38;2;184;197;214m[48;2;27;38;59m [38;2;184;197;214m[48;2;27;38;59ma[38;2;184;197;214m[48;2;27;38;59mn[38;2;184;197;214m[48;2;27;38;59md[38;2;184;197;214m[48;2;27;38;59m [38;2;184;197;214m[48;2;27;38;59mm[38;2;184;197;214m[48;2;27;38;59me[38;2;184;197;214m[48;2;27;38;59mt[38;2;184;197;214m[48;2;27;38;59ma[38;2;184;197;214m[48;2;27;38;59md[38;2;184;197;214m[48;2;27;38;59ma[38;2;184;197;214m[48;2;27;38;59mt[38;2;184;197;214m[48;2;27;38;59ma[38;2;184;197;214m[48;2;27;38;59m [38;2;78;205;196m[48;2;27;38;59m|[38;2;232;241;242m[48;2;16;24;32m [38;2;232;241;242m[48;2;16;24;32m [38;2;123;223;242m[48;2;23;42;58m|[38;2;111;255;233m[48;2;11;19;32m+[38;2;111;255;233m[48;2;11;19;32m-[38;2;111;255;233m[48;2;11;19;32m-[38;2;111;255;233m[48;2;11;19;32m-[38;2;111;255;233m[48;2;11;19;32m-[38;2;111;255;233m[48;2;11;19;32m-[38;2;111;255;233m[48;2;11;19;32m-[38;2;111;255;233m[48;2;11;19;32m-[38;2;111;255;233m[48;2;11;19;32m-[38;2;111;255;233m[48;2;11;19;32m-[38;2;111;255;233m[48;2;11;19;32m-[38;2;111;255;233m[48;2;11;19;32m-[38;2;111;255;233m[48;2;11;19;32m-[38;2;111;255;233m[48;2;11;19;32m-[38;2;111;255;233m[48;2;11;19;32m-[38;2;111;255;233m[48;2;11;19;32m-[38;2;111;255;233m[48;2;11;19;32m-[38;2;111;255;233m[48;2;11;19;32m-[38;2;111;255;233m[48;2;11;19;32m-[38;2;111;255;233m[48;2;11;19;32m-[38;2;111;255;233m[48;2;11;19;32m-[38;2;111;255;233m[48;2;11;19;32m-[38;2;111;255;233m[48;2;11;19;32m-[38;2;111;255;233m[48;2;11;19;32m-[38;2;111;255;233m[48;2;11;19;32m-[38;2;111;255;233m[48;2;11;19;32m-[38;2;111;255;233m[48;2;11;19;32m-[38;2;111;255;233m[48;2;11;19;32m-[38;2;111;255;233m[48;2;11;19;32m-[38;2;111;255;233m[48;2;11;19;32m-[38;2;111;255;233m[48;2;11;19;32m-[38;2;111;255;233m[48;2;11;19;32m-[38;2;111;255;233m[48;2;11;19;32m-[38;2;111;255;233m[48;2;11;19;32m-[38;2;111;255;233m[48;2;11;19;32m-[38;2;111;255;233m[48;2;11;19;32m-[38;2;111;255;233m[48;2;11;19;32m-[38;2;111;255;233m[48;2;11;19;32m-[38;2;111;255;233m[48;2;11;19;32m-[38;2;111;255;233m[48;2;11;19;32m-[38;2;111;255;233m[48;2;11;19;32m-[38;2;111;255;233m[48;2;11;19;32m+[38;2;232;241;242m[48;2;23;42;58m [38;2;232;241;242m[48;2;23;42;58m [38;2;232;241;242m[48;2;23;42;58m [38;2;247;250;252m[48;2;61;44;84m+[38;2;247;250;252m[48;2;61;44;84m-[38;2;247;250;252m[48;2;61;44;84m-[38;2;247;250;252m[48;2;61;44;84m-[38;2;247;250;252m[48;2;61;44;84m-[38;2;247;250;252m[48;2;61;44;84m-[38;2;247;250;252m[48;2;61;44;84m-[38;2;247;250;252m[48;2;61;44;84m-[38;2;247;250;252m[48;2;61;44;84m-[38;2;247;250;252m[48;2;61;44;84m-[38;2;247;250;252m[48;2;61;44;84m-[38;2;247;250;252m[48;2;61;44;84m-[38;2;247;250;252m[48;2;61;44;84m-[38;2;247;250;252m[48;2;61;44;84m-[38;2;247;250;252m[48;2;61;44;84m-[38;2;247;250;252m[48;2;61;44;84m-[38;2;247;250;252m[48;2;61;44;84m-[38;2;247;250;252m[48;2;61;44;84m-[38;2;247;250;252m[48;2;61;44;84m-[38;2;247;250;252m[48;2;61;44;84m+[38;2;232;241;242m[48;2;23;42;58m [38;2;232;241;242m[48;2;23;42;58m [38;2;232;241;242m[48;2;23;42;58m [38;2;123;223;242m[48;2;23;42;58m|[38;2;126;223;242m[48;2;16;24;32m|[0m
[38;2;126;223;242m[48;2;16;24;32m|[38;2;78;205;196m[48;2;27;38;59m|[38;2;221;231;240m[48;2;27;38;59m [38;2;221;231;240m[48;2;27;38;59m [38;2;221;231;240m[48;2;27;38;59m [38;2;221;231;240m[48;2;27;38;59m [38;2;221;231;240m[48;2;27;38;59m [38;2;221;231;240m[48;2;27;38;59m [38;2;221;231;240m[48;2;27;38;59m [38;2;221;231;240m[48;2;27;38;59m [38;2;221;231;240m[48;2;27;38;59m [38;2;221;231;240m[48;2;27;38;59m [38;2;221;231;240m[48;2;27;38;59m [38;2;221;231;240m[48;2;27;38;59m [38;2;221;231;240m[48;2;27;38;59m [38;2;221;231;240m[48;2;27;38;59m [38;2;221;231;240m[48;2;27;38;59m [38;2;221;231;240m[48;2;27;38;59m [38;2;221;231;240m[48;2;27;38;59m [38;2;221;231;240m[48;2;27;38;59m [38;2;221;231;240m[48;2;27;38;59m [38;2;221;231;240m[48;2;27;38;59m [38;2;78;205;196m[48;2;27;38;59m|[38;2;232;241;242m[48;2;16;24;32m [38;2;232;241;242m[48;2;16;24;32m [38;2;123;223;242m[48;2;23;42;58m|[38;2;232;241;242m[48;2;23;42;58m [38;2;232;241;242m[48;2;23;42;58m [38;2;232;241;242m[48;2;23;42;58m [38;2;232;241;242m[48;2;23;42;58m [38;2;232;241;242m[48;2;23;42;58m [38;2;232;241;242m[48;2;23;42;58m [38;2;232;241;242m[48;2;23;42;58m [38;2;232;241;242m[48;2;23;42;58m [38;2;232;241;242m[48;2;23;42;58m [38;2;232;241;242m[48;2;23;42;58m [38;2;232;241;242m[48;2;23;42;58m [38;2;232;241;242m[48;2;23;42;58m [38;2;232;241;242m[48;2;23;42;58m [38;2;232;241;242m[48;2;23;42;58m [38;2;232;241;242m[48;2;23;42;58m [38;2;232;241;242m[48;2;23;42;58m [38;2;232;241;242m[48;2;23;42;58m [38;2;232;241;242m[48;2;23;42;58m [38;2;232;241;242m[48;2;23;42;58m [38;2;232;241;242m[48;2;23;42;58m [38;2;232;241;242m[48;2;23;42;58m [38;2;232;241;242m[48;2;23;42;58m [38;2;232;241;242m[48;2;23;42;58m [38;2;232;241;242m[48;2;23;42;58m [38;2;232;241;242m[48;2;23;42;58m [38;2;232;241;242m[48;2;23;42;58m [38;2;232;241;242m[48;2;23;42;58m [38;2;232;241;242m[48;2;23;42;58m [38;2;232;241;242m[48;2;23;42;58m [38;2;232;241;242m[48;2;23;42;58m [38;2;232;241;242m[48;2;23;42;58m [38;2;232;241;242m[48;2;23;42;58m [38;2;232;241;242m[48;2;23;42;58m [38;2;232;241;242m[48;2;23;42;58m [38;2;232;241;242m[48;2;23;42;58m [38;2;232;241;242m[48;2;23;42;58m [38;2;232;241;242m[48;2;23;42;58m [38;2;232;241;242m[48;2;23;42;58m [38;2;232;241;242m[48;2;23;42;58m [38;2;232;241;242m[48;2;23;42;58m [38;2;232;241;242m[48;2;23;42;58m [38;2;232;241;242m[48;2;23;42;58m [38;2;232;241;242m[48;2;23;42;58m [38;2;232;241;242m[48;2;23;42;58m [38;2;232;241;242m[48;2;23;42;58m [38;2;232;241;242m[48;2;23;42;58m [38;2;232;241;242m[48;2;23;42;58m [38;2;232;241;242m[48;2;23;42;58m [38;2;232;241;242m[48;2;23;42;58m [38;2;232;241;242m[48;2;23;42;58m [38;2;232;241;242m[48;2;23;42;58m [38;2;232;241;242m[48;2;23;42;58m [38;2;232;241;242m[48;2;23;42;58m [38;2;232;241;242m[48;2;23;42;58m [38;2;232;241;242m[48;2;23;42;58m [38;2;232;241;242m[48;2;23;42;58m [38;2;232;241;242m[48;2;23;42;58m [38;2;232;241;242m[48;2;23;42;58m [38;2;232;241;242m[48;2;23;42;58m [38;2;232;241;242m[48;2;23;42;58m [38;2;232;241;242m[48;2;23;42;58m [38;2;232;241;242m[48;2;23;42;58m [38;2;232;241;242m[48;2;23;42;58m [38;2;232;241;242m[48;2;23;42;58m [38;2;232;241;242m[48;2;23;42;58m [38;2;232;241;242m[48;2;23;42;58m [38;2;232;241;242m[48;2;23;42;58m [38;2;232;241;242m[48;2;23;42;58m [38;2;123;223;242m[48;2;23;42;58m|[38;2;126;223;242m[48;2;16;24;32m|[0m
[38;2;126;223;242m[48;2;16;24;32m|[38;2;78;205;196m[48;2;27;38;59m|[38;2;221;231;240m[48;2;27;38;59m [38;2;221;231;240m[48;2;27;38;59m [38;2;221;231;240m[48;2;27;38;59m [38;2;221;231;240m[48;2;27;38;59m [38;2;221;231;240m[48;2;27;38;59m [38;2;221;231;240m[48;2;27;38;59m [38;2;221;231;240m[48;2;27;38;59m [38;2;221;231;240m[48;2;27;38;59m [38;2;221;231;240m[48;2;27;38;59m [38;2;221;231;240m[48;2;27;38;59m [38;2;221;231;240m[48;2;27;38;59m [38;2;221;231;240m[48;2;27;38;59m [38;2;221;231;240m[48;2;27;38;59m [38;2;221;231;240m[48;2;27;38;59m [38;2;221;231;240m[48;2;27;38;59m [38;2;221;231;240m[48;2;27;38;59m [38;2;221;231;240m[48;2;27;38;59m [38;2;221;231;240m[48;2;27;38;59m [38;2;221;231;240m[48;2;27;38;59m [38;2;221;231;240m[48;2;27;38;59m [38;2;78;205;196m[48;2;27;38;59m|[38;2;232;241;242m[48;2;16;24;32m [38;2;232;241;242m[48;2;16;24;32m [38;2;123;223;242m[48;2;23;42;58m|[38;2;255;209;102m[48;2;23;42;58mR[38;2;255;209;102m[48;2;23;42;58me[38;2;255;209;102m[48;2;23;42;58ma[38;2;255;209;102m[48;2;23;42;58md[38;2;255;209;102m[48;2;23;42;58my[38;2;255;209;102m[48;2;23;42;58m:[38;2;255;209;102m[48;2;23;42;58m [38;2;255;209;102m[48;2;23;42;58mC[38;2;255;209;102m[48;2;23;42;58mH[38;2;255;209;102m[48;2;23;42;58mT[38;2;255;209;102m[48;2;23;42;58mM[38;2;255;209;102m[48;2;23;42;58mG[38;2;255;209;102m[48;2;23;42;58mL[38;2;255;209;102m[48;2;23;42;58m [38;2;255;209;102m[48;2;23;42;58m-[38;2;255;209;102m[48;2;23;42;58m>[38;2;255;209;102m[48;2;23;42;58m [38;2;255;209;102m[48;2;23;42;58mc[38;2;255;209;102m[48;2;23;42;58mo[38;2;255;209;102m[48;2;23;42;58ml[38;2;255;209;102m[48;2;23;42;58mo[38;2;255;209;102m[48;2;23;42;58mr[38;2;255;209;102m[48;2;23;42;58me[38;2;255;209;102m[48;2;23;42;58md[38;2;255;209;102m[48;2;23;42;58m [38;2;255;209;102m[48;2;23;42;58mA[38;2;255;209;102m[48;2;23;42;58mS[38;2;255;209;102m[48;2;23;42;58mC[38;2;255;209;102m[48;2;23;42;58mI[38;2;255;209;102m[48;2;23;42;58mI[38;2;255;209;102m[48;2;23;42;58m [38;2;255;209;102m[48;2;23;42;58mf[38;2;255;209;102m[48;2;23;42;58mr[38;2;255;209;102m[48;2;23;42;58ma[38;2;255;209;102m[48;2;23;42;58mm[38;2;255;209;102m[48;2;23;42;58me[38;2;255;209;102m[48;2;23;42;58m [38;2;255;209;102m[48;2;23;42;58m-[38;2;255;209;102m[48;2;23;42;58m>[38;2;255;209;102m[48;2;23;42;58m [38;2;255;209;102m[48;2;23;42;58mP[38;2;255;209;102m[48;2;23;42;58mD[38;2;255;209;102m[48;2;23;42;58mL[38;2;255;209;102m[48;2;23;42;58m [38;2;255;209;102m[48;2;23;42;58mm[38;2;255;209;102m[48;2;23;42;58me[38;2;255;209;102m[48;2;23;42;58mt[38;2;255;209;102m[48;2;23;42;58ma[38;2;255;209;102m[48;2;23;42;58md[38;2;255;209;102m[48;2;23;42;58ma[38;2;255;209;102m[48;2;23;42;58mt[38;2;255;209;102m[48;2;23;42;58ma[38;2;232;241;242m[48;2;23;42;58m [38;2;232;241;242m[48;2;23;42;58m [38;2;232;241;242m[48;2;23;42;58m [38;2;232;241;242m[48;2;23;42;58m [38;2;232;241;242m[48;2;23;42;58m [38;2;232;241;242m[48;2;23;42;58m [38;2;232;241;242m[48;2;23;42;58m [38;2;232;241;242m[48;2;23;42;58m [38;2;232;241;242m[48;2;23;42;58m [38;2;232;241;242m[48;2;23;42;58m [38;2;232;241;242m[48;2;23;42;58m [38;2;232;241;242m[48;2;23;42;58m [38;2;232;241;242m[48;2;23;42;58m [38;2;232;241;242m[48;2;23;42;58m [38;2;232;241;242m[48;2;23;42;58m [38;2;232;241;242m[48;2;23;42;58m [38;2;123;223;242m[48;2;23;42;58m|[38;2;126;223;242m[48;2;16;24;32m|[0m
[38;2;126;223;242m[48;2;16;24;32m|[38;2;78;205;196m[48;2;27;38;59m|[38;2;221;231;240m[48;2;27;38;59m [38;2;221;231;240m[48;2;27;38;59m [38;2;221;231;240m[48;2;27;38;59m [38;2;221;231;240m[48;2;27;38;59m [38;2;221;231;240m[48;2;27;38;59m [38;2;221;231;240m[48;2;27;38;59m [38;2;221;231;240m[48;2;27;38;59m [38;2;221;231;240m[48;2;27;38;59m [38;2;221;231;240m[48;2;27;38;59m [38;2;221;231;240m[48;2;27;38;59m [38;2;221;231;240m[48;2;27;38;59m [38;2;221;231;240m[48;2;27;38;59m [38;2;221;231;240m[48;2;27;38;59m [38;2;221;231;240m[48;2;27;38;59m [38;2;221;231;240m[48;2;27;38;59m [38;2;221;231;240m[48;2;27;38;59m [38;2;221;231;240m[48;2;27;38;59m [38;2;221;231;240m[48;2;27;38;59m [38;2;221;231;240m[48;2;27;38;59m [38;2;221;231;240m[48;2;27;38;59m [38;2;78;205;196m[48;2;27;38;59m|[38;2;232;241;242m[48;2;16;24;32m [38;2;232;241;242m[48;2;16;24;32m [38;2;123;223;242m[48;2;23;42;58m|[38;2;232;241;242m[48;2;23;42;58m [38;2;232;241;242m[48;2;23;42;58m [38;2;232;241;242m[48;2;23;42;58m [38;2;232;241;242m[48;2;23;42;58m [38;2;232;241;242m[48;2;23;42;58m [38;2;232;241;242m[48;2;23;42;58m [38;2;232;241;242m[48;2;23;42;58m [38;2;232;241;242m[48;2;23;42;58m [38;2;232;241;242m[48;2;23;42;58m [38;2;232;241;242m[48;2;23;42;58m [38;2;232;241;242m[48;2;23;42;58m [38;2;232;241;242m[48;2;23;42;58m [38;2;232;241;242m[48;2;23;42;58m [38;2;232;241;242m[48;2;23;42;58m [38;2;232;241;242m[48;2;23;42;58m [38;2;232;241;242m[48;2;23;42;58m [38;2;232;241;242m[48;2;23;42;58m [38;2;232;241;242m[48;2;23;42;58m [38;2;232;241;242m[48;2;23;42;58m [38;2;232;241;242m[48;2;23;42;58m [38;2;232;241;242m[48;2;23;42;58m [38;2;232;241;242m[48;2;23;42;58m [38;2;232;241;242m[48;2;23;42;58m [38;2;232;241;242m[48;2;23;42;58m [38;2;232;241;242m[48;2;23;42;58m [38;2;232;241;242m[48;2;23;42;58m [38;2;232;241;242m[48;2;23;42;58m [38;2;232;241;242m[48;2;23;42;58m [38;2;232;241;242m[48;2;23;42;58m [38;2;232;241;242m[48;2;23;42;58m [38;2;232;241;242m[48;2;23;42;58m [38;2;232;241;242m[48;2;23;42;58m [38;2;232;241;242m[48;2;23;42;58m [38;2;232;241;242m[48;2;23;42;58m [38;2;232;241;242m[48;2;23;42;58m [38;2;232;241;242m[48;2;23;42;58m [38;2;232;241;242m[48;2;23;42;58m [38;2;232;241;242m[48;2;23;42;58m [38;2;232;241;242m[48;2;23;42;58m [38;2;232;241;242m[48;2;23;42;58m [38;2;232;241;242m[48;2;23;42;58m [38;2;232;241;242m[48;2;23;42;58m [38;2;232;241;242m[48;2;23;42;58m [38;2;232;241;242m[48;2;23;42;58m [38;2;232;241;242m[48;2;23;42;58m [38;2;232;241;242m[48;2;23;42;58m [38;2;232;241;242m[48;2;23;42;58m [38;2;232;241;242m[48;2;23;42;58m [38;2;232;241;242m[48;2;23;42;58m [38;2;232;241;242m[48;2;23;42;58m [38;2;232;241;242m[48;2;23;42;58m [38;2;232;241;242m[48;2;23;42;58m [38;2;232;241;242m[48;2;23;42;58m [38;2;232;241;242m[48;2;23;42;58m [38;2;232;241;242m[48;2;23;42;58m [38;2;232;241;242m[48;2;23;42;58m [38;2;232;241;242m[48;2;23;42;58m [38;2;232;241;242m[48;2;23;42;58m [38;2;232;241;242m[48;2;23;42;58m [38;2;232;241;242m[48;2;23;42;58m [38;2;232;241;242m[48;2;23;42;58m [38;2;232;241;242m[48;2;23;42;58m [38;2;232;241;242m[48;2;23;42;58m [38;2;232;241;242m[48;2;23;42;58m [38;2;232;241;242m[48;2;23;42;58m [38;2;232;241;242m[48;2;23;42;58m [38;2;232;241;242m[48;2;23;42;58m [38;2;232;241;242m[48;2;23;42;58m [38;2;123;223;242m[48;2;23;42;58m|[38;2;126;223;242m[48;2;16;24;32m|[0m
[38;2;126;223;242m[48;2;16;24;32m|[38;2;78;205;196m[48;2;27;38;59m|[38;2;221;231;240m[48;2;27;38;59m [38;2;221;231;240m[48;2;27;38;59m [38;2;221;231;240m[48;2;27;38;59m [38;2;221;231;240m[48;2;27;38;59m [38;2;221;231;240m[48;2;27;38;59m [38;2;221;231;240m[48;2;27;38;59m [38;2;221;231;240m[48;2;27;38;59m [38;2;221;231;240m[48;2;27;38;59m [38;2;221;231;240m[48;2;27;38;59m [38;2;221;231;240m[48;2;27;38;59m [38;2;221;231;240m[48;2;27;38;59m [38;2;221;231;240m[48;2;27;38;59m [38;2;221;231;240m[48;2;27;38;59m [38;2;221;231;240m[48;2;27;38;59m [38;2;221;231;240m[48;2;27;38;59m [38;2;221;231;240m[48;2;27;38;59m [38;2;221;231;240m[48;2;27;38;59m [38;2;221;231;240m[48;2;27;38;59m [38;2;221;231;240m[48;2;27;38;59m [38;2;221;231;240m[48;2;27;38;59m [38;2;78;205;196m[48;2;27;38;59m|[38;2;232;241;242m[48;2;16;24;32m [38;2;232;241;242m[48;2;16;24;32m [38;2;123;223;242m[48;2;23;42;58m|[38;2;255;255;255m[48;2;136;90;137m+[38;2;255;255;255m[48;2;136;90;137m-[38;2;255;255;255m[48;2;136;90;137m-[38;2;255;255;255m[48;2;136;90;137m-[38;2;255;255;255m[48;2;136;90;137m-[38;2;255;255;255m[48;2;136;90;137m-[38;2;255;255;255m[48;2;136;90;137m-[38;2;255;255;255m[48;2;136;90;137m-[38;2;255;255;255m[48;2;136;90;137m-[38;2;255;255;255m[48;2;136;90;137m-[38;2;255;255;255m[48;2;136;90;137m-[38;2;255;255;255m[48;2;136;90;137m-[38;2;255;255;255m[48;2;136;90;137m-[38;2;255;255;255m[48;2;136;90;137m-[38;2;255;255;255m[48;2;136;90;137m-[38;2;255;255;255m[48;2;136;90;137m-[38;2;255;255;255m[48;2;136;90;137m-[38;2;255;255;255m[48;2;136;90;137m+[38;2;232;241;242m[48;2;23;42;58m [38;2;232;241;242m[48;2;23;42;58m [38;2;255;255;255m[48;2;0;109;119m+[38;2;255;255;255m[48;2;0;109;119m-[38;2;255;255;255m[48;2;0;109;119m-[38;2;255;255;255m[48;2;0;109;119m-[38;2;255;255;255m[48;2;0;109;119m-[38;2;255;255;255m[48;2;0;109;119m-[38;2;255;255;255m[48;2;0;109;119m-[38;2;255;255;255m[48;2;0;109;119m-[38;2;255;255;255m[48;2;0;109;119m-[38;2;255;255;255m[48;2;0;109;119m-[38;2;255;255;255m[48;2;0;109;119m-[38;2;255;255;255m[48;2;0;109;119m-[38;2;255;255;255m[48;2;0;109;119m-[38;2;255;255;255m[48;2;0;109;119m-[38;2;255;255;255m[48;2;0;109;119m-[38;2;255;255;255m[48;2;0;109;119m-[38;2;255;255;255m[48;2;0;109;119m-[38;2;255;255;255m[48;2;0;109;119m+[38;2;232;241;242m[48;2;23;42;58m [38;2;232;241;242m[48;2;23;42;58m [38;2;232;241;242m[48;2;23;42;58m [38;2;232;241;242m[48;2;23;42;58m [38;2;232;241;242m[48;2;23;42;58m [38;2;232;241;242m[48;2;23;42;58m [38;2;232;241;242m[48;2;23;42;58m [38;2;232;241;242m[48;2;23;42;58m [38;2;232;241;242m[48;2;23;42;58m [38;2;232;241;242m[48;2;23;42;58m [38;2;232;241;242m[48;2;23;42;58m [38;2;232;241;242m[48;2;23;42;58m [38;2;232;241;242m[48;2;23;42;58m [38;2;232;241;242m[48;2;23;42;58m [38;2;232;241;242m[48;2;23;42;58m [38;2;232;241;242m[48;2;23;42;58m [38;2;232;241;242m[48;2;23;42;58m [38;2;232;241;242m[48;2;23;42;58m [38;2;232;241;242m[48;2;23;42;58m [38;2;232;241;242m[48;2;23;42;58m [38;2;232;241;242m[48;2;23;42;58m [38;2;232;241;242m[48;2;23;42;58m [38;2;232;241;242m[48;2;23;42;58m [38;2;232;241;242m[48;2;23;42;58m [38;2;232;241;242m[48;2;23;42;58m [38;2;232;241;242m[48;2;23;42;58m [38;2;232;241;242m[48;2;23;42;58m [38;2;232;241;242m[48;2;23;42;58m [38;2;232;241;242m[48;2;23;42;58m [38;2;232;241;242m[48;2;23;42;58m [38;2;123;223;242m[48;2;23;42;58m|[38;2;126;223;242m[48;2;16;24;32m|[0m
[38;2;126;223;242m[48;2;16;24;32m|[38;2;78;205;196m[48;2;27;38;59m|[38;2;221;231;240m[48;2;27;38;59m [38;2;221;231;240m[48;2;27;38;59m [38;2;221;231;240m[48;2;27;38;59m [38;2;221;231;240m[48;2;27;38;59m [38;2;221;231;240m[48;2;27;38;59m [38;2;221;231;240m[48;2;27;38;59m [38;2;221;231;240m[48;2;27;38;59m [38;2;221;231;240m[48;2;27;38;59m [38;2;221;231;240m[48;2;27;38;59m [38;2;221;231;240m[48;2;27;38;59m [38;2;221;231;240m[48;2;27;38;59m [38;2;221;231;240m[48;2;27;38;59m [38;2;221;231;240m[48;2;27;38;59m [38;2;221;231;240m[48;2;27;38;59m [38;2;221;231;240m[48;2;27;38;59m [38;2;221;231;240m[48;2;27;38;59m [38;2;221;231;240m[48;2;27;38;59m [38;2;221;231;240m[48;2;27;38;59m [38;2;221;231;240m[48;2;27;38;59m [38;2;221;231;240m[48;2;27;38;59m [38;2;78;205;196m[48;2;27;38;59m|[38;2;232;241;242m[48;2;16;24;32m [38;2;232;241;242m[48;2;16;24;32m [38;2;123;223;242m[48;2;23;42;58m|[38;2;255;255;255m[48;2;136;90;137m+[38;2;255;255;255m[48;2;136;90;137m[[38;2;255;255;255m[48;2;136;90;137mI[38;2;255;255;255m[48;2;136;90;137mn[38;2;255;255;255m[48;2;136;90;137ms[38;2;255;255;255m[48;2;136;90;137mp[38;2;255;255;255m[48;2;136;90;137me[38;2;255;255;255m[48;2;136;90;137mc[38;2;255;255;255m[48;2;136;90;137mt[38;2;255;255;255m[48;2;136;90;137m [38;2;255;255;255m[48;2;136;90;137mM[38;2;255;255;255m[48;2;136;90;137me[38;2;255;255;255m[48;2;136;90;137mt[38;2;255;255;255m[48;2;136;90;137ma[38;2;255;255;255m[48;2;136;90;137md[38;2;255;255;255m[48;2;136;90;137ma[38;2;255;255;255m[48;2;136;90;137m][38;2;255;255;255m[48;2;136;90;137m+[38;2;232;241;242m[48;2;23;42;58m [38;2;232;241;242m[48;2;23;42;58m [38;2;255;255;255m[48;2;0;109;119m+[38;2;255;255;255m[48;2;0;109;119m[[38;2;255;255;255m[48;2;0;109;119mM[38;2;255;255;255m[48;2;0;109;119mo[38;2;255;255;255m[48;2;0;109;119mu[38;2;255;255;255m[48;2;0;109;119ms[38;2;255;255;255m[48;2;0;109;119me[38;2;255;255;255m[48;2;0;109;119m [38;2;255;255;255m[48;2;0;109;119mH[38;2;255;255;255m[48;2;0;109;119mi[38;2;255;255;255m[48;2;0;109;119mt[38;2;255;255;255m[48;2;0;109;119m [38;2;255;255;255m[48;2;0;109;119mM[38;2;255;255;255m[48;2;0;109;119ma[38;2;255;255;255m[48;2;0;109;119mp[38;2;255;255;255m[48;2;0;109;119m][38;2;255;255;255m[48;2;0;109;119m-[38;2;255;255;255m[48;2;0;109;119m+[38;2;232;241;242m[48;2;23;42;58m [38;2;232;241;242m[48;2;23;42;58m [38;2;232;241;242m[48;2;23;42;58m [38;2;232;241;242m[48;2;23;42;58m [38;2;232;241;242m[48;2;23;42;58m [38;2;232;241;242m[48;2;23;42;58m [38;2;232;241;242m[48;2;23;42;58m [38;2;232;241;242m[48;2;23;42;58m [38;2;232;241;242m[48;2;23;42;58m [38;2;232;241;242m[48;2;23;42;58m [38;2;232;241;242m[48;2;23;42;58m [38;2;232;241;242m[48;2;23;42;58m [38;2;232;241;242m[48;2;23;42;58m [38;2;232;241;242m[48;2;23;42;58m [38;2;232;241;242m[48;2;23;42;58m [38;2;232;241;242m[48;2;23;42;58m [38;2;232;241;242m[48;2;23;42;58m [38;2;232;241;242m[48;2;23;42;58m [38;2;232;241;242m[48;2;23;42;58m [38;2;232;241;242m[48;2;23;42;58m [38;2;232;241;242m[48;2;23;42;58m [38;2;232;241;242m[48;2;23;42;58m [38;2;232;241;242m[48;2;23;42;58m [38;2;232;241;242m[48;2;23;42;58m [38;2;232;241;242m[48;2;23;42;58m [38;2;232;241;242m[48;2;23;42;58m [38;2;232;241;242m[48;2;23;42;58m [38;2;232;241;242m[48;2;23;42;58m [38;2;232;241;242m[48;2;23;42;58m [38;2;232;241;242m[48;2;23;42;58m [38;2;123;223;242m[48;2;23;42;58m|[38;2;126;223;242m[48;2;16;24;32m|[0m
[38;2;126;223;242m[48;2;16;24;32m|[38;2;78;205;196m[48;2;27;38;59m|[38;2;221;231;240m[48;2;27;38;59m [38;2;221;231;240m[48;2;27;38;59m [38;2;221;231;240m[48;2;27;38;59m [38;2;221;231;240m[48;2;27;38;59m [38;2;221;231;240m[48;2;27;38;59m [38;2;221;231;240m[48;2;27;38;59m [38;2;221;231;240m[48;2;27;38;59m [38;2;221;231;240m[48;2;27;38;59m [38;2;221;231;240m[48;2;27;38;59m [38;2;221;231;240m[48;2;27;38;59m [38;2;221;231;240m[48;2;27;38;59m [38;2;221;231;240m[48;2;27;38;59m [38;2;221;231;240m[48;2;27;38;59m [38;2;221;231;240m[48;2;27;38;59m [38;2;221;231;240m[48;2;27;38;59m [38;2;221;231;240m[48;2;27;38;59m [38;2;221;231;240m[48;2;27;38;59m [38;2;221;231;240m[48;2;27;38;59m [38;2;221;231;240m[48;2;27;38;59m [38;2;221;231;240m[48;2;27;38;59m [38;2;78;205;196m[48;2;27;38;59m|[38;2;232;241;242m[48;2;16;24;32m [38;2;232;241;242m[48;2;16;24;32m [38;2;123;223;242m[48;2;23;42;58m|[38;2;232;241;242m[48;2;23;42;58m [38;2;232;241;242m[48;2;23;42;58m [38;2;232;241;242m[48;2;23;42;58m [38;2;232;241;242m[48;2;23;42;58m [38;2;232;241;242m[48;2;23;42;58m [38;2;232;241;242m[48;2;23;42;58m [38;2;232;241;242m[48;2;23;42;58m [38;2;232;241;242m[48;2;23;42;58m [38;2;232;241;242m[48;2;23;42;58m [38;2;232;241;242m[48;2;23;42;58m [38;2;232;241;242m[48;2;23;42;58m [38;2;232;241;242m[48;2;23;42;58m [38;2;232;241;242m[48;2;23;42;58m [38;2;232;241;242m[48;2;23;42;58m [38;2;232;241;242m[48;2;23;42;58m [38;2;232;241;242m[48;2;23;42;58m [38;2;232;241;242m[48;2;23;42;58m [38;2;232;241;242m[48;2;23;42;58m [38;2;232;241;242m[48;2;23;42;58m [38;2;232;241;242m[48;2;23;42;58m [38;2;232;241;242m[48;2;23;42;58m [38;2;232;241;242m[48;2;23;42;58m [38;2;232;241;242m[48;2;23;42;58m [38;2;232;241;242m[48;2;23;42;58m [38;2;232;241;242m[48;2;23;42;58m [38;2;232;241;242m[48;2;23;42;58m [38;2;232;241;242m[48;2;23;42;58m [38;2;232;241;242m[48;2;23;42;58m [38;2;232;241;242m[48;2;23;42;58m [38;2;232;241;242m[48;2;23;42;58m [38;2;232;241;242m[48;2;23;42;58m [38;2;232;241;242m[48;2;23;42;58m [38;2;232;241;242m[48;2;23;42;58m [38;2;232;241;242m[48;2;23;42;58m [38;2;232;241;242m[48;2;23;42;58m [38;2;232;241;242m[48;2;23;42;58m [38;2;232;241;242m[48;2;23;42;58m [38;2;232;241;242m[48;2;23;42;58m [38;2;232;241;242m[48;2;23;42;58m [38;2;232;241;242m[48;2;23;42;58m [38;2;232;241;242m[48;2;23;42;58m [38;2;232;241;242m[48;2;23;42;58m [38;2;232;241;242m[48;2;23;42;58m [38;2;232;241;242m[48;2;23;42;58m [38;2;232;241;242m[48;2;23;42;58m [38;2;232;241;242m[48;2;23;42;58m [38;2;232;241;242m[48;2;23;42;58m [38;2;232;241;242m[48;2;23;42;58m [38;2;232;241;242m[48;2;23;42;58m [38;2;232;241;242m[48;2;23;42;58m [38;2;232;241;242m[48;2;23;42;58m [38;2;232;241;242m[48;2;23;42;58m [38;2;232;241;242m[48;2;23;42;58m [38;2;232;241;242m[48;2;23;42;58m [38;2;232;241;242m[48;2;23;42;58m [38;2;232;241;242m[48;2;23;42;58m [38;2;232;241;242m[48;2;23;42;58m [38;2;232;241;242m[48;2;23;42;58m [38;2;232;241;242m[48;2;23;42;58m [38;2;232;241;242m[48;2;23;42;58m [38;2;232;241;242m[48;2;23;42;58m [38;2;232;241;242m[48;2;23;42;58m [38;2;232;241;242m[48;2;23;42;58m [38;2;232;241;242m[48;2;23;42;58m [38;2;232;241;242m[48;2;23;42;58m [38;2;232;241;242m[48;2;23;42;58m [38;2;232;241;242m[48;2;23;42;58m [38;2;232;241;242m[48;2;23;42;58m [38;2;123;223;242m[48;2;23;42;58m|[38;2;126;223;242m[48;2;16;24;32m|[0m
[38;2;126;223;242m[48;2;16;24;32m|[38;2;78;205;196m[48;2;27;38;59m|[38;2;221;231;240m[48;2;27;38;59m [38;2;221;231;240m[48;2;27;38;59m [38;2;221;231;240m[48;2;27;38;59m [38;2;221;231;240m[48;2;27;38;59m [38;2;221;231;240m[48;2;27;38;59m [38;2;221;231;240m[48;2;27;38;59m [38;2;221;231;240m[48;2;27;38;59m [38;2;221;231;240m[48;2;27;38;59m [38;2;221;231;240m[48;2;27;38;59m [38;2;221;231;240m[48;2;27;38;59m [38;2;221;231;240m[48;2;27;38;59m [38;2;221;231;240m[48;2;27;38;59m [38;2;221;231;240m[48;2;27;38;59m [38;2;221;231;240m[48;2;27;38;59m [38;2;221;231;240m[48;2;27;38;59m [38;2;221;231;240m[48;2;27;38;59m [38;2;221;231;240m[48;2;27;38;59m [38;2;221;231;240m[48;2;27;38;59m [38;2;221;231;240m[48;2;27;38;59m [38;2;221;231;240m[48;2;27;38;59m [38;2;78;205;196m[48;2;27;38;59m|[38;2;232;241;242m[48;2;16;24;32m [38;2;232;241;242m[48;2;16;24;32m [38;2;123;223;242m[48;2;23;42;58m|[38;2;232;241;242m[48;2;23;42;58m [38;2;232;241;242m[48;2;23;42;58m [38;2;232;241;242m[48;2;23;42;58m [38;2;232;241;242m[48;2;23;42;58m [38;2;232;241;242m[48;2;23;42;58m [38;2;232;241;242m[48;2;23;42;58m [38;2;232;241;242m[48;2;23;42;58m [38;2;232;241;242m[48;2;23;42;58m [38;2;232;241;242m[48;2;23;42;58m [38;2;232;241;242m[48;2;23;42;58m [38;2;232;241;242m[48;2;23;42;58m [38;2;232;241;242m[48;2;23;42;58m [38;2;232;241;242m[48;2;23;42;58m [38;2;232;241;242m[48;2;23;42;58m [38;2;232;241;242m[48;2;23;42;58m [38;2;232;241;242m[48;2;23;42;58m [38;2;232;241;242m[48;2;23;42;58m [38;2;232;241;242m[48;2;23;42;58m [38;2;232;241;242m[48;2;23;42;58m [38;2;232;241;242m[48;2;23;42;58m [38;2;232;241;242m[48;2;23;42;58m [38;2;232;241;242m[48;2;23;42;58m [38;2;232;241;242m[48;2;23;42;58m [38;2;232;241;242m[48;2;23;42;58m [38;2;232;241;242m[48;2;23;42;58m [38;2;232;241;242m[48;2;23;42;58m [38;2;232;241;242m[48;2;23;42;58m [38;2;232;241;242m[48;2;23;42;58m [38;2;232;241;242m[48;2;23;42;58m [38;2;232;241;242m[48;2;23;42;58m [38;2;232;241;242m[48;2;23;42;58m [38;2;232;241;242m[48;2;23;42;58m [38;2;232;241;242m[48;2;23;42;58m [38;2;232;241;242m[48;2;23;42;58m [38;2;232;241;242m[48;2;23;42;58m [38;2;232;241;242m[48;2;23;42;58m [38;2;232;241;242m[48;2;23;42;58m [38;2;232;241;242m[48;2;23;42;58m [38;2;232;241;242m[48;2;23;42;58m [38;2;232;241;242m[48;2;23;42;58m [38;2;232;241;242m[48;2;23;42;58m [38;2;232;241;242m[48;2;23;42;58m [38;2;232;241;242m[48;2;23;42;58m [38;2;232;241;242m[48;2;23;42;58m [38;2;232;241;242m[48;2;23;42;58m [38;2;232;241;242m[48;2;23;42;58m [38;2;232;241;242m[48;2;23;42;58m [38;2;232;241;242m[48;2;23;42;58m [38;2;232;241;242m[48;2;23;42;58m [38;2;232;241;242m[48;2;23;42;58m [38;2;232;241;242m[48;2;23;42;58m [38;2;232;241;242m[48;2;23;42;58m [38;2;232;241;242m[48;2;23;42;58m [38;2;232;241;242m[48;2;23;42;58m [38;2;232;241;242m[48;2;23;42;58m [38;2;232;241;242m[48;2;23;42;58m [38;2;232;241;242m[48;2;23;42;58m [38;2;232;241;242m[48;2;23;42;58m [38;2;232;241;242m[48;2;23;42;58m [38;2;232;241;242m[48;2;23;42;58m [38;2;232;241;242m[48;2;23;42;58m [38;2;232;241;242m[48;2;23;42;58m [38;2;232;241;242m[48;2;23;42;58m [38;2;232;241;242m[48;2;23;42;58m [38;2;232;241;242m[48;2;23;42;58m [38;2;232;241;242m[48;2;23;42;58m [38;2;232;241;242m[48;2;23;42;58m [38;2;232;241;242m[48;2;23;42;58m [38;2;123;223;242m[48;2;23;42;58m|[38;2;126;223;242m[48;2;16;24;32m|[0m
[38;2;126;223;242m[48;2;16;24;32m|[38;2;78;205;196m[48;2;27;38;59m+[38;2;78;205;196m[48;2;27;38;59m-[38;2;78;205;196m[48;2;27;38;59m-[38;2;78;205;196m[48;2;27;38;59m-[38;2;78;205;196m[48;2;27;38;59m-[38;2;78;205;196m[48;2;27;38;59m-[38;2;78;205;196m[48;2;27;38;59m-[38;2;78;205;196m[48;2;27;38;59m-[38;2;78;205;196m[48;2;27;38;59m-[38;2;78;205;196m[48;2;27;38;59m-[38;2;78;205;196m[48;2;27;38;59m-[38;2;78;205;196m[48;2;27;38;59m-[38;2;78;205;196m[48;2;27;38;59m-[38;2;78;205;196m[48;2;27;38;59m-[38;2;78;205;196m[48;2;27;38;59m-[38;2;78;205;196m[48;2;27;38;59m-[38;2;78;205;196m[48;2;27;38;59m-[38;2;78;205;196m[48;2;27;38;59m-[38;2;78;205;196m[48;2;27;38;59m-[38;2;78;205;196m[48;2;27;38;59m-[38;2;78;205;196m[48;2;27;38;59m-[38;2;78;205;196m[48;2;27;38;59m+[38;2;232;241;242m[48;2;16;24;32m [38;2;232;241;242m[48;2;16;24;32m [38;2;123;223;242m[48;2;23;42;58m+[38;2;123;223;242m[48;2;23;42;58m-[38;2;123;223;242m[48;2;23;42;58m-[38;2;123;223;242m[48;2;23;42;58m-[38;2;123;223;242m[48;2;23;42;58m-[38;2;123;223;242m[48;2;23;42;58m-[38;2;123;223;242m[48;2;23;42;58m-[38;2;123;223;242m[48;2;23;42;58m-[38;2;123;223;242m[48;2;23;42;58m-[38;2;123;223;242m[48;2;23;42;58m-[38;2;123;223;242m[48;2;23;42;58m-[38;2;123;223;242m[48;2;23;42;58m-[38;2;123;223;242m[48;2;23;42;58m-[38;2;123;223;242m[48;2;23;42;58m-[38;2;123;223;242m[48;2;23;42;58m-[38;2;123;223;242m[48;2;23;42;58m-[38;2;123;223;242m[48;2;23;42;58m-[38;2;123;223;242m[48;2;23;42;58m-[38;2;123;223;242m[48;2;23;42;58m-[38;2;123;223;242m[48;2;23;42;58m-[38;2;123;223;242m[48;2;23;42;58m-[38;2;123;223;242m[48;2;23;42;58m-[38;2;123;223;242m[48;2;23;42;58m-[38;2;123;223;242m[48;2;23;42;58m-[38;2;123;223;242m[48;2;23;42;58m-[38;2;123;223;242m[48;2;23;42;58m-[38;2;123;223;242m[48;2;23;42;58m-[38;2;123;223;242m[48;2;23;42;58m-[38;2;123;223;242m[48;2;23;42;58m-[38;2;123;223;242m[48;2;23;42;58m-[38;2;123;223;242m[48;2;23;42;58m-[38;2;123;223;242m[48;2;23;42;58m-[38;2;123;223;242m[48;2;23;42;58m-[38;2;123;223;242m[48;2;23;42;58m-[38;2;123;223;242m[48;2;23;42;58m-[38;2;123;223;242m[48;2;23;42;58m-[38;2;123;223;242m[48;2;23;42;58m-[38;2;123;223;242m[48;2;23;42;58m-[38;2;123;223;242m[48;2;23;42;58m-[38;2;123;223;242m[48;2;23;42;58m-[38;2;123;223;242m[48;2;23;42;58m-[38;2;123;223;242m[48;2;23;42;58m-[38;2;123;223;242m[48;2;23;42;58m-[38;2;123;223;242m[48;2;23;42;58m-[38;2;123;223;242m[48;2;23;42;58m-[38;2;123;223;242m[48;2;23;42;58m-[38;2;123;223;242m[48;2;23;42;58m-[38;2;123;223;242m[48;2;23;42;58m-[38;2;123;223;242m[48;2;23;42;58m-[38;2;123;223;242m[48;2;23;42;58m-[38;2;123;223;242m[48;2;23;42;58m-[38;2;123;223;242m[48;2;23;42;58m-[38;2;123;223;242m[48;2;23;42;58m-[38;2;123;223;242m[48;2;23;42;58m-[38;2;123;223;242m[48;2;23;42;58m-[38;2;123;223;242m[48;2;23;42;58m-[38;2;123;223;242m[48;2;23;42;58m-[38;2;123;223;242m[48;2;23;42;58m-[38;2;123;223;242m[48;2;23;42;58m-[38;2;123;223;242m[48;2;23;42;58m-[38;2;123;223;242m[48;2;23;42;58m-[38;2;123;223;242m[48;2;23;42;58m-[38;2;123;223;242m[48;2;23;42;58m-[38;2;123;223;242m[48;2;23;42;58m-[38;2;123;223;242m[48;2;23;42;58m-[38;2;123;223;242m[48;2;23;42;58m-[38;2;123;223;242m[48;2;23;42;58m-[38;2;123;223;242m[48;2;23;42;58m-[38;2;123;223;242m[48;2;23;42;58m-[38;2;123;223;242m[48;2;23;42;58m+[38;2;126;223;242m[48;2;16;24;32m|[0m
[38;2;126;223;242m[48;2;16;24;32m|[38;2;232;241;242m[48;2;16;24;32m [38;2;232;241;242m[48;2;16;24;32m [38;2;232;241;242m[48;2;16;24;32m [38;2;232;241;242m[48;2;16;24;32m [38;2;232;241;242m[48;2;16;24;32m [38;2;232;241;242m[48;2;16;24;32m [38;2;232;241;242m[48;2;16;24;32m [38;2;232;241;242m[48;2;16;24;32m [38;2;232;241;242m[48;2;16;24;32m [38;2;232;241;242m[48;2;16;24;32m [38;2;232;241;242m[48;2;16;24;32m [38;2;232;241;242m[48;2;16;24;32m [38;2;232;241;242m[48;2;16;24;32m [38;2;232;241;242m[48;2;16;24;32m [38;2;232;241;242m[48;2;16;24;32m [38;2;232;241;242m[48;2;16;24;32m [38;2;232;241;242m[48;2;16;24;32m [38;2;232;241;242m[48;2;16;24;32m [38;2;232;241;242m[48;2;16;24;32m [38;2;232;241;242m[48;2;16;24;32m [38;2;232;241;242m[48;2;16;24;32m [38;2;232;241;242m[48;2;16;24;32m [38;2;232;241;242m[48;2;16;24;32m [38;2;232;241;242m[48;2;16;24;32m [38;2;232;241;242m[48;2;16;24;32m [38;2;232;241;242m[48;2;16;24;32m [38;2;232;241;242m[48;2;16;24;32m [38;2;232;241;242m[48;2;16;24;32m [38;2;232;241;242m[48;2;16;24;32m [38;2;232;241;242m[48;2;16;24;32m [38;2;232;241;242m[48;2;16;24;32m [38;2;232;241;242m[48;2;16;24;32m [38;2;232;241;242m[48;2;16;24;32m [38;2;232;241;242m[48;2;16;24;32m [38;2;232;241;242m[48;2;16;24;32m [38;2;232;241;242m[48;2;16;24;32m [38;2;232;241;242m[48;2;16;24;32m [38;2;232;241;242m[48;2;16;24;32m [38;2;232;241;242m[48;2;16;24;32m [38;2;232;241;242m[48;2;16;24;32m [38;2;232;241;242m[48;2;16;24;32m [38;2;232;241;242m[48;2;16;24;32m [38;2;232;241;242m[48;2;16;24;32m [38;2;232;241;242m[48;2;16;24;32m [38;2;232;241;242m[48;2;16;24;32m [38;2;232;241;242m[48;2;16;24;32m [38;2;232;241;242m[48;2;16;24;32m [38;2;232;241;242m[48;2;16;24;32m [38;2;232;241;242m[48;2;16;24;32m [38;2;232;241;242m[48;2;16;24;32m [38;2;232;241;242m[48;2;16;24;32m [38;2;232;241;242m[48;2;16;24;32m [38;2;232;241;242m[48;2;16;24;32m [38;2;232;241;242m[48;2;16;24;32m [38;2;232;241;242m[48;2;16;24;32m [38;2;232;241;242m[48;2;16;24;32m [38;2;232;241;242m[48;2;16;24;32m [38;2;232;241;242m[48;2;16;24;32m [38;2;232;241;242m[48;2;16;24;32m [38;2;232;241;242m[48;2;16;24;32m [38;2;232;241;242m[48;2;16;24;32m [38;2;232;241;242m[48;2;16;24;32m [38;2;232;241;242m[48;2;16;24;32m [38;2;232;241;242m[48;2;16;24;32m [38;2;232;241;242m[48;2;16;24;32m [38;2;232;241;242m[48;2;16;24;32m [38;2;232;241;242m[48;2;16;24;32m [38;2;232;241;242m[48;2;16;24;32m [38;2;232;241;242m[48;2;16;24;32m [38;2;232;241;242m[48;2;16;24;32m [38;2;232;241;242m[48;2;16;24;32m [38;2;232;241;242m[48;2;16;24;32m [38;2;232;241;242m[48;2;16;24;32m [38;2;232;241;242m[48;2;16;24;32m [38;2;232;241;242m[48;2;16;24;32m [38;2;232;241;242m[48;2;16;24;32m [38;2;232;241;242m[48;2;16;24;32m [38;2;232;241;242m[48;2;16;24;32m [38;2;232;241;242m[48;2;16;24;32m [38;2;232;241;242m[48;2;16;24;32m [38;2;232;241;242m[48;2;16;24;32m [38;2;232;241;242m[48;2;16;24;32m [38;2;232;241;242m[48;2;16;24;32m [38;2;232;241;242m[48;2;16;24;32m [38;2;232;241;242m[48;2;16;24;32m [38;2;232;241;242m[48;2;16;24;32m [38;2;232;241;242m[48;2;16;24;32m [38;2;232;241;242m[48;2;16;24;32m [38;2;232;241;242m[48;2;16;24;32m [38;2;232;241;242m[48;2;16;24;32m [38;2;232;241;242m[48;2;16;24;32m [38;2;232;241;242m[48;2;16;24;32m [38;2;232;241;242m[48;2;16;24;32m [38;2;232;241;242m[48;2;16;24;32m [38;2;126;223;242m[48;2;16;24;32m|[0m
[38;2;126;223;242m[48;2;16;24;32m+[38;2;126;223;242m[48;2;16;24;32m-[38;2;126;223;242m[48;2;16;24;32m-[38;2;126;223;242m[48;2;16;24;32m-[38;2;126;223;242m[48;2;16;24;32m-[38;2;126;223;242m[48;2;16;24;32m-[38;2;126;223;242m[48;2;16;24;32m-[38;2;126;223;242m[48;2;16;24;32m-[38;2;126;223;242m[48;2;16;24;32m-[38;2;126;223;242m[48;2;16;24;32m-[38;2;126;223;242m[48;2;16;24;32m-[38;2;126;223;242m[48;2;16;24;32m-[38;2;126;223;242m[48;2;16;24;32m-[38;2;126;223;242m[48;2;16;24;32m-[38;2;126;223;242m[48;2;16;24;32m-[38;2;126;223;242m[48;2;16;24;32m-[38;2;126;223;242m[48;2;16;24;32m-[38;2;126;223;242m[48;2;16;24;32m-[38;2;126;223;242m[48;2;16;24;32m-[38;2;126;223;242m[48;2;16;24;32m-[38;2;126;223;242m[48;2;16;24;32m-[38;2;126;223;242m[48;2;16;24;32m-[38;2;126;223;242m[48;2;16;24;32m-[38;2;126;223;242m[48;2;16;24;32m-[38;2;126;223;242m[48;2;16;24;32m-[38;2;126;223;242m[48;2;16;24;32m-[38;2;126;223;242m[48;2;16;24;32m-[38;2;126;223;242m[48;2;16;24;32m-[38;2;126;223;242m[48;2;16;24;32m-[38;2;126;223;242m[48;2;16;24;32m-[38;2;126;223;242m[48;2;16;24;32m-[38;2;126;223;242m[48;2;16;24;32m-[38;2;126;223;242m[48;2;16;24;32m-[38;2;126;223;242m[48;2;16;24;32m-[38;2;126;223;242m[48;2;16;24;32m-[38;2;126;223;242m[48;2;16;24;32m-[38;2;126;223;242m[48;2;16;24;32m-[38;2;126;223;242m[48;2;16;24;32m-[38;2;126;223;242m[48;2;16;24;32m-[38;2;126;223;242m[48;2;16;24;32m-[38;2;126;223;242m[48;2;16;24;32m-[38;2;126;223;242m[48;2;16;24;32m-[38;2;126;223;242m[48;2;16;24;32m-[38;2;126;223;242m[48;2;16;24;32m-[38;2;126;223;242m[48;2;16;24;32m-[38;2;126;223;242m[48;2;16;24;32m-[38;2;126;223;242m[48;2;16;24;32m-[38;2;126;223;242m[48;2;16;24;32m-[38;2;126;223;242m[48;2;16;24;32m-[38;2;126;223;242m[48;2;16;24;32m-[38;2;126;223;242m[48;2;16;24;32m-[38;2;126;223;242m[48;2;16;24;32m-[38;2;126;223;242m[48;2;16;24;32m-[38;2;126;223;242m[48;2;16;24;32m-[38;2;126;223;242m[48;2;16;24;32m-[38;2;126;223;242m[48;2;16;24;32m-[38;2;126;223;242m[48;2;16;24;32m-[38;2;126;223;242m[48;2;16;24;32m-[38;2;126;223;242m[48;2;16;24;32m-[38;2;126;223;242m[48;2;16;24;32m-[38;2;126;223;242m[48;2;16;24;32m-[38;2;126;223;242m[48;2;16;24;32m-[38;2;126;223;242m[48;2;16;24;32m-[38;2;126;223;242m[48;2;16;24;32m-[38;2;126;223;242m[48;2;16;24;32m-[38;2;126;223;242m[48;2;16;24;32m-[38;2;126;223;242m[48;2;16;24;32m-[38;2;126;223;242m[48;2;16;24;32m-[38;2;126;223;242m[48;2;16;24;32m-[38;2;126;223;242m[48;2;16;24;32m-[38;2;126;223;242m[48;2;16;24;32m-[38;2;126;223;242m[48;2;16;24;32m-[38;2;126;223;242m[48;2;16;24;32m-[38;2;126;223;242m[48;2;16;24;32m-[38;2;126;223;242m[48;2;16;24;32m-[38;2;126;223;242m[48;2;16;24;32m-[38;2;126;223;242m[48;2;16;24;32m-[38;2;126;223;242m[48;2;16;24;32m-[38;2;126;223;242m[48;2;16;24;32m-[38;2;126;223;242m[48;2;16;24;32m-[38;2;126;223;242m[48;2;16;24;32m-[38;2;126;223;242m[48;2;16;24;32m-[38;2;126;223;242m[48;2;16;24;32m-[38;2;126;223;242m[48;2;16;24;32m-[38;2;126;223;242m[48;2;16;24;32m-[38;2;126;223;242m[48;2;16;24;32m-[38;2;126;223;242m[48;2;16;24;32m-[38;2;126;223;242m[48;2;16;24;32m-[38;2;126;223;242m[48;2;16;24;32m-[38;2;126;223;242m[48;2;16;24;32m-[38;2;126;223;242m[48;2;16;24;32m-[38;2;126;223;242m[48;2;16;24;32m-[38;2;126;223;242m[48;2;16;24;32m-[38;2;126;223;242m[48;2;16;24;32m-[38;2;126;223;242m[48;2;16;24;32m-[38;2;126;223;242m[48;2;16;24;32m+[0m
