[Fri Jun  5 18:25:30 2026] Wraith-Alpha Manager starting in /home/no/Desktop/🤖️🪤️🏠️/🗓️📆️👩🏻‍💻️/jun-5/wraith-surgical-00.01/1.TPMOS_c_+rmmp.0102.0018
[Fri Jun  5 18:25:30 2026] State updated: idx=1, key=0
[Fri Jun  5 18:25:32 2026] Input received: 1003
[Fri Jun  5 18:25:32 2026] State updated: idx=2, key=DOWN
[Fri Jun  5 18:25:32 2026] Input received: 1003
[Fri Jun  5 18:25:32 2026] State updated: idx=3, key=DOWN
[Fri Jun  5 18:25:33 2026] Input received: 13
[Fri Jun  5 18:25:33 2026] State updated: idx=3, key=ENTER
[Fri Jun  5 18:25:34 2026] Wraith-Alpha Manager shutting down.
[Fri Jun  5 18:27:40 2026] Wraith-Alpha Manager starting in /home/no/Desktop/🤖️🪤️🏠️/🗓️📆️👩🏻‍💻️/jun-5/wraith-surgical-00.01/1.TPMOS_c_+rmmp.0102.0018
[Fri Jun  5 18:27:40 2026] State updated: idx=1, key=0
[Fri Jun  5 18:27:41 2026] Input received: 97
[Fri Jun  5 18:27:41 2026] State updated: idx=1, key=a
[Fri Jun  5 18:27:42 2026] Input received: 98
[Fri Jun  5 18:27:42 2026] State updated: idx=1, key=b
[Fri Jun  5 18:27:42 2026] Input received: 99
[Fri Jun  5 18:27:42 2026] State updated: idx=1, key=c
[Fri Jun  5 18:27:53 2026] Input received: 98
[Fri Jun  5 18:27:53 2026] State updated: idx=1, key=b
[Fri Jun  5 18:31:18 2026] Wraith-Alpha Manager shutting down.
[Fri Jun  5 18:32:14 2026] Wraith-Alpha Manager starting in /home/no/Desktop/🤖️🪤️🏠️/🗓️📆️👩🏻‍💻️/jun-5/wraith-surgical-00.01/1.TPMOS_c_+rmmp.0102.0018
[Fri Jun  5 18:32:14 2026] State updated: idx=1, key=0
[Fri Jun  5 18:32:16 2026] Input received: 100
[Fri Jun  5 18:32:16 2026] State updated: idx=1, key=d
[Fri Jun  5 18:32:16 2026] Input received: 115
[Fri Jun  5 18:32:16 2026] State updated: idx=1, key=s
[Fri Jun  5 18:32:17 2026] Wraith-Alpha Manager shutting down.
[Fri Jun  5 18:35:42 2026] Wraith-Alpha Manager starting in /home/no/Desktop/🤖️🪤️🏠️/🗓️📆️👩🏻‍💻️/jun-5/wraith-surgical-00.01/1.TPMOS_c_+rmmp.0102.0018
[Fri Jun  5 18:35:42 2026] State updated: idx=1, key=0
[Fri Jun  5 18:35:44 2026] Input received: 104
[Fri Jun  5 18:35:44 2026] State updated: idx=1, key=h
[Fri Jun  5 18:35:44 2026] Input received: 105
[Fri Jun  5 18:35:44 2026] State updated: idx=1, key=i
[Fri Jun  5 18:35:48 2026] Wraith-Alpha Manager shutting down.
[Fri Jun  5 18:49:46 2026] Wraith-Alpha Manager starting in /home/no/Desktop/🤖️🪤️🏠️/🗓️📆️👩🏻‍💻️/jun-5/wraith-surgical-00.01/1.TPMOS_c_+rmmp.0102.0018
[Fri Jun  5 18:49:46 2026] State updated: idx=1, key=0
[Fri Jun  5 18:49:47 2026] Input received: 102
[Fri Jun  5 18:49:47 2026] State updated: idx=1, key=f
[Fri Jun  5 18:49:48 2026] Input received: 100
[Fri Jun  5 18:49:48 2026] State updated: idx=1, key=d
[Fri Jun  5 18:49:48 2026] Input received: 115
[Fri Jun  5 18:49:48 2026] State updated: idx=1, key=s
[Fri Jun  5 18:49:48 2026] Input received: 97
[Fri Jun  5 18:49:48 2026] State updated: idx=1, key=a
[Fri Jun  5 18:49:51 2026] Wraith-Alpha Manager shutting down.
[Fri Jun  5 19:08:28 2026] Wraith-Alpha Manager starting in /home/no/Desktop/🤖️🪤️🏠️/🗓️📆️👩🏻‍💻️/jun-5/wraith-surgical-00.01/1.TPMOS_c_+rmmp.0102.0018
[Fri Jun  5 19:08:28 2026] State updated: idx=1, key=0
[Fri Jun  5 19:08:30 2026] Input received: 106
[Fri Jun  5 19:08:30 2026] State updated: idx=1, key=j
[Fri Jun  5 19:08:31 2026] Input received: 108
[Fri Jun  5 19:08:31 2026] State updated: idx=1, key=l
[Fri Jun  5 19:08:31 2026] Input received: 107
[Fri Jun  5 19:08:31 2026] State updated: idx=1, key=k
[Fri Jun  5 19:08:31 2026] Input received: 106
[Fri Jun  5 19:08:31 2026] State updated: idx=1, key=j
[Fri Jun  5 19:08:36 2026] Wraith-Alpha Manager shutting down.
[Fri Jun  5 19:29:33 2026] Wraith-Alpha Manager starting in /home/no/Desktop/🤖️🪤️🏠️/🗓️📆️👩🏻‍💻️/jun-5/wraith-surgical-00.01/1.TPMOS_c_+rmmp.0102.0018
[Fri Jun  5 19:29:33 2026] State updated: idx=1, key=0
[Fri Jun  5 19:29:34 2026] Input received: 100
[Fri Jun  5 19:29:34 2026] State updated: idx=1, key=d
[Fri Jun  5 19:29:35 2026] Input received: 102
[Fri Jun  5 19:29:35 2026] State updated: idx=1, key=f
[Fri Jun  5 19:29:35 2026] Input received: 100
[Fri Jun  5 19:29:35 2026] State updated: idx=1, key=d
[Fri Jun  5 19:29:35 2026] Input received: 99
[Fri Jun  5 19:29:35 2026] State updated: idx=1, key=c
[Fri Jun  5 19:29:36 2026] Wraith-Alpha Manager shutting down.
[Fri Jun  5 19:32:45 2026] Wraith-Alpha Manager starting in /home/no/Desktop/🤖️🪤️🏠️/🗓️📆️👩🏻‍💻️/jun-5/wraith-surgical-00.01/1.TPMOS_c_+rmmp.0102.0018
[Fri Jun  5 19:32:45 2026] State updated: idx=1, key=0
[Fri Jun  5 19:32:46 2026] Input received: 100
[Fri Jun  5 19:32:46 2026] State updated: idx=1, key=d
[Fri Jun  5 19:32:46 2026] Input received: 102
[Fri Jun  5 19:32:46 2026] State updated: idx=1, key=f
[Fri Jun  5 19:32:46 2026] Input received: 115
[Fri Jun  5 19:32:46 2026] State updated: idx=1, key=s
[Fri Jun  5 19:32:49 2026] Input received: 105
[Fri Jun  5 19:32:49 2026] State updated: idx=1, key=i
[Fri Jun  5 19:32:50 2026] Input received: 108
[Fri Jun  5 19:32:50 2026] State updated: idx=1, key=l
[Fri Jun  5 19:32:52 2026] Input received: 49
[Fri Jun  5 19:32:52 2026] State updated: idx=1, key=1
[Fri Jun  5 19:32:52 2026] Input received: 50
[Fri Jun  5 19:32:52 2026] State updated: idx=1, key=2
[Fri Jun  5 19:32:52 2026] Input received: 51
[Fri Jun  5 19:32:52 2026] State updated: idx=1, key=3
[Fri Jun  5 19:32:55 2026] Wraith-Alpha Manager shutting down.
[Fri Jun  5 20:11:29 2026] Wraith-Alpha Manager starting in /home/no/Desktop/🤖️🪤️🏠️/🗓️📆️👩🏻‍💻️/jun-5/wraith-surgical-00.01/1.TPMOS_c_+rmmp.0102.0018
[Fri Jun  5 20:11:29 2026] State updated: idx=1, key=0
[Fri Jun  5 20:11:32 2026] Input received: 1003
[Fri Jun  5 20:11:32 2026] State updated: idx=2, key=DOWN
[Fri Jun  5 20:11:32 2026] Input received: 1003
[Fri Jun  5 20:11:32 2026] State updated: idx=3, key=DOWN
[Fri Jun  5 20:11:49 2026] Wraith-Alpha Manager shutting down.
[Fri Jun  5 20:12:06 2026] Wraith-Alpha Manager starting in /home/no/Desktop/🤖️🪤️🏠️/🗓️📆️👩🏻‍💻️/jun-5/wraith-surgical-00.01/1.TPMOS_c_+rmmp.0102.0018
[Fri Jun  5 20:12:06 2026] State updated: idx=1, key=0
[Fri Jun  5 20:12:07 2026] Input received: 13
[Fri Jun  5 20:12:07 2026] State updated: idx=1, key=ENTER
[Fri Jun  5 20:12:09 2026] Input received: 1003
[Fri Jun  5 20:12:09 2026] State updated: idx=2, key=DOWN
[Fri Jun  5 20:12:10 2026] Input received: 13
[Fri Jun  5 20:12:10 2026] State updated: idx=2, key=ENTER
[Fri Jun  5 20:12:10 2026] Input received: 1003
[Fri Jun  5 20:12:10 2026] State updated: idx=3, key=DOWN
[Fri Jun  5 20:12:11 2026] Input received: 13
[Fri Jun  5 20:12:11 2026] State updated: idx=3, key=ENTER
[Fri Jun  5 20:12:11 2026] Input received: 1003
[Fri Jun  5 20:12:11 2026] State updated: idx=4, key=DOWN
[Fri Jun  5 20:12:12 2026] Input received: 13
[Fri Jun  5 20:12:12 2026] State updated: idx=4, key=ENTER
[Fri Jun  5 20:12:13 2026] Wraith-Alpha Manager shutting down.
[Fri Jun  5 20:33:29 2026] Wraith-Alpha Manager starting in /home/no/Desktop/🤖️🪤️🏠️/🗓️📆️👩🏻‍💻️/jun-5/wraith-surgical-00.01/1.TPMOS_c_+rmmp.0102.0018
[Fri Jun  5 20:33:29 2026] State updated: idx=1, key=0
[Fri Jun  5 20:33:35 2026] Input received: 1003
[Fri Jun  5 20:33:35 2026] State updated: idx=2, key=DOWN
[Fri Jun  5 20:33:35 2026] Input received: 1003
[Fri Jun  5 20:33:35 2026] State updated: idx=3, key=DOWN
[Fri Jun  5 20:33:36 2026] Input received: 1003
[Fri Jun  5 20:33:36 2026] State updated: idx=4, key=DOWN
[Fri Jun  5 20:33:45 2026] Input received: 1003
[Fri Jun  5 20:33:45 2026] State updated: idx=4, key=DOWN
[Fri Jun  5 20:33:45 2026] Input received: 1003
[Fri Jun  5 20:33:45 2026] State updated: idx=4, key=DOWN
[Fri Jun  5 20:33:46 2026] Input received: 1003
[Fri Jun  5 20:33:46 2026] State updated: idx=4, key=DOWN
[Fri Jun  5 20:33:46 2026] Input received: 1003
[Fri Jun  5 20:33:46 2026] State updated: idx=4, key=DOWN
[Fri Jun  5 20:33:46 2026] Input received: 1003
[Fri Jun  5 20:33:46 2026] State updated: idx=4, key=DOWN
[Fri Jun  5 20:33:47 2026] Input received: 1003
[Fri Jun  5 20:33:47 2026] State updated: idx=4, key=DOWN
[Fri Jun  5 20:33:52 2026] Input received: 13
[Fri Jun  5 20:33:52 2026] State updated: idx=4, key=ENTER
[Fri Jun  5 20:43:32 2026] Input received: 1002
[Fri Jun  5 20:43:32 2026] State updated: idx=3, key=UP
[Fri Jun  5 20:43:33 2026] Input received: 22
[Fri Jun  5 20:43:33 2026] State updated: idx=3, key=22
[Fri Jun  5 20:43:33 2026] Input received: 99
[Fri Jun  5 20:43:33 2026] State updated: idx=3, key=c
[Fri Jun  5 20:43:34 2026] Input received: 22
[Fri Jun  5 20:43:34 2026] State updated: idx=3, key=22
[Fri Jun  5 20:43:34 2026] Wraith-Alpha Manager shutting down.
[Fri Jun  5 20:44:34 2026] Wraith-Alpha Manager starting in /home/no/Desktop/🤖️🪤️🏠️/🗓️📆️👩🏻‍💻️/jun-5/wraith-surgical-00.01/1.TPMOS_c_+rmmp.0102.0018
[Fri Jun  5 20:44:34 2026] State updated: idx=1, key=0
[Fri Jun  5 20:44:36 2026] Input received: 1003
[Fri Jun  5 20:44:36 2026] State updated: idx=2, key=DOWN
[Fri Jun  5 20:44:36 2026] Input received: 1003
[Fri Jun  5 20:44:36 2026] State updated: idx=3, key=DOWN
[Fri Jun  5 20:44:37 2026] Input received: 1003
[Fri Jun  5 20:44:37 2026] State updated: idx=4, key=DOWN
[Fri Jun  5 20:44:38 2026] Input received: 1002
[Fri Jun  5 20:44:38 2026] State updated: idx=3, key=UP
[Fri Jun  5 20:44:39 2026] Input received: 13
[Fri Jun  5 20:44:39 2026] State updated: idx=3, key=ENTER
[Sat Jun  6 11:21:00 2026] Wraith-Alpha Manager shutting down.
[Sat Jun  6 11:36:29 2026] Wraith-Alpha Manager starting in /home/no/Desktop/🤖️🪤️🏠️/🗓️📆️👩🏻‍💻️/jun-5/wraith-surgical-00.01/1.TPMOS_c_+rmmp.0102.0018
[Sat Jun  6 11:36:29 2026] State updated: idx=1, key=0
[Sat Jun  6 11:36:32 2026] Input received: 1003
[Sat Jun  6 11:36:32 2026] State updated: idx=2, key=DOWN
[Sat Jun  6 11:36:33 2026] Input received: 1003
[Sat Jun  6 11:36:33 2026] State updated: idx=3, key=DOWN
[Sat Jun  6 11:36:36 2026] Input received: 1003
[Sat Jun  6 11:36:36 2026] State updated: idx=4, key=DOWN
[Sat Jun  6 11:36:37 2026] Input received: 1002
[Sat Jun  6 11:36:37 2026] State updated: idx=3, key=UP
[Sat Jun  6 11:36:41 2026] Input received: 13
[Sat Jun  6 11:36:41 2026] State updated: idx=3, key=ENTER
[Sat Jun  6 11:36:41 2026] Input received: 1001
[Sat Jun  6 11:36:41 2026] State updated: idx=3, key=RIGHT
[Sat Jun  6 11:36:41 2026] Input received: 1003
[Sat Jun  6 11:36:41 2026] State updated: idx=4, key=DOWN
[Sat Jun  6 11:36:42 2026] Input received: 13
[Sat Jun  6 11:36:42 2026] State updated: idx=4, key=ENTER
[Sat Jun  6 11:36:42 2026] Input received: 1002
[Sat Jun  6 11:36:42 2026] State updated: idx=3, key=UP
[Sat Jun  6 11:36:42 2026] Input received: 1002
[Sat Jun  6 11:36:42 2026] State updated: idx=2, key=UP
[Sat Jun  6 11:36:43 2026] Input received: 13
[Sat Jun  6 11:36:43 2026] State updated: idx=2, key=ENTER
[Sat Jun  6 11:36:44 2026] Input received: 1002
[Sat Jun  6 11:36:44 2026] State updated: idx=1, key=UP
[Sat Jun  6 11:36:44 2026] Input received: 13
[Sat Jun  6 11:36:44 2026] State updated: idx=1, key=ENTER
[Sat Jun  6 11:36:52 2026] Input received: 1003
[Sat Jun  6 11:36:52 2026] State updated: idx=2, key=DOWN
[Sat Jun  6 11:36:52 2026] Input received: 1003
[Sat Jun  6 11:36:52 2026] State updated: idx=3, key=DOWN
[Sat Jun  6 11:36:53 2026] Input received: 1003
[Sat Jun  6 11:36:53 2026] State updated: idx=4, key=DOWN
[Sat Jun  6 11:36:55 2026] Input received: 13
[Sat Jun  6 11:36:55 2026] State updated: idx=4, key=ENTER
[Sat Jun  6 11:37:33 2026] Input received: 1003
[Sat Jun  6 11:37:33 2026] State updated: idx=5, key=DOWN
[Sat Jun  6 11:37:33 2026] Input received: 1003
[Sat Jun  6 11:37:33 2026] State updated: idx=5, key=DOWN
[Sat Jun  6 11:37:34 2026] Input received: 1003
[Sat Jun  6 11:37:34 2026] State updated: idx=5, key=DOWN
[Sat Jun  6 11:37:35 2026] Input received: 1003
[Sat Jun  6 11:37:35 2026] State updated: idx=5, key=DOWN
[Sat Jun  6 11:37:35 2026] Input received: 1002
[Sat Jun  6 11:37:35 2026] State updated: idx=4, key=UP
[Sat Jun  6 11:37:35 2026] Input received: 1002
[Sat Jun  6 11:37:36 2026] State updated: idx=3, key=UP
[Sat Jun  6 11:37:36 2026] Input received: 1003
[Sat Jun  6 11:37:36 2026] State updated: idx=4, key=DOWN
[Sat Jun  6 11:37:36 2026] Input received: 1003
[Sat Jun  6 11:37:36 2026] State updated: idx=5, key=DOWN
[Sat Jun  6 11:37:36 2026] Input received: 1003
[Sat Jun  6 11:37:36 2026] State updated: idx=5, key=DOWN
[Sat Jun  6 11:37:37 2026] Input received: 1003
[Sat Jun  6 11:37:37 2026] State updated: idx=5, key=DOWN
[Sat Jun  6 11:37:37 2026] Input received: 1002
[Sat Jun  6 11:37:37 2026] State updated: idx=4, key=UP
[Sat Jun  6 11:37:37 2026] Input received: 1002
[Sat Jun  6 11:37:37 2026] State updated: idx=3, key=UP
[Sat Jun  6 11:37:37 2026] Input received: 1002
[Sat Jun  6 11:37:37 2026] State updated: idx=2, key=UP
[Sat Jun  6 11:37:38 2026] Input received: 1002
[Sat Jun  6 11:37:38 2026] State updated: idx=1, key=UP
[Sat Jun  6 11:37:38 2026] Input received: 1002
[Sat Jun  6 11:37:38 2026] State updated: idx=1, key=UP
[Sat Jun  6 11:37:39 2026] Input received: 13
[Sat Jun  6 11:37:39 2026] State updated: idx=1, key=ENTER
[Sat Jun  6 11:37:42 2026] Input received: 1003
[Sat Jun  6 11:37:42 2026] State updated: idx=2, key=DOWN
[Sat Jun  6 11:37:42 2026] Input received: 1003
[Sat Jun  6 11:37:42 2026] State updated: idx=3, key=DOWN
[Sat Jun  6 11:37:42 2026] Input received: 1003
[Sat Jun  6 11:37:42 2026] State updated: idx=4, key=DOWN
[Sat Jun  6 11:37:42 2026] Input received: 1003
[Sat Jun  6 11:37:42 2026] State updated: idx=5, key=DOWN
[Sat Jun  6 11:37:42 2026] Input received: 1003
[Sat Jun  6 11:37:42 2026] State updated: idx=5, key=DOWN
[Sat Jun  6 11:37:43 2026] Input received: 1003
[Sat Jun  6 11:37:43 2026] State updated: idx=5, key=DOWN
[Sat Jun  6 11:37:43 2026] Input received: 1003
[Sat Jun  6 11:37:43 2026] State updated: idx=5, key=DOWN
[Sat Jun  6 11:37:44 2026] Input received: 1003
[Sat Jun  6 11:37:44 2026] State updated: idx=5, key=DOWN
[Sat Jun  6 11:37:44 2026] Input received: 1003
[Sat Jun  6 11:37:44 2026] State updated: idx=5, key=DOWN
[Sat Jun  6 11:37:45 2026] Input received: 1003
[Sat Jun  6 11:37:45 2026] State updated: idx=5, key=DOWN
[Sat Jun  6 11:37:45 2026] Input received: 1003
[Sat Jun  6 11:37:45 2026] State updated: idx=5, key=DOWN
[Sat Jun  6 11:37:46 2026] Input received: 1003
[Sat Jun  6 11:37:46 2026] State updated: idx=5, key=DOWN
[Sat Jun  6 11:45:35 2026] Input received: 1003
[Sat Jun  6 11:45:35 2026] State updated: idx=5, key=DOWN
[Sat Jun  6 11:45:35 2026] Input received: 1002
[Sat Jun  6 11:45:35 2026] State updated: idx=4, key=UP
[Sat Jun  6 11:45:35 2026] Input received: 1002
[Sat Jun  6 11:45:35 2026] State updated: idx=3, key=UP
[Sat Jun  6 11:45:37 2026] Input received: 1002
[Sat Jun  6 11:45:37 2026] State updated: idx=2, key=UP
[Sat Jun  6 11:45:38 2026] Wraith-Alpha Manager shutting down.
[Sat Jun  6 11:53:51 2026] Wraith-Alpha Manager starting in /home/no/Desktop/🤖️🪤️🏠️/🗓️📆️👩🏻‍💻️/jun-5/wraith-surgical-00.01/1.TPMOS_c_+rmmp.0102.0018
[Sat Jun  6 11:53:51 2026] State updated: idx=1, key=0
[Sat Jun  6 11:53:53 2026] Input received: 1003
[Sat Jun  6 11:53:53 2026] State updated: idx=2, key=DOWN
[Sat Jun  6 11:53:55 2026] Input received: 1003
[Sat Jun  6 11:53:55 2026] State updated: idx=3, key=DOWN
[Sat Jun  6 11:53:56 2026] Input received: 1003
[Sat Jun  6 11:53:56 2026] State updated: idx=4, key=DOWN
[Sat Jun  6 11:53:57 2026] Input received: 1002
[Sat Jun  6 11:53:57 2026] State updated: idx=3, key=UP
[Sat Jun  6 11:54:02 2026] Input received: 1003
[Sat Jun  6 11:54:02 2026] State updated: idx=4, key=DOWN
[Sat Jun  6 11:54:03 2026] Input received: 1002
[Sat Jun  6 11:54:03 2026] State updated: idx=3, key=UP
[Sat Jun  6 11:54:04 2026] Input received: 13
[Sat Jun  6 11:54:04 2026] State updated: idx=3, key=ENTER
[Sat Jun  6 11:54:07 2026] Input received: 1003
[Sat Jun  6 11:54:07 2026] State updated: idx=4, key=DOWN
[Sat Jun  6 11:54:07 2026] Input received: 1003
[Sat Jun  6 11:54:07 2026] State updated: idx=5, key=DOWN
[Sat Jun  6 11:54:07 2026] Input received: 1003
[Sat Jun  6 11:54:07 2026] State updated: idx=5, key=DOWN
[Sat Jun  6 11:54:08 2026] Input received: 1002
[Sat Jun  6 11:54:08 2026] State updated: idx=4, key=UP
[Sat Jun  6 11:54:14 2026] Input received: 13
[Sat Jun  6 11:54:14 2026] State updated: idx=4, key=ENTER
[Sat Jun  6 11:54:59 2026] Wraith-Alpha Manager shutting down.
[Sat Jun  6 12:05:38 2026] Wraith-Alpha Manager starting in /home/no/Desktop/🤖️🪤️🏠️/🗓️📆️👩🏻‍💻️/jun-5/wraith-surgical-00.01/1.TPMOS_c_+rmmp.0102.0018
[Sat Jun  6 12:05:38 2026] State updated: idx=1, key=0
[Sat Jun  6 12:06:33 2026] Input received: 1003
[Sat Jun  6 12:06:33 2026] State updated: idx=2, key=DOWN
[Sat Jun  6 12:06:34 2026] Input received: 1003
[Sat Jun  6 12:06:34 2026] State updated: idx=3, key=DOWN
[Sat Jun  6 12:06:35 2026] Input received: 13
[Sat Jun  6 12:06:35 2026] State updated: idx=3, key=ENTER
[Sat Jun  6 12:11:44 2026] Wraith-Alpha Manager shutting down.
[Sat Jun  6 12:27:05 2026] Wraith-Alpha Manager starting in /home/no/Desktop/🤖️🪤️🏠️/🗓️📆️👩🏻‍💻️/jun-5/wraith-surgical-00.01/1.TPMOS_c_+rmmp.0102.0018
[Sat Jun  6 12:27:05 2026] State updated: idx=1, key=0
[Sat Jun  6 12:27:09 2026] Input received: 1003
[Sat Jun  6 12:27:09 2026] State updated: idx=2, key=DOWN
[Sat Jun  6 12:27:10 2026] Input received: 1003
[Sat Jun  6 12:27:10 2026] State updated: idx=3, key=DOWN
[Sat Jun  6 12:27:11 2026] Input received: 13
[Sat Jun  6 12:27:11 2026] State updated: idx=3, key=ENTER
[Sat Jun  6 12:28:52 2026] Wraith-Alpha Manager shutting down.
[Sat Jun  6 12:29:22 2026] Wraith-Alpha Manager starting in /home/no/Desktop/🤖️🪤️🏠️/🗓️📆️👩🏻‍💻️/jun-5/wraith-surgical-00.01/1.TPMOS_c_+rmmp.0102.0018
[Sat Jun  6 12:29:22 2026] State updated: idx=1, key=0
[Sat Jun  6 12:29:23 2026] Input received: 1003
[Sat Jun  6 12:29:23 2026] State updated: idx=2, key=DOWN
[Sat Jun  6 12:29:24 2026] Input received: 1003
[Sat Jun  6 12:29:24 2026] State updated: idx=3, key=DOWN
[Sat Jun  6 12:29:24 2026] Input received: 13
[Sat Jun  6 12:29:24 2026] State updated: idx=3, key=ENTER
[Sat Jun  6 12:29:39 2026] Input received: 1003
[Sat Jun  6 12:29:39 2026] State updated: idx=4, key=DOWN
[Sat Jun  6 12:29:41 2026] Input received: 13
[Sat Jun  6 12:29:41 2026] State updated: idx=4, key=ENTER
[Sat Jun  6 12:30:01 2026] Wraith-Alpha Manager shutting down.
[Sat Jun  6 12:40:32 2026] Wraith-Alpha Manager starting in /home/no/Desktop/🤖️🪤️🏠️/🗓️📆️👩🏻‍💻️/jun-5/wraith-surgical-00.01/1.TPMOS_c_+rmmp.0102.0018
[Sat Jun  6 12:40:32 2026] State updated: idx=1, key=0
[Sat Jun  6 12:40:34 2026] Input received: 1003
[Sat Jun  6 12:40:34 2026] State updated: idx=2, key=DOWN
[Sat Jun  6 12:40:35 2026] Input received: 1003
[Sat Jun  6 12:40:35 2026] State updated: idx=3, key=DOWN
[Sat Jun  6 12:40:35 2026] Input received: 13
[Sat Jun  6 12:40:35 2026] State updated: idx=3, key=ENTER
[Sat Jun  6 12:40:38 2026] Input received: 1003
[Sat Jun  6 12:40:38 2026] State updated: idx=4, key=DOWN
[Sat Jun  6 12:40:38 2026] Input received: 13
[Sat Jun  6 12:40:38 2026] State updated: idx=4, key=ENTER
[Sat Jun  6 12:42:19 2026] Wraith-Alpha Manager shutting down.
[Sat Jun  6 12:46:13 2026] Wraith-Alpha Manager starting in /home/no/Desktop/🤖️🪤️🏠️/🗓️📆️👩🏻‍💻️/jun-5/wraith-surgical-00.01/1.TPMOS_c_+rmmp.0102.0018
[Sat Jun  6 12:46:14 2026] State updated: idx=1, key=0
[Sat Jun  6 12:46:16 2026] Input received: 51
[Sat Jun  6 12:46:16 2026] State updated: idx=1, key=3
[Sat Jun  6 12:46:16 2026] Input received: 13
[Sat Jun  6 12:46:16 2026] State updated: idx=1, key=ENTER
[Sat Jun  6 12:46:17 2026] Input received: 52
[Sat Jun  6 12:46:17 2026] State updated: idx=1, key=4
[Sat Jun  6 12:46:17 2026] Input received: 13
[Sat Jun  6 12:46:17 2026] State updated: idx=1, key=ENTER
[Sat Jun  6 12:46:28 2026] Wraith-Alpha Manager shutting down.
[Sat Jun  6 14:05:54 2026] Wraith-Alpha Manager starting in /home/no/Desktop/🤖️🪤️🏠️/🗓️📆️👩🏻‍💻️/jun-5/wraith-surgical-00.01/1.TPMOS_c_+rmmp.0102.0018
[Sat Jun  6 14:05:54 2026] State updated: idx=1, key=0
[Sat Jun  6 14:05:55 2026] Input received: 1003
[Sat Jun  6 14:05:55 2026] State updated: idx=2, key=DOWN
[Sat Jun  6 14:05:56 2026] Input received: 1003
[Sat Jun  6 14:05:56 2026] State updated: idx=3, key=DOWN
[Sat Jun  6 14:05:56 2026] Input received: 13
[Sat Jun  6 14:05:56 2026] State updated: idx=3, key=ENTER
[Sat Jun  6 14:05:58 2026] Input received: 1003
[Sat Jun  6 14:05:58 2026] State updated: idx=4, key=DOWN
[Sat Jun  6 14:05:58 2026] Input received: 13
[Sat Jun  6 14:05:58 2026] State updated: idx=4, key=ENTER
[Sat Jun  6 14:06:09 2026] Wraith-Alpha Manager shutting down.
[Sat Jun  6 14:10:52 2026] Wraith-Alpha Manager starting in /home/no/Desktop/🤖️🪤️🏠️/🗓️📆️👩🏻‍💻️/jun-5/wraith-surgical-00.01/1.TPMOS_c_+rmmp.0102.0018
[Sat Jun  6 14:10:52 2026] State updated: idx=1, key=0
[Sat Jun  6 14:10:54 2026] Input received: 51
[Sat Jun  6 14:10:54 2026] State updated: idx=1, key=3
[Sat Jun  6 14:10:54 2026] Input received: 13
[Sat Jun  6 14:10:54 2026] State updated: idx=1, key=ENTER
[Sat Jun  6 14:10:55 2026] Input received: 52
[Sat Jun  6 14:10:55 2026] State updated: idx=1, key=4
[Sat Jun  6 14:10:55 2026] Input received: 13
[Sat Jun  6 14:10:55 2026] State updated: idx=1, key=ENTER
[Sat Jun  6 14:11:32 2026] Wraith-Alpha Manager shutting down.
[Sat Jun  6 14:26:09 2026] Wraith-Alpha Manager starting in /home/no/Desktop/🤖️🪤️🏠️/🗓️📆️👩🏻‍💻️/jun-5/wraith-surgical-00.01/1.TPMOS_c_+rmmp.0102.0018
[Sat Jun  6 14:26:09 2026] State updated: idx=1, key=0
[Sat Jun  6 14:26:11 2026] Input received: 1003
[Sat Jun  6 14:26:11 2026] State updated: idx=2, key=DOWN
[Sat Jun  6 14:26:12 2026] Input received: 13
[Sat Jun  6 14:26:12 2026] State updated: idx=2, key=ENTER
[Sat Jun  6 14:26:12 2026] Input received: 1003
[Sat Jun  6 14:26:12 2026] State updated: idx=3, key=DOWN
[Sat Jun  6 14:26:12 2026] Input received: 13
[Sat Jun  6 14:26:12 2026] State updated: idx=3, key=ENTER
[Sat Jun  6 14:26:20 2026] Wraith-Alpha Manager shutting down.
[Sat Jun  6 14:31:47 2026] Wraith-Alpha Manager starting in /home/no/Desktop/🤖️🪤️🏠️/🗓️📆️👩🏻‍💻️/jun-5/wraith-surgical-00.01/1.TPMOS_c_+rmmp.0102.0018
[Sat Jun  6 14:31:47 2026] State updated: idx=1, key=0
[Sat Jun  6 14:31:49 2026] Input received: 51
[Sat Jun  6 14:31:49 2026] State updated: idx=1, key=3
[Sat Jun  6 14:31:49 2026] Input received: 13
[Sat Jun  6 14:31:49 2026] State updated: idx=1, key=ENTER
[Sat Jun  6 14:32:14 2026] Wraith-Alpha Manager shutting down.
[Sat Jun  6 14:34:20 2026] Wraith-Alpha Manager starting in /home/no/Desktop/🤖️🪤️🏠️/🗓️📆️👩🏻‍💻️/jun-5/wraith-surgical-00.01/1.TPMOS_c_+rmmp.0102.0018
[Sat Jun  6 14:34:20 2026] State updated: idx=1, key=0
[Sat Jun  6 14:34:21 2026] Input received: 1003
[Sat Jun  6 14:34:21 2026] State updated: idx=2, key=DOWN
[Sat Jun  6 14:34:21 2026] Input received: 1003
[Sat Jun  6 14:34:21 2026] State updated: idx=3, key=DOWN
[Sat Jun  6 14:34:21 2026] Input received: 13
[Sat Jun  6 14:34:21 2026] State updated: idx=3, key=ENTER
[Sat Jun  6 14:43:16 2026] Wraith-Alpha Manager shutting down.
[Sat Jun  6 14:44:01 2026] Wraith-Alpha Manager starting in /home/no/Desktop/🤖️🪤️🏠️/🗓️📆️👩🏻‍💻️/jun-5/wraith-surgical-00.01/1.TPMOS_c_+rmmp.0102.0018
[Sat Jun  6 14:44:01 2026] State updated: idx=1, key=0
[Sat Jun  6 14:44:03 2026] Input received: 51
[Sat Jun  6 14:44:03 2026] State updated: idx=3, key=3
[Sat Jun  6 14:44:03 2026] Input received: 13
[Sat Jun  6 14:44:03 2026] State updated: idx=3, key=ENTER
[Sat Jun  6 14:44:05 2026] Input received: 52
[Sat Jun  6 14:44:05 2026] State updated: idx=4, key=4
[Sat Jun  6 14:44:05 2026] Input received: 13
[Sat Jun  6 14:44:05 2026] State updated: idx=4, key=ENTER
[Sat Jun  6 15:00:21 2026] Input received: 1003
[Sat Jun  6 15:00:21 2026] State updated: idx=5, key=DOWN
[Sat Jun  6 15:00:21 2026] Input received: 1003
[Sat Jun  6 15:00:21 2026] State updated: idx=6, key=DOWN
[Sat Jun  6 15:00:22 2026] Input received: 1002
[Sat Jun  6 15:00:22 2026] State updated: idx=5, key=UP
[Sat Jun  6 15:00:22 2026] Input received: 13
[Sat Jun  6 15:00:22 2026] State updated: idx=5, key=ENTER
[Sat Jun  6 15:00:23 2026] Wraith-Alpha Manager shutting down.
[Sat Jun  6 15:14:11 2026] Wraith-Alpha Manager starting in /home/no/Desktop/🤖️🪤️🏠️/🗓️📆️👩🏻‍💻️/jun-5/wraith-surgical-00.01/1.TPMOS_c_+rmmp.0102.0018
[Sat Jun  6 15:14:11 2026] State updated: idx=1, key=0
[Sat Jun  6 15:14:13 2026] Input received: 1003
[Sat Jun  6 15:14:13 2026] State updated: idx=2, key=DOWN
[Sat Jun  6 15:14:14 2026] Input received: 1003
[Sat Jun  6 15:14:14 2026] State updated: idx=3, key=DOWN
[Sat Jun  6 15:14:15 2026] Input received: 1003
[Sat Jun  6 15:14:15 2026] State updated: idx=4, key=DOWN
[Sat Jun  6 15:14:15 2026] Input received: 1003
[Sat Jun  6 15:14:15 2026] State updated: idx=5, key=DOWN
[Sat Jun  6 15:15:17 2026] Input received: 99
[Sat Jun  6 15:15:17 2026] State updated: idx=5, key=c
[Sat Jun  6 15:15:18 2026] Wraith-Alpha Manager shutting down.
[Sat Jun  6 15:20:07 2026] Wraith-Alpha Manager starting in /home/no/Desktop/🤖️🪤️🏠️/🗓️📆️👩🏻‍💻️/jun-5/wraith-surgical-00.01/1.TPMOS_c_+rmmp.0102.0018
[Sat Jun  6 15:20:07 2026] State updated: idx=1, key=0
[Sat Jun  6 15:20:11 2026] Input received: 1003
[Sat Jun  6 15:20:11 2026] State updated: idx=2, key=DOWN
[Sat Jun  6 15:20:12 2026] Input received: 1003
[Sat Jun  6 15:20:12 2026] State updated: idx=3, key=DOWN
[Sat Jun  6 15:20:13 2026] Input received: 1003
[Sat Jun  6 15:20:13 2026] State updated: idx=4, key=DOWN
[Sat Jun  6 15:20:13 2026] Input received: 1003
[Sat Jun  6 15:20:13 2026] State updated: idx=5, key=DOWN
[Sat Jun  6 15:20:18 2026] Input received: 1002
[Sat Jun  6 15:20:18 2026] State updated: idx=4, key=UP
[Sat Jun  6 15:20:18 2026] Input received: 1003
[Sat Jun  6 15:20:18 2026] State updated: idx=5, key=DOWN
[Sat Jun  6 15:20:20 2026] Input received: 1003
[Sat Jun  6 15:20:20 2026] State updated: idx=6, key=DOWN
[Sat Jun  6 15:20:21 2026] Input received: 1002
[Sat Jun  6 15:20:21 2026] State updated: idx=5, key=UP
[Sat Jun  6 15:20:22 2026] Input received: 1002
[Sat Jun  6 15:20:22 2026] State updated: idx=4, key=UP
[Sat Jun  6 15:20:22 2026] Input received: 1002
[Sat Jun  6 15:20:22 2026] State updated: idx=3, key=UP
[Sat Jun  6 15:20:24 2026] Input received: 1002
[Sat Jun  6 15:20:24 2026] State updated: idx=2, key=UP
[Sat Jun  6 15:20:25 2026] Input received: 1002
[Sat Jun  6 15:20:25 2026] State updated: idx=1, key=UP
[Sat Jun  6 15:21:47 2026] Wraith-Alpha Manager shutting down.
[Sat Jun  6 15:24:14 2026] Wraith-Alpha Manager starting in /home/no/Desktop/🤖️🪤️🏠️/🗓️📆️👩🏻‍💻️/jun-5/wraith-surgical-00.01/1.TPMOS_c_+rmmp.0102.0018
[Sat Jun  6 15:24:14 2026] State updated: idx=1, key=0
[Sat Jun  6 15:24:16 2026] Input received: 1003
[Sat Jun  6 15:24:16 2026] State updated: idx=2, key=DOWN
[Sat Jun  6 15:24:17 2026] Input received: 1003
[Sat Jun  6 15:24:17 2026] State updated: idx=3, key=DOWN
[Sat Jun  6 15:24:17 2026] Input received: 1003
[Sat Jun  6 15:24:17 2026] State updated: idx=4, key=DOWN
[Sat Jun  6 15:24:17 2026] Input received: 1003
[Sat Jun  6 15:24:17 2026] State updated: idx=5, key=DOWN
[Sat Jun  6 15:24:18 2026] Input received: 1003
[Sat Jun  6 15:24:18 2026] State updated: idx=6, key=DOWN
[Sat Jun  6 15:24:30 2026] Input received: 1002
[Sat Jun  6 15:24:30 2026] State updated: idx=5, key=UP
[Sat Jun  6 15:24:30 2026] Input received: 1002
[Sat Jun  6 15:24:30 2026] State updated: idx=4, key=UP
[Sat Jun  6 15:24:30 2026] Input received: 1002
[Sat Jun  6 15:24:30 2026] State updated: idx=3, key=UP
[Sat Jun  6 15:24:35 2026] Wraith-Alpha Manager shutting down.
[Sat Jun  6 15:52:34 2026] Wraith-Alpha Manager starting in /home/no/Desktop/🤖️🪤️🏠️/🗓️📆️👩🏻‍💻️/jun-5/wraith-surgical-00.01/1.TPMOS_c_+rmmp.0102.0018
[Sat Jun  6 15:52:34 2026] State updated: idx=1, key=0
[Sat Jun  6 15:52:36 2026] Input received: 13
[Sat Jun  6 15:52:36 2026] State updated: idx=1, key=ENTER
[Sat Jun  6 15:53:09 2026] Wraith-Alpha Manager shutting down.
[Sat Jun  6 16:05:13 2026] Wraith-Alpha Manager starting in /home/no/Desktop/🤖️🪤️🏠️/🗓️📆️👩🏻‍💻️/jun-5/wraith-surgical-00.01/1.TPMOS_c_+rmmp.0102.0018
[Sat Jun  6 16:05:13 2026] State updated: idx=1, key=0
[Sat Jun  6 16:05:14 2026] Input received: 13
[Sat Jun  6 16:05:14 2026] State updated: idx=1, key=ENTER
[Sat Jun  6 16:06:51 2026] Wraith-Alpha Manager shutting down.
[Sat Jun  6 16:12:38 2026] Wraith-Alpha Manager starting in /home/no/Desktop/🤖️🪤️🏠️/🗓️📆️👩🏻‍💻️/jun-5/wraith-surgical-00.01/1.TPMOS_c_+rmmp.0102.0018
[Sat Jun  6 16:12:38 2026] State updated: idx=1, key=0
[Sat Jun  6 16:12:40 2026] Input received: 13
[Sat Jun  6 16:12:40 2026] State updated: idx=1, key=ENTER
[Sat Jun  6 16:13:00 2026] Wraith-Alpha Manager shutting down.
[Sat Jun  6 16:18:07 2026] Wraith-Alpha Manager starting in /home/no/Desktop/🤖️🪤️🏠️/🗓️📆️👩🏻‍💻️/jun-5/wraith-surgical-00.01/1.TPMOS_c_+rmmp.0102.0018
[Sat Jun  6 16:18:07 2026] State updated: idx=1, key=0
[Sat Jun  6 16:18:08 2026] Input received: 13
[Sat Jun  6 16:18:08 2026] Launch requested: opening Terminal #1 from dock
[Sat Jun  6 16:18:08 2026] State updated: idx=1, key=ENTER
[Sat Jun  6 16:19:12 2026] Input received: 99
[Sat Jun  6 16:19:12 2026] State updated: idx=1, key=c
[Sat Jun  6 16:19:13 2026] Wraith-Alpha Manager shutting down.
[Sat Jun  6 16:19:46 2026] Wraith-Alpha Manager starting in /home/no/Desktop/🤖️🪤️🏠️/🗓️📆️👩🏻‍💻️/jun-5/wraith-surgical-00.01/1.TPMOS_c_+rmmp.0102.0018
[Sat Jun  6 16:19:46 2026] State updated: idx=1, key=0
[Sat Jun  6 16:19:49 2026] Input received: 13
[Sat Jun  6 16:19:49 2026] Launch requested: opening Terminal #1 from dock
[Sat Jun  6 16:19:49 2026] State updated: idx=1, key=ENTER
[Sat Jun  6 16:19:52 2026] Input received: 13
[Sat Jun  6 16:19:52 2026] State updated: idx=1, key=ENTER
[Sat Jun  6 16:28:19 2026] Wraith-Alpha Manager starting in /home/no/Desktop/🤖️🪤️🏠️/🗓️📆️👩🏻‍💻️/jun-5/wraith-surgical-00.01/1.TPMOS_c_+rmmp.0102.0018
[Sat Jun  6 16:28:19 2026] State updated: idx=1, key=0
[Sat Jun  6 16:28:22 2026] Input received: 1003
[Sat Jun  6 16:28:22 2026] State updated: idx=2, key=DOWN
[Sat Jun  6 16:28:22 2026] Input received: 1003
[Sat Jun  6 16:28:22 2026] State updated: idx=3, key=DOWN
[Sat Jun  6 16:28:23 2026] Input received: 1003
[Sat Jun  6 16:28:23 2026] State updated: idx=4, key=DOWN
[Sat Jun  6 16:28:23 2026] Input received: 1003
[Sat Jun  6 16:28:23 2026] State updated: idx=5, key=DOWN
[Sat Jun  6 16:28:24 2026] Input received: 13
[Sat Jun  6 16:28:24 2026] State updated: idx=5, key=ENTER
[Sat Jun  6 16:28:48 2026] Wraith-Alpha Manager shutting down.
[Sat Jun  6 16:30:25 2026] Wraith-Alpha Manager starting in /home/no/Desktop/🤖️🪤️🏠️/🗓️📆️👩🏻‍💻️/jun-5/wraith-surgical-00.01/1.TPMOS_c_+rmmp.0102.0018
[Sat Jun  6 16:30:25 2026] State updated: idx=1, key=0
[Sat Jun  6 16:30:28 2026] Input received: 13
[Sat Jun  6 16:30:28 2026] Launch requested: opening Terminal #1 from dock
[Sat Jun  6 16:30:28 2026] State updated: idx=1, key=ENTER
[Sat Jun  6 16:41:09 2026] Wraith-Alpha Manager shutting down.
[Sat Jun  6 16:54:48 2026] Wraith-Alpha Manager starting in /home/no/Desktop/🤖️🪤️🏠️/🗓️📆️👩🏻‍💻️/jun-5/wraith-surgical-00.01/1.TPMOS_c_+rmmp.0102.0018
[Sat Jun  6 16:54:48 2026] State updated: idx=1, key=0
[Sat Jun  6 16:54:49 2026] Input received: 1003
[Sat Jun  6 16:54:49 2026] State updated: idx=2, key=DOWN
[Sat Jun  6 16:54:49 2026] Input received: 1002
[Sat Jun  6 16:54:49 2026] State updated: idx=1, key=UP
[Sat Jun  6 16:54:50 2026] Input received: 1003
[Sat Jun  6 16:54:50 2026] State updated: idx=2, key=DOWN
[Sat Jun  6 16:54:50 2026] Input received: 13
[Sat Jun  6 16:54:50 2026] State updated: idx=2, key=ENTER
[Sat Jun  6 16:54:52 2026] Input received: 13
[Sat Jun  6 16:54:52 2026] State updated: idx=2, key=ENTER
[Sat Jun  6 16:54:53 2026] Wraith-Alpha Manager shutting down.
[Sat Jun  6 16:54:59 2026] Wraith-Alpha Manager starting in /home/no/Desktop/🤖️🪤️🏠️/🗓️📆️👩🏻‍💻️/jun-5/wraith-surgical-00.01/1.TPMOS_c_+rmmp.0102.0018
[Sat Jun  6 16:54:59 2026] State updated: idx=1, key=0
[Sat Jun  6 16:54:59 2026] Input received: 13
[Sat Jun  6 16:54:59 2026] Launch requested: opening Terminal #1 from dock
[Sat Jun  6 16:54:59 2026] State updated: idx=1, key=ENTER
[Sat Jun  6 16:55:09 2026] Wraith-Alpha Manager shutting down.
[Sat Jun  6 16:55:20 2026] Wraith-Alpha Manager starting in /home/no/Desktop/🤖️🪤️🏠️/🗓️📆️👩🏻‍💻️/jun-5/wraith-surgical-00.01/1.TPMOS_c_+rmmp.0102.0018
[Sat Jun  6 16:55:20 2026] State updated: idx=1, key=0
[Sat Jun  6 16:55:20 2026] Input received: 13
[Sat Jun  6 16:55:20 2026] Launch requested: opening Terminal #1 from dock
[Sat Jun  6 16:55:20 2026] State updated: idx=1, key=ENTER
[Sat Jun  6 16:58:01 2026] Wraith-Alpha Manager shutting down.
[Sat Jun  6 17:00:12 2026] Wraith-Alpha Manager starting in /home/no/Desktop/🤖️🪤️🏠️/🗓️📆️👩🏻‍💻️/jun-5/wraith-surgical-00.01/1.TPMOS_c_+rmmp.0102.0018
[Sat Jun  6 17:00:12 2026] State updated: idx=1, key=0
[Sat Jun  6 17:00:13 2026] Input received: 1003
[Sat Jun  6 17:00:13 2026] State updated: idx=2, key=DOWN
[Sat Jun  6 17:00:14 2026] Input received: 1002
[Sat Jun  6 17:00:14 2026] State updated: idx=1, key=UP
[Sat Jun  6 17:00:14 2026] Input received: 13
[Sat Jun  6 17:00:14 2026] Launch requested: opening Terminal #1 from dock
[Sat Jun  6 17:00:14 2026] State updated: idx=1, key=ENTER
[Sat Jun  6 17:21:54 2026] Wraith-Alpha Manager shutting down.
[Sat Jun  6 19:32:11 2026] Wraith-Alpha Manager starting in /home/no/Desktop/🤖️🪤️🏠️/🗓️📆️👩🏻‍💻️/jun-5/wraith-surgical-00.01/1.TPMOS_c_+rmmp.0102.0018
[Sat Jun  6 19:32:11 2026] State updated: idx=1, key=0
[Sat Jun  6 19:32:13 2026] Input received: 13
[Sat Jun  6 19:32:13 2026] Launch requested: opening Terminal #1 from dock
[Sat Jun  6 19:32:13 2026] State updated: idx=1, key=ENTER
[Sat Jun  6 19:32:19 2026] Input received: 1003
[Sat Jun  6 19:32:19 2026] State updated: idx=2, key=DOWN
[Sat Jun  6 19:32:19 2026] Input received: 1003
[Sat Jun  6 19:32:19 2026] State updated: idx=3, key=DOWN
[Sat Jun  6 19:32:20 2026] Input received: 1003
[Sat Jun  6 19:32:20 2026] State updated: idx=4, key=DOWN
[Sat Jun  6 19:32:26 2026] Input received: 1002
[Sat Jun  6 19:32:26 2026] State updated: idx=3, key=UP
[Sat Jun  6 19:32:27 2026] Input received: 13
[Sat Jun  6 19:32:27 2026] State updated: idx=3, key=ENTER
[Sat Jun  6 19:32:28 2026] Input received: 1003
[Sat Jun  6 19:32:28 2026] State updated: idx=4, key=DOWN
[Sat Jun  6 19:32:28 2026] Input received: 13
[Sat Jun  6 19:32:28 2026] State updated: idx=4, key=ENTER
[Sat Jun  6 19:45:20 2026] Input received: 1002
[Sat Jun  6 19:45:20 2026] State updated: idx=3, key=UP
[Sat Jun  6 19:45:21 2026] Wraith-Alpha Manager shutting down.
[Sat Jun  6 19:46:13 2026] Wraith-Alpha Manager starting in /home/no/Desktop/🤖️🪤️🏠️/🗓️📆️👩🏻‍💻️/jun-5/wraith-surgical-00.01/1.TPMOS_c_+rmmp.0102.0018
[Sat Jun  6 19:46:13 2026] State updated: idx=1, key=0
[Sat Jun  6 19:46:16 2026] Input received: 13
[Sat Jun  6 19:46:16 2026] Launch requested: opening Terminal #1 from dock
[Sat Jun  6 19:46:16 2026] State updated: idx=1, key=ENTER
[Sat Jun  6 19:46:19 2026] Input received: 51
[Sat Jun  6 19:46:19 2026] State updated: idx=3, key=3
[Sat Jun  6 19:46:19 2026] Input received: 13
[Sat Jun  6 19:46:19 2026] State updated: idx=3, key=ENTER
[Sat Jun  6 19:46:22 2026] Input received: 52
[Sat Jun  6 19:46:22 2026] State updated: idx=4, key=4
[Sat Jun  6 19:46:23 2026] Input received: 13
[Sat Jun  6 19:46:23 2026] State updated: idx=4, key=ENTER
[Sat Jun  6 19:46:54 2026] Wraith-Alpha Manager shutting down.
[Sat Jun  6 19:50:26 2026] Wraith-Alpha Manager starting in /home/no/Desktop/🤖️🪤️🏠️/🗓️📆️👩🏻‍💻️/jun-5/wraith-surgical-00.01/1.TPMOS_c_+rmmp.0102.0018
[Sat Jun  6 19:50:26 2026] State updated: idx=1, key=0
[Sat Jun  6 19:50:27 2026] Input received: 13
[Sat Jun  6 19:50:27 2026] Launch requested: opening Terminal #1 from dock
[Sat Jun  6 19:50:27 2026] State updated: idx=1, key=ENTER
[Sat Jun  6 19:50:29 2026] Input received: 51
[Sat Jun  6 19:50:29 2026] State updated: idx=3, key=3
[Sat Jun  6 19:50:29 2026] Input received: 13
[Sat Jun  6 19:50:29 2026] Minimize requested: moving Terminal #1 to toolbar
[Sat Jun  6 19:50:29 2026] State updated: idx=3, key=ENTER
[Sat Jun  6 19:50:31 2026] Input received: 50
[Sat Jun  6 19:50:31 2026] State updated: idx=2, key=2
[Sat Jun  6 19:50:31 2026] Input received: 13
[Sat Jun  6 19:50:31 2026] State updated: idx=2, key=ENTER
[Sat Jun  6 19:50:32 2026] Input received: 13
[Sat Jun  6 19:50:32 2026] State updated: idx=2, key=ENTER
[Sat Jun  6 19:50:37 2026] Wraith-Alpha Manager shutting down.
[Sat Jun  6 19:50:50 2026] Wraith-Alpha Manager starting in /home/no/Desktop/🤖️🪤️🏠️/🗓️📆️👩🏻‍💻️/jun-5/wraith-surgical-00.01/1.TPMOS_c_+rmmp.0102.0018
[Sat Jun  6 19:50:50 2026] State updated: idx=1, key=0
[Sat Jun  6 19:50:51 2026] Input received: 13
[Sat Jun  6 19:50:51 2026] Launch requested: opening Terminal #1 from dock
[Sat Jun  6 19:50:51 2026] State updated: idx=1, key=ENTER
[Sat Jun  6 19:50:52 2026] Input received: 52
[Sat Jun  6 19:50:52 2026] State updated: idx=4, key=4
[Sat Jun  6 19:50:53 2026] Input received: 13
[Sat Jun  6 19:50:53 2026] Close requested: quitting Terminal #1
[Sat Jun  6 19:50:53 2026] State updated: idx=4, key=ENTER
[Sat Jun  6 19:51:13 2026] Input received: 49
[Sat Jun  6 19:51:13 2026] State updated: idx=1, key=1
[Sat Jun  6 19:51:14 2026] Input received: 13
[Sat Jun  6 19:51:14 2026] Launch requested: opening Terminal #1 from dock
[Sat Jun  6 19:51:14 2026] State updated: idx=1, key=ENTER
[Sat Jun  6 20:33:09 2026] Wraith-Alpha Manager shutting down.
[Sat Jun  6 20:34:21 2026] Wraith-Alpha Manager starting in /home/no/Desktop/🤖️🪤️🏠️/🗓️📆️👩🏻‍💻️/jun-5/wraith-surgical-00.01/1.TPMOS_c_+rmmp.0102.0018
[Sat Jun  6 20:34:21 2026] State updated: idx=1, key=0
[Sat Jun  6 20:34:23 2026] Input received: 13
[Sat Jun  6 20:34:23 2026] Launch requested: opening Terminal #1 from dock
[Sat Jun  6 20:34:23 2026] State updated: idx=1, key=ENTER
[Sat Jun  6 20:34:26 2026] Input received: 51
[Sat Jun  6 20:34:26 2026] State updated: idx=3, key=3
[Sat Jun  6 20:34:26 2026] Input received: 13
[Sat Jun  6 20:34:26 2026] Minimize requested: moving Terminal #1 to toolbar
[Sat Jun  6 20:34:26 2026] State updated: idx=3, key=ENTER
[Sat Jun  6 20:34:27 2026] Input received: 50
[Sat Jun  6 20:34:27 2026] State updated: idx=2, key=2
[Sat Jun  6 20:34:27 2026] Input received: 13
[Sat Jun  6 20:34:27 2026] State updated: idx=2, key=ENTER
[Sat Jun  6 20:34:52 2026] Wraith-Alpha Manager shutting down.
[Sat Jun  6 20:37:45 2026] Wraith-Alpha Manager starting in /home/no/Desktop/🤖️🪤️🏠️/🗓️📆️👩🏻‍💻️/jun-5/wraith-surgical-00.01/1.TPMOS_c_+rmmp.0102.0018
[Sat Jun  6 20:37:45 2026] State updated: idx=1, key=0
[Sat Jun  6 20:37:46 2026] Input received: 13
[Sat Jun  6 20:37:46 2026] Launch requested: opening Terminal #1 from dock
[Sat Jun  6 20:37:46 2026] State updated: idx=1, key=ENTER
[Sat Jun  6 20:37:49 2026] Input received: 51
[Sat Jun  6 20:37:49 2026] State updated: idx=3, key=3
[Sat Jun  6 20:37:49 2026] Input received: 13
[Sat Jun  6 20:37:49 2026] Minimize requested: moving Terminal #1 to toolbar
[Sat Jun  6 20:37:49 2026] State updated: idx=3, key=ENTER
[Sat Jun  6 20:37:51 2026] Input received: 50
[Sat Jun  6 20:37:51 2026] State updated: idx=2, key=2
[Sat Jun  6 20:37:51 2026] Input received: 13
[Sat Jun  6 20:37:51 2026] State updated: idx=2, key=ENTER
[Sat Jun  6 20:38:06 2026] Wraith-Alpha Manager shutting down.
[Sat Jun  6 20:48:27 2026] Wraith-Alpha Manager starting in /home/no/Desktop/🤖️🪤️🏠️/🗓️📆️👩🏻‍💻️/jun-5/wraith-surgical-00.01/1.TPMOS_c_+rmmp.0102.0018
[Sat Jun  6 20:48:27 2026] State updated: idx=1, key=0
[Sat Jun  6 20:48:28 2026] Input received: 13
[Sat Jun  6 20:48:28 2026] Launch requested: opening Terminal #1 from dock
[Sat Jun  6 20:48:28 2026] State updated: idx=1, key=ENTER
[Sat Jun  6 20:48:30 2026] Input received: 51
[Sat Jun  6 20:48:30 2026] State updated: idx=3, key=3
[Sat Jun  6 20:48:30 2026] Input received: 13
[Sat Jun  6 20:48:30 2026] Minimize requested: moving Terminal #1 to toolbar
[Sat Jun  6 20:48:30 2026] State updated: idx=3, key=ENTER
[Sat Jun  6 20:48:31 2026] Input received: 50
[Sat Jun  6 20:48:31 2026] State updated: idx=2, key=2
[Sat Jun  6 20:48:32 2026] Input received: 13
[Sat Jun  6 20:48:32 2026] State updated: idx=2, key=ENTER
[Sat Jun  6 20:58:17 2026] Wraith-Alpha Manager shutting down.
[Sat Jun  6 20:59:13 2026] Wraith-Alpha Manager starting in /home/no/Desktop/🤖️🪤️🏠️/🗓️📆️👩🏻‍💻️/jun-5/wraith-surgical-00.01/1.TPMOS_c_+rmmp.0102.0018
[Sat Jun  6 20:59:13 2026] State updated: idx=1, key=0
[Sat Jun  6 20:59:14 2026] Input received: 13
[Sat Jun  6 20:59:14 2026] Launch requested: opening Terminal #1 from dock
[Sat Jun  6 20:59:14 2026] State updated: idx=1, key=ENTER
[Sat Jun  6 20:59:16 2026] Input received: 51
[Sat Jun  6 20:59:16 2026] State updated: idx=3, key=3
[Sat Jun  6 20:59:17 2026] Input received: 13
[Sat Jun  6 20:59:17 2026] Minimize requested: moving Terminal #1 to toolbar
[Sat Jun  6 20:59:17 2026] State updated: idx=3, key=ENTER
[Sat Jun  6 20:59:18 2026] Input received: 50
[Sat Jun  6 20:59:18 2026] State updated: idx=2, key=2
[Sat Jun  6 20:59:18 2026] Input received: 13
[Sat Jun  6 20:59:18 2026] State updated: idx=2, key=ENTER
[Sat Jun  6 20:59:43 2026] Input received: 99
[Sat Jun  6 20:59:43 2026] State updated: idx=2, key=c
[Sat Jun  6 20:59:44 2026] Wraith-Alpha Manager shutting down.
[Sat Jun  6 21:09:15 2026] Wraith-Alpha Manager starting in /home/no/Desktop/🤖️🪤️🏠️/🗓️📆️👩🏻‍💻️/jun-5/wraith-surgical-00.01/1.TPMOS_c_+rmmp.0102.0018
[Sat Jun  6 21:09:15 2026] State updated: idx=1, key=0
[Sat Jun  6 21:09:16 2026] Input received: 13
[Sat Jun  6 21:09:16 2026] Launch requested: opening Terminal #1 from dock
[Sat Jun  6 21:09:16 2026] State updated: idx=1, key=ENTER
[Sat Jun  6 21:09:17 2026] Input received: 51
[Sat Jun  6 21:09:17 2026] State updated: idx=3, key=3
[Sat Jun  6 21:09:17 2026] Input received: 13
[Sat Jun  6 21:09:17 2026] Minimize requested: moving Terminal #1 to toolbar
[Sat Jun  6 21:09:17 2026] State updated: idx=3, key=ENTER
[Sat Jun  6 21:09:18 2026] Input received: 50
[Sat Jun  6 21:09:18 2026] State updated: idx=2, key=2
[Sat Jun  6 21:09:19 2026] Input received: 13
[Sat Jun  6 21:09:19 2026] State updated: idx=2, key=ENTER
[Sat Jun  6 21:09:45 2026] Wraith-Alpha Manager shutting down.
[Sat Jun  6 21:13:35 2026] Wraith-Alpha Manager starting in /home/no/Desktop/🤖️🪤️🏠️/🗓️📆️👩🏻‍💻️/jun-5/wraith-surgical-00.01/1.TPMOS_c_+rmmp.0102.0018
[Sat Jun  6 21:13:35 2026] State updated: idx=1, key=0
[Sat Jun  6 21:13:38 2026] Input received: 13
[Sat Jun  6 21:13:38 2026] Launch requested: opening Terminal #1 from dock
[Sat Jun  6 21:13:38 2026] State updated: idx=1, key=ENTER
[Sat Jun  6 21:13:40 2026] Input received: 51
[Sat Jun  6 21:13:40 2026] State updated: idx=3, key=3
[Sat Jun  6 21:13:41 2026] Input received: 13
[Sat Jun  6 21:13:41 2026] Minimize requested: moving Terminal #1 to toolbar
[Sat Jun  6 21:13:41 2026] State updated: idx=3, key=ENTER
[Sat Jun  6 21:13:42 2026] Input received: 50
[Sat Jun  6 21:13:42 2026] State updated: idx=2, key=2
[Sat Jun  6 21:13:42 2026] Input received: 13
[Sat Jun  6 21:13:42 2026] State updated: idx=2, key=ENTER
[Sat Jun  6 21:14:17 2026] Wraith-Alpha Manager shutting down.
[Sat Jun  6 21:29:17 2026] Wraith-Alpha Manager starting in /home/no/Desktop/🤖️🪤️🏠️/🗓️📆️👩🏻‍💻️/jun-5/wraith-surgical-00.01/1.TPMOS_c_+rmmp.0102.0018
[Sat Jun  6 21:29:17 2026] State updated: idx=1, key=0
[Sat Jun  6 21:29:18 2026] Input received: 13
[Sat Jun  6 21:29:18 2026] Launch requested: opening Terminal #1 from dock
[Sat Jun  6 21:29:18 2026] State updated: idx=1, key=ENTER
[Sat Jun  6 21:29:19 2026] Input received: 51
[Sat Jun  6 21:29:19 2026] State updated: idx=3, key=3
[Sat Jun  6 21:29:19 2026] Input received: 13
[Sat Jun  6 21:29:19 2026] Minimize requested: moving Terminal #1 to toolbar
[Sat Jun  6 21:29:19 2026] State updated: idx=3, key=ENTER
[Sat Jun  6 21:29:21 2026] Input received: 50
[Sat Jun  6 21:29:21 2026] State updated: idx=2, key=2
[Sat Jun  6 21:29:21 2026] Input received: 13
[Sat Jun  6 21:29:21 2026] State updated: idx=2, key=ENTER
[Sat Jun  6 21:29:33 2026] Wraith-Alpha Manager shutting down.
[Sat Jun  6 22:01:31 2026] Wraith-Alpha Manager starting in /home/no/Desktop/🤖️🪤️🏠️/🗓️📆️👩🏻‍💻️/jun-5/wraith-surgical-00.01/1.TPMOS_c_+rmmp.0102.0018
[Sat Jun  6 22:01:31 2026] State updated: idx=1, key=0
[Sat Jun  6 22:01:48 2026] Input received: 13
[Sat Jun  6 22:01:48 2026] Launch requested: opening Terminal #1 from dock
[Sat Jun  6 22:01:48 2026] State updated: idx=1, key=ENTER
[Sat Jun  6 22:02:12 2026] Input received: 51
[Sat Jun  6 22:02:12 2026] State updated: idx=3, key=3
[Sat Jun  6 22:02:12 2026] Input received: 13
[Sat Jun  6 22:02:12 2026] Minimize requested: moving Terminal #1 to toolbar
[Sat Jun  6 22:02:12 2026] State updated: idx=3, key=ENTER
[Sat Jun  6 22:22:02 2026] History truncation detected.
[Sat Jun  6 22:22:15 2026] Input received: 13
[Sat Jun  6 22:22:15 2026] Minimize requested: moving Terminal #1 to toolbar
[Sat Jun  6 22:22:15 2026] State updated: idx=3, key=ENTER
[Sat Jun  6 22:23:11 2026] Input received: 50
[Sat Jun  6 22:23:11 2026] State updated: idx=2, key=2
[Sat Jun  6 22:23:11 2026] Input received: 13
[Sat Jun  6 22:23:11 2026] State updated: idx=2, key=ENTER
[Sat Jun  6 22:23:27 2026] Input received: 52
[Sat Jun  6 22:23:27 2026] State updated: idx=4, key=4
[Sat Jun  6 22:23:27 2026] Input received: 49
[Sat Jun  6 22:23:27 2026] State updated: idx=1, key=1
[Sat Jun  6 22:23:27 2026] Input received: 13
[Sat Jun  6 22:23:27 2026] State updated: idx=1, key=ENTER
[Sat Jun  6 22:23:27 2026] Wraith-Alpha Manager starting in /home/no/Desktop/🤖️🪤️🏠️/🗓️📆️👩🏻‍💻️/jun-5/wraith-surgical-00.01/1.TPMOS_c_+rmmp.0102.0018
[Sat Jun  6 22:23:27 2026] State updated: idx=1, key=0
[Sat Jun  6 22:23:43 2026] Input received: 13
[Sat Jun  6 22:23:43 2026] State updated: idx=1, key=ENTER
[Sat Jun  6 22:23:43 2026] Input received: 13
[Sat Jun  6 22:23:43 2026] Launch requested: opening Terminal #1 from dock
[Sat Jun  6 22:23:43 2026] State updated: idx=1, key=ENTER
[Sat Jun  6 22:23:59 2026] Input received: 54
[Sat Jun  6 22:23:59 2026] Input received: 54
[Sat Jun  6 22:23:59 2026] State updated: idx=1, key=6
[Sat Jun  6 22:23:59 2026] Input received: 13
[Sat Jun  6 22:23:59 2026] State updated: idx=1, key=6
[Sat Jun  6 22:23:59 2026] Input received: 13
[Sat Jun  6 22:23:59 2026] State updated: idx=1, key=ENTER
[Sat Jun  6 22:23:59 2026] State updated: idx=1, key=ENTER
[Sat Jun  6 22:25:58 2026] Input received: 51
[Sat Jun  6 22:25:58 2026] State updated: idx=3, key=3
[Sat Jun  6 22:25:58 2026] Input received: 13
[Sat Jun  6 22:25:58 2026] Minimize requested: moving Terminal #1 to toolbar
[Sat Jun  6 22:25:58 2026] Input received: 51
[Sat Jun  6 22:25:58 2026] State updated: idx=3, key=ENTER
[Sat Jun  6 22:25:58 2026] State updated: idx=3, key=3
[Sat Jun  6 22:25:58 2026] Input received: 13
[Sat Jun  6 22:25:58 2026] Minimize requested: moving Terminal #1 to toolbar
[Sat Jun  6 22:25:58 2026] State updated: idx=3, key=ENTER
[Sat Jun  6 22:26:14 2026] Toolbar restore requested: reopening Terminal #1
[Sat Jun  6 22:26:14 2026] State updated: idx=3, key=0
[Sat Jun  6 22:35:05 2026] History truncation detected.
[Sat Jun  6 22:35:05 2026] History truncation detected.
[Sat Jun  6 22:35:33 2026] Input received: 13
[Sat Jun  6 22:35:33 2026] Minimize requested: moving Terminal #1 to toolbar
[Sat Jun  6 22:35:33 2026] State updated: idx=3, key=ENTER
[Sat Jun  6 22:35:33 2026] Input received: 13
[Sat Jun  6 22:35:33 2026] Minimize requested: moving Terminal #1 to toolbar
[Sat Jun  6 22:35:33 2026] State updated: idx=3, key=ENTER
[Sat Jun  6 22:35:46 2026] Input received: 13
[Sat Jun  6 22:35:46 2026] Minimize requested: moving Terminal #1 to toolbar
[Sat Jun  6 22:35:46 2026] Input received: 13
[Sat Jun  6 22:35:46 2026] Minimize requested: moving Terminal #1 to toolbar
[Sat Jun  6 22:35:46 2026] State updated: idx=3, key=ENTER
[Sat Jun  6 22:35:46 2026] Input received: 52
[Sat Jun  6 22:35:46 2026] State updated: idx=3, key=ENTER
[Sat Jun  6 22:35:46 2026] Input received: 52
[Sat Jun  6 22:35:46 2026] State updated: idx=4, key=4
[Sat Jun  6 22:35:46 2026] Input received: 49
[Sat Jun  6 22:35:46 2026] State updated: idx=4, key=4
[Sat Jun  6 22:35:46 2026] Input received: 49
[Sat Jun  6 22:35:46 2026] State updated: idx=1, key=1
[Sat Jun  6 22:35:46 2026] Input received: 13
[Sat Jun  6 22:35:46 2026] State updated: idx=1, key=1
[Sat Jun  6 22:35:46 2026] Input received: 13
[Sat Jun  6 22:35:46 2026] State updated: idx=1, key=ENTER
[Sat Jun  6 22:35:46 2026] State updated: idx=1, key=ENTER
[Sat Jun  6 22:41:27 2026] History truncation detected.
[Sat Jun  6 22:41:27 2026] History truncation detected.
[Sat Jun  6 22:41:40 2026] Input received: 13
[Sat Jun  6 22:41:40 2026] State updated: idx=1, key=ENTER
[Sat Jun  6 22:41:40 2026] Input received: 52
[Sat Jun  6 22:41:40 2026] Input received: 13
[Sat Jun  6 22:41:40 2026] State updated: idx=4, key=4
[Sat Jun  6 22:41:40 2026] Input received: 49
[Sat Jun  6 22:41:40 2026] State updated: idx=1, key=ENTER
[Sat Jun  6 22:41:40 2026] Input received: 52
[Sat Jun  6 22:41:40 2026] State updated: idx=1, key=1
[Sat Jun  6 22:41:40 2026] Input received: 13
[Sat Jun  6 22:41:40 2026] State updated: idx=4, key=4
[Sat Jun  6 22:41:40 2026] Input received: 49
[Sat Jun  6 22:41:40 2026] State updated: idx=1, key=ENTER
[Sat Jun  6 22:41:40 2026] State updated: idx=1, key=1
[Sat Jun  6 22:41:40 2026] Input received: 13
[Sat Jun  6 22:41:40 2026] State updated: idx=1, key=ENTER
[Sat Jun  6 22:41:40 2026] Wraith-Alpha Manager starting in /home/no/Desktop/🤖️🪤️🏠️/🗓️📆️👩🏻‍💻️/jun-5/wraith-surgical-00.01/1.TPMOS_c_+rmmp.0102.0018
[Sat Jun  6 22:41:40 2026] State updated: idx=1, key=0
[Sat Jun  6 22:42:00 2026] Input received: 13
[Sat Jun  6 22:42:00 2026] State updated: idx=1, key=ENTER
[Sat Jun  6 22:42:00 2026] Input received: 13
[Sat Jun  6 22:42:00 2026] State updated: idx=1, key=ENTER
[Sat Jun  6 22:42:00 2026] Input received: 13
[Sat Jun  6 22:42:00 2026] Launch requested: opening Terminal #1 from dock
[Sat Jun  6 22:42:00 2026] State updated: idx=1, key=ENTER
[Sat Jun  6 22:49:47 2026] History truncation detected.
[Sat Jun  6 22:49:47 2026] History truncation detected.
[Sat Jun  6 22:49:47 2026] History truncation detected.
[Sat Jun  6 22:49:54 2026] Input received: 13
[Sat Jun  6 22:49:54 2026] Launch requested: opening Terminal #1 from dock
[Sat Jun  6 22:49:54 2026] State updated: idx=1, key=ENTER
[Sat Jun  6 22:49:54 2026] Input received: 52
[Sat Jun  6 22:49:54 2026] State updated: idx=4, key=4
[Sat Jun  6 22:49:54 2026] Input received: 49
[Sat Jun  6 22:49:54 2026] State updated: idx=1, key=1
[Sat Jun  6 22:49:54 2026] Input received: 13
[Sat Jun  6 22:49:54 2026] State updated: idx=1, key=ENTER
[Sat Jun  6 22:49:54 2026] Input received: 13
[Sat Jun  6 22:49:54 2026] Launch requested: opening Terminal #1 from dock
[Sat Jun  6 22:49:54 2026] State updated: idx=1, key=ENTER
[Sat Jun  6 22:49:54 2026] Input received: 52
[Sat Jun  6 22:49:54 2026] State updated: idx=4, key=4
[Sat Jun  6 22:49:54 2026] Input received: 49
[Sat Jun  6 22:49:54 2026] State updated: idx=1, key=1
[Sat Jun  6 22:49:54 2026] Input received: 13
[Sat Jun  6 22:49:54 2026] State updated: idx=1, key=ENTER
[Sat Jun  6 22:49:54 2026] Input received: 13
[Sat Jun  6 22:49:54 2026] State updated: idx=1, key=ENTER
[Sat Jun  6 22:49:54 2026] Input received: 52
[Sat Jun  6 22:49:54 2026] State updated: idx=4, key=4
[Sat Jun  6 22:49:54 2026] Input received: 49
[Sat Jun  6 22:49:54 2026] State updated: idx=1, key=1
[Sat Jun  6 22:49:54 2026] Input received: 13
[Sat Jun  6 22:49:54 2026] State updated: idx=1, key=ENTER
[Sat Jun  6 22:49:55 2026] Wraith-Alpha Manager starting in /home/no/Desktop/🤖️🪤️🏠️/🗓️📆️👩🏻‍💻️/jun-5/wraith-surgical-00.01/1.TPMOS_c_+rmmp.0102.0018
[Sat Jun  6 22:49:55 2026] State updated: idx=1, key=0
[Sat Jun  6 22:50:08 2026] Input received: 13
[Sat Jun  6 22:50:08 2026] Input received: 13
[Sat Jun  6 22:50:08 2026] Input received: 13
[Sat Jun  6 22:50:08 2026] State updated: idx=1, key=ENTER
[Sat Jun  6 22:50:08 2026] Input received: 13
[Sat Jun  6 22:50:08 2026] Launch requested: opening Terminal #1 from dock
[Sat Jun  6 22:50:08 2026] State updated: idx=1, key=ENTER
[Sat Jun  6 22:50:08 2026] State updated: idx=1, key=ENTER
[Sat Jun  6 22:50:08 2026] State updated: idx=1, key=ENTER
[Sat Jun  6 22:52:27 2026] History truncation detected.
[Sat Jun  6 22:52:27 2026] History truncation detected.
[Sat Jun  6 22:52:27 2026] History truncation detected.
[Sat Jun  6 22:52:27 2026] History truncation detected.
[Sat Jun  6 22:53:15 2026] Input received: 13
[Sat Jun  6 22:53:15 2026] Launch requested: opening Terminal #1 from dock
[Sat Jun  6 22:53:15 2026] State updated: idx=1, key=ENTER
[Sat Jun  6 22:53:15 2026] Input received: 52
[Sat Jun  6 22:53:15 2026] State updated: idx=4, key=4
[Sat Jun  6 22:53:15 2026] Input received: 49
[Sat Jun  6 22:53:15 2026] State updated: idx=1, key=1
[Sat Jun  6 22:53:15 2026] Input received: 13
[Sat Jun  6 22:53:15 2026] State updated: idx=1, key=ENTER
[Sat Jun  6 22:53:15 2026] Input received: 13
[Sat Jun  6 22:53:15 2026] Launch requested: opening Terminal #1 from dock
[Sat Jun  6 22:53:15 2026] State updated: idx=1, key=ENTER
[Sat Jun  6 22:53:15 2026] Input received: 52
[Sat Jun  6 22:53:15 2026] State updated: idx=4, key=4
[Sat Jun  6 22:53:15 2026] Input received: 49
[Sat Jun  6 22:53:15 2026] State updated: idx=1, key=1
[Sat Jun  6 22:53:15 2026] Input received: 13
[Sat Jun  6 22:53:15 2026] State updated: idx=1, key=ENTER
[Sat Jun  6 22:53:15 2026] Input received: 13
[Sat Jun  6 22:53:15 2026] State updated: idx=1, key=ENTER
[Sat Jun  6 22:53:15 2026] Input received: 52
[Sat Jun  6 22:53:15 2026] State updated: idx=4, key=4
[Sat Jun  6 22:53:15 2026] Input received: 49
[Sat Jun  6 22:53:15 2026] State updated: idx=1, key=1
[Sat Jun  6 22:53:15 2026] Input received: 13
[Sat Jun  6 22:53:15 2026] Launch requested: opening Terminal #1 from dock
[Sat Jun  6 22:53:15 2026] State updated: idx=1, key=ENTER
[Sat Jun  6 22:53:15 2026] Input received: 52
[Sat Jun  6 22:53:15 2026] Input received: 13
[Sat Jun  6 22:53:15 2026] State updated: idx=4, key=4
[Sat Jun  6 22:53:15 2026] Input received: 49
[Sat Jun  6 22:53:15 2026] State updated: idx=1, key=ENTER
[Sat Jun  6 22:53:15 2026] State updated: idx=1, key=1
[Sat Jun  6 22:53:15 2026] Input received: 13
[Sat Jun  6 22:53:15 2026] State updated: idx=1, key=ENTER
[Sat Jun  6 22:53:15 2026] Wraith-Alpha Manager starting in /home/no/Desktop/🤖️🪤️🏠️/🗓️📆️👩🏻‍💻️/jun-5/wraith-surgical-00.01/1.TPMOS_c_+rmmp.0102.0018
[Sat Jun  6 22:53:15 2026] State updated: idx=1, key=0
[Sat Jun  6 22:54:02 2026] Input received: 13
[Sat Jun  6 22:54:02 2026] State updated: idx=1, key=ENTER
[Sat Jun  6 22:54:02 2026] Input received: 13
[Sat Jun  6 22:54:02 2026] Input received: 13
[Sat Jun  6 22:54:02 2026] Input received: 13
[Sat Jun  6 22:54:02 2026] Launch requested: opening Terminal #1 from dock
[Sat Jun  6 22:54:02 2026] State updated: idx=1, key=ENTER
[Sat Jun  6 22:54:02 2026] State updated: idx=1, key=ENTER
[Sat Jun  6 22:54:02 2026] State updated: idx=1, key=ENTER
[Sat Jun  6 22:54:02 2026] Input received: 13
[Sat Jun  6 22:54:02 2026] State updated: idx=1, key=ENTER
[Sat Jun  6 22:55:26 2026] Wraith-Alpha Manager starting in /home/no/Desktop/🤖️🪤️🏠️/🗓️📆️👩🏻‍💻️/jun-5/wraith-surgical-00.01/1.TPMOS_c_+rmmp.0102.0018
[Sat Jun  6 22:55:26 2026] State updated: idx=1, key=0
[Sat Jun  6 22:55:27 2026] Input received: 13
[Sat Jun  6 22:55:27 2026] Launch requested: opening Terminal #1 from dock
[Sat Jun  6 22:55:27 2026] State updated: idx=1, key=ENTER
[Sat Jun  6 22:55:29 2026] Input received: 51
[Sat Jun  6 22:55:29 2026] State updated: idx=3, key=3
[Sat Jun  6 22:55:30 2026] Input received: 13
[Sat Jun  6 22:55:30 2026] Minimize requested: moving Terminal #1 to toolbar
[Sat Jun  6 22:55:30 2026] State updated: idx=3, key=ENTER
[Sat Jun  6 22:56:18 2026] Wraith-Alpha Manager shutting down.
[Sat Jun  6 23:04:42 2026] Wraith-Alpha Manager starting in /home/no/Desktop/🤖️🪤️🏠️/🗓️📆️👩🏻‍💻️/jun-5/wraith-surgical-00.01/1.TPMOS_c_+rmmp.0102.0018
[Sat Jun  6 23:04:42 2026] State updated: idx=1, key=0
[Sat Jun  6 23:04:44 2026] Input received: 13
[Sat Jun  6 23:04:44 2026] Launch requested: opening Terminal #1 from dock
[Sat Jun  6 23:04:44 2026] State updated: idx=1, key=ENTER
[Sat Jun  6 23:04:46 2026] Input received: 51
[Sat Jun  6 23:04:46 2026] State updated: idx=3, key=3
[Sat Jun  6 23:04:46 2026] Input received: 13
[Sat Jun  6 23:04:46 2026] Minimize requested: moving Terminal #1 to toolbar
[Sat Jun  6 23:04:46 2026] State updated: idx=3, key=ENTER
[Sat Jun  6 23:04:47 2026] Input received: 13
[Sat Jun  6 23:04:47 2026] Minimize requested: moving Terminal #1 to toolbar
[Sat Jun  6 23:04:47 2026] State updated: idx=3, key=ENTER
[Sat Jun  6 23:04:48 2026] Input received: 1002
[Sat Jun  6 23:04:48 2026] State updated: idx=2, key=UP
[Sat Jun  6 23:04:48 2026] Input received: 1003
[Sat Jun  6 23:04:48 2026] State updated: idx=3, key=DOWN
[Sat Jun  6 23:04:48 2026] Input received: 1002
[Sat Jun  6 23:04:48 2026] State updated: idx=2, key=UP
[Sat Jun  6 23:04:50 2026] Input received: 1002
[Sat Jun  6 23:04:50 2026] State updated: idx=1, key=UP
[Sat Jun  6 23:04:51 2026] Wraith-Alpha Manager shutting down.
[Sat Jun  6 23:20:25 2026] Wraith-Alpha Manager starting in /home/no/Desktop/🤖️🪤️🏠️/🗓️📆️👩🏻‍💻️/jun-5/wraith-surgical-00.01/1.TPMOS_c_+rmmp.0102.0018
[Sat Jun  6 23:20:25 2026] State updated: idx=1, key=0
[Sat Jun  6 23:20:27 2026] Input received: 13
[Sat Jun  6 23:20:27 2026] Launch requested: opening Terminal #1 from dock
[Sat Jun  6 23:20:27 2026] State updated: idx=1, key=ENTER
[Sat Jun  6 23:20:28 2026] Input received: 51
[Sat Jun  6 23:20:28 2026] State updated: idx=3, key=3
[Sat Jun  6 23:20:29 2026] Input received: 13
[Sat Jun  6 23:20:29 2026] Minimize requested: moving Terminal #1 to toolbar
[Sat Jun  6 23:20:29 2026] State updated: idx=3, key=ENTER
[Sat Jun  6 23:22:46 2026] Command history truncation detected.
[Sat Jun  6 23:23:27 2026] Wraith-Alpha Manager shutting down.
[Sat Jun  6 23:23:59 2026] Wraith-Alpha Manager starting in /home/no/Desktop/🤖️🪤️🏠️/🗓️📆️👩🏻‍💻️/jun-5/wraith-surgical-00.01/1.TPMOS_c_+rmmp.0102.0018
[Sat Jun  6 23:23:59 2026] State updated: idx=1, key=0
[Sat Jun  6 23:24:01 2026] Input received: 13
[Sat Jun  6 23:24:01 2026] Launch requested: opening Terminal #1 from dock
[Sat Jun  6 23:24:01 2026] State updated: idx=1, key=ENTER
[Sat Jun  6 23:24:03 2026] Input received: 51
[Sat Jun  6 23:24:03 2026] State updated: idx=3, key=3
[Sat Jun  6 23:24:03 2026] Input received: 13
[Sat Jun  6 23:24:03 2026] Minimize requested: moving Terminal #1 to toolbar
[Sat Jun  6 23:24:03 2026] State updated: idx=3, key=ENTER
[Sat Jun  6 23:24:05 2026] Input received: 1003
[Sat Jun  6 23:24:05 2026] State updated: idx=4, key=DOWN
[Sat Jun  6 23:24:06 2026] Input received: 13
[Sat Jun  6 23:24:06 2026] Close requested: quitting Terminal #1
[Sat Jun  6 23:24:06 2026] State updated: idx=4, key=ENTER
[Sat Jun  6 23:24:08 2026] Input received: 49
[Sat Jun  6 23:24:08 2026] State updated: idx=1, key=1
[Sat Jun  6 23:24:10 2026] Wraith-Alpha Manager shutting down.
[Sat Jun  6 23:38:48 2026] Wraith-Alpha Manager starting in /home/no/Desktop/🤖️🪤️🏠️/🗓️📆️👩🏻‍💻️/jun-5/wraith-surgical-00.01/1.TPMOS_c_+rmmp.0102.0018
[Sat Jun  6 23:38:48 2026] State updated: idx=1, key=0
[Sat Jun  6 23:38:49 2026] Input received: 13
[Sat Jun  6 23:38:49 2026] Launch requested: opening Terminal #1 from dock
[Sat Jun  6 23:38:49 2026] State updated: idx=1, key=ENTER
[Sat Jun  6 23:38:51 2026] Input received: 51
[Sat Jun  6 23:38:51 2026] State updated: idx=3, key=3
[Sat Jun  6 23:38:51 2026] Input received: 13
[Sat Jun  6 23:38:51 2026] Minimize requested: moving Terminal #1 to toolbar
[Sat Jun  6 23:38:51 2026] State updated: idx=3, key=ENTER
[Sat Jun  6 23:38:53 2026] Input received: 50
[Sat Jun  6 23:38:53 2026] State updated: idx=2, key=2
[Sat Jun  6 23:38:53 2026] Input received: 13
[Sat Jun  6 23:38:53 2026] State updated: idx=2, key=ENTER
[Sat Jun  6 23:38:57 2026] Input received: 13
[Sat Jun  6 23:38:57 2026] State updated: idx=2, key=ENTER
[Sat Jun  6 23:38:57 2026] Input received: 50
[Sat Jun  6 23:38:57 2026] State updated: idx=2, key=2
[Sat Jun  6 23:38:57 2026] Input received: 13
[Sat Jun  6 23:38:57 2026] State updated: idx=2, key=ENTER
[Sat Jun  6 23:40:19 2026] Wraith-Alpha Manager shutting down.
[Sun Jun  7 00:07:17 2026] Wraith-Alpha Manager starting in /home/no/Desktop/🤖️🪤️🏠️/🗓️📆️👩🏻‍💻️/jun-6/wraith-surgical-01.01/1.TPMOS_c_+rmmp.0102.0018
[Sun Jun  7 00:07:17 2026] State updated: idx=1, key=0
[Sun Jun  7 00:07:18 2026] Input received: 13
[Sun Jun  7 00:07:18 2026] Launch requested: opening Terminal #1 from dock
[Sun Jun  7 00:07:18 2026] State updated: idx=1, key=ENTER
[Sun Jun  7 00:07:20 2026] Input received: 51
[Sun Jun  7 00:07:20 2026] State updated: idx=3, key=3
[Sun Jun  7 00:07:21 2026] Input received: 13
[Sun Jun  7 00:07:21 2026] Minimize requested: moving Terminal #1 to toolbar
[Sun Jun  7 00:07:21 2026] State updated: idx=3, key=ENTER
[Sun Jun  7 00:07:23 2026] Input received: 50
[Sun Jun  7 00:07:23 2026] State updated: idx=2, key=2
[Sun Jun  7 00:07:23 2026] Input received: 13
[Sun Jun  7 00:07:23 2026] State updated: idx=2, key=ENTER
[Sun Jun  7 00:07:58 2026] Wraith-Alpha Manager shutting down.
[Sun Jun  7 00:19:27 2026] Wraith-Alpha Manager starting in /home/no/Desktop/🤖️🪤️🏠️/🗓️📆️👩🏻‍💻️/jun-6/fix/wraith-surgical-00.01+26term/wraith-surgical-00.01/1.TPMOS_c_+rmmp.0102.0018
[Sun Jun  7 00:19:27 2026] State updated: idx=1, key=0
[Sun Jun  7 00:19:33 2026] Input received: 13
[Sun Jun  7 00:19:33 2026] Launch requested: opening Terminal #1 from dock
[Sun Jun  7 00:19:33 2026] State updated: idx=1, key=ENTER
[Sun Jun  7 00:19:34 2026] Input received: 51
[Sun Jun  7 00:19:34 2026] State updated: idx=3, key=3
[Sun Jun  7 00:19:35 2026] Input received: 13
[Sun Jun  7 00:19:35 2026] Minimize requested: moving Terminal #1 to toolbar
[Sun Jun  7 00:19:35 2026] State updated: idx=3, key=ENTER
[Sun Jun  7 00:19:36 2026] Input received: 50
[Sun Jun  7 00:19:36 2026] State updated: idx=2, key=2
[Sun Jun  7 00:19:36 2026] Input received: 13
[Sun Jun  7 00:19:36 2026] State updated: idx=2, key=ENTER
[Sun Jun  7 00:19:38 2026] Wraith-Alpha Manager shutting down.
[Sun Jun  7 00:45:58 2026] Wraith-Alpha Manager starting in /home/no/Desktop/🤖️🪤️🏠️/🗓️📆️👩🏻‍💻️/jun-6/wraith-surgical-01.01/1.TPMOS_c_+rmmp.0102.0018
[Sun Jun  7 00:45:58 2026] State updated: idx=1, key=0
[Sun Jun  7 00:46:00 2026] Input received: 13
[Sun Jun  7 00:46:00 2026] Launch requested: opening Terminal #1 from dock
[Sun Jun  7 00:46:00 2026] State updated: idx=1, key=ENTER
[Sun Jun  7 00:46:01 2026] Input received: 51
[Sun Jun  7 00:46:01 2026] State updated: idx=3, key=3
[Sun Jun  7 00:46:03 2026] Input received: 13
[Sun Jun  7 00:46:03 2026] Minimize requested: moving Terminal #1 to toolbar
[Sun Jun  7 00:46:03 2026] State updated: idx=3, key=ENTER
[Sun Jun  7 00:46:05 2026] Input received: 50
[Sun Jun  7 00:46:05 2026] State updated: idx=2, key=2
[Sun Jun  7 00:46:05 2026] Input received: 13
[Sun Jun  7 00:46:05 2026] State updated: idx=2, key=ENTER
[Sun Jun  7 00:46:05 2026] Wraith-Alpha Manager shutting down.
[Sun Jun  7 00:50:37 2026] Wraith-Alpha Manager starting in /home/no/Desktop/🤖️🪤️🏠️/🗓️📆️👩🏻‍💻️/jun-6/wraith-surgical-01.01/1.TPMOS_c_+rmmp.0102.0018
[Sun Jun  7 00:50:37 2026] State updated: idx=1, key=0
[Sun Jun  7 00:50:38 2026] Input received: 13
[Sun Jun  7 00:50:38 2026] Launch requested: opening Terminal #1 from dock
[Sun Jun  7 00:50:38 2026] State updated: idx=1, key=ENTER
[Sun Jun  7 00:50:39 2026] Input received: 51
[Sun Jun  7 00:50:39 2026] State updated: idx=3, key=3
[Sun Jun  7 00:50:40 2026] Input received: 13
[Sun Jun  7 00:50:40 2026] Minimize requested: moving Terminal #1 to toolbar
[Sun Jun  7 00:50:40 2026] State updated: idx=3, key=ENTER
[Sun Jun  7 00:50:41 2026] Input received: 50
[Sun Jun  7 00:50:41 2026] State updated: idx=2, key=2
[Sun Jun  7 00:50:41 2026] Input received: 13
[Sun Jun  7 00:50:41 2026] State updated: idx=2, key=ENTER
[Sun Jun  7 00:50:45 2026] Wraith-Alpha Manager shutting down.
[Sun Jun  7 00:55:38 2026] Wraith-Alpha Manager starting in /home/no/Desktop/🤖️🪤️🏠️/🗓️📆️👩🏻‍💻️/jun-6/wraith-surgical-01.01/1.TPMOS_c_+rmmp.0102.0018
[Sun Jun  7 00:55:38 2026] State updated: idx=1, key=0
[Sun Jun  7 00:55:39 2026] Input received: 13
[Sun Jun  7 00:55:39 2026] Launch requested: opening Terminal #1 from dock
[Sun Jun  7 00:55:39 2026] State updated: idx=1, key=ENTER
[Sun Jun  7 00:55:40 2026] Input received: 51
[Sun Jun  7 00:55:40 2026] State updated: idx=3, key=3
[Sun Jun  7 00:55:40 2026] Input received: 13
[Sun Jun  7 00:55:40 2026] Minimize requested: moving Terminal #1 to toolbar
[Sun Jun  7 00:55:40 2026] State updated: idx=3, key=ENTER
[Sun Jun  7 00:55:41 2026] Input received: 50
[Sun Jun  7 00:55:41 2026] State updated: idx=2, key=2
[Sun Jun  7 00:55:41 2026] Input received: 13
[Sun Jun  7 00:55:41 2026] State updated: idx=2, key=ENTER
[Sun Jun  7 00:57:05 2026] Wraith-Alpha Manager shutting down.
[Sun Jun  7 10:06:22 2026] Wraith-Alpha Manager starting in /home/no/Desktop/🤖️🪤️🏠️/🗓️📆️👩🏻‍💻️/jun-6/wraith-surgical-01.04/1.TPMOS_c_+rmmp.0102.0020
[Sun Jun  7 10:06:22 2026] State updated: idx=1, key=0
[Sun Jun  7 10:06:23 2026] Input received: 13
[Sun Jun  7 10:06:23 2026] Launch requested: opening Terminal #1 from dock
[Sun Jun  7 10:06:23 2026] State updated: idx=1, key=ENTER
[Sun Jun  7 10:06:27 2026] Input received: 51
[Sun Jun  7 10:06:27 2026] State updated: idx=3, key=3
[Sun Jun  7 10:06:27 2026] Input received: 13
[Sun Jun  7 10:06:27 2026] Minimize requested: moving Terminal #1 to toolbar
[Sun Jun  7 10:06:27 2026] State updated: idx=3, key=ENTER
[Sun Jun  7 10:06:34 2026] Wraith-Alpha Manager shutting down.
[Mon Jun  8 02:37:53 2026] Wraith-Alpha Manager starting in /home/no/Desktop/🤖️🪤️🏠️/🗓️📆️👩🏻‍💻️/jun-7/wraith-surgical-01.04/1.TPMOS_c_+rmmp.0102.0020
[Mon Jun  8 02:37:53 2026] State updated: idx=1, key=0
[Mon Jun  8 02:37:54 2026] Input received: 13
[Mon Jun  8 02:37:54 2026] Launch requested: opening Terminal #1 from dock
[Mon Jun  8 02:37:54 2026] State updated: idx=1, key=ENTER
[Mon Jun  8 02:37:55 2026] Input received: 51
[Mon Jun  8 02:37:55 2026] State updated: idx=3, key=3
[Mon Jun  8 02:37:55 2026] Input received: 13
[Mon Jun  8 02:37:55 2026] Minimize requested: moving Terminal #1 to toolbar
[Mon Jun  8 02:37:55 2026] State updated: idx=3, key=ENTER
[Mon Jun  8 02:37:58 2026] Input received: 50
[Mon Jun  8 02:37:58 2026] State updated: idx=2, key=2
[Mon Jun  8 02:37:58 2026] Input received: 13
[Mon Jun  8 02:37:58 2026] State updated: idx=2, key=ENTER
[Mon Jun  8 02:38:28 2026] Wraith-Alpha Manager shutting down.
[Mon Jun  8 02:42:57 2026] Wraith-Alpha Manager starting in /home/no/Desktop/🤖️🪤️🏠️/🗓️📆️👩🏻‍💻️/jun-7/wraith-surgical-01.04/1.TPMOS_c_+rmmp.0102.0020
[Mon Jun  8 02:42:57 2026] State updated: idx=1, key=0
[Mon Jun  8 02:42:58 2026] Input received: 13
[Mon Jun  8 02:42:58 2026] Launch requested: opening Terminal #1 from dock
[Mon Jun  8 02:42:58 2026] State updated: idx=1, key=0
[Mon Jun  8 02:43:00 2026] Input received: 51
[Mon Jun  8 02:43:00 2026] State updated: idx=3, key=3
[Mon Jun  8 02:43:00 2026] Input received: 13
[Mon Jun  8 02:43:00 2026] Minimize requested: moving Terminal #1 to toolbar
[Mon Jun  8 02:43:00 2026] State updated: idx=5, key=0
[Mon Jun  8 02:43:01 2026] Input received: 50
[Mon Jun  8 02:43:01 2026] State updated: idx=2, key=2
[Mon Jun  8 02:43:02 2026] Input received: 13
[Mon Jun  8 02:43:34 2026] Wraith-Alpha Manager shutting down.
[Mon Jun  8 03:16:43 2026] Wraith-Alpha Manager starting in /home/no/Desktop/🤖️🪤️🏠️/🗓️📆️👩🏻‍💻️/jun-7/wraith-surgical-01.04/1.TPMOS_c_+rmmp.0102.0020
[Mon Jun  8 03:16:43 2026] State updated: idx=1, key=0
[Mon Jun  8 03:16:51 2026] Command received: DESKTOP_ACTION:launch_terminal
[Mon Jun  8 03:16:51 2026] Launch requested: opening Terminal #1 from dock button
[Mon Jun  8 03:16:51 2026] State updated: idx=1, key=0
[Mon Jun  8 03:16:51 2026] Command received: DESKTOP_ACTION:minimize_terminal
[Mon Jun  8 03:16:51 2026] Minimize requested: moving Terminal #1 to toolbar
[Mon Jun  8 03:16:51 2026] State updated: idx=5, key=0
[Mon Jun  8 03:16:51 2026] Command received: DESKTOP_ACTION:restore_terminal
[Mon Jun  8 03:16:51 2026] Restore requested: reopening Terminal #1 from toolbar
[Mon Jun  8 03:16:51 2026] State updated: idx=1, key=0
[Mon Jun  8 03:19:14 2026] Wraith-Alpha Manager shutting down.
[Mon Jun  8 03:20:17 2026] Wraith-Alpha Manager starting in /home/no/Desktop/🤖️🪤️🏠️/🗓️📆️👩🏻‍💻️/jun-7/wraith-surgical-01.04/1.TPMOS_c_+rmmp.0102.0020
[Mon Jun  8 03:20:17 2026] State updated: idx=1, key=0
[Mon Jun  8 03:20:17 2026] Input received: 13
[Mon Jun  8 03:20:17 2026] Launch requested: opening Terminal #1 from dock
[Mon Jun  8 03:20:17 2026] State updated: idx=1, key=0
[Mon Jun  8 03:20:21 2026] Input received: 51
[Mon Jun  8 03:20:21 2026] State updated: idx=3, key=3
[Mon Jun  8 03:20:22 2026] Input received: 13
[Mon Jun  8 03:20:22 2026] Minimize requested: moving Terminal #1 to toolbar
[Mon Jun  8 03:20:22 2026] State updated: idx=5, key=0
[Mon Jun  8 03:20:22 2026] Command received: SET_ACTIVE:3
[Mon Jun  8 03:20:22 2026] Minimize requested: moving Terminal #1 to toolbar
[Mon Jun  8 03:20:22 2026] State updated: idx=5, key=0
[Mon Jun  8 03:20:23 2026] Input received: 50
[Mon Jun  8 03:20:23 2026] State updated: idx=2, key=2
[Mon Jun  8 03:20:23 2026] Input received: 13
[Mon Jun  8 03:21:04 2026] Wraith-Alpha Manager shutting down.
[Mon Jun  8 03:23:31 2026] Wraith-Alpha Manager starting in /home/no/Desktop/🤖️🪤️🏠️/🗓️📆️👩🏻‍💻️/jun-7/wraith-surgical-01.04/1.TPMOS_c_+rmmp.0102.0020
[Mon Jun  8 03:23:31 2026] State updated: idx=1, key=0
[Mon Jun  8 03:23:39 2026] Command received: SET_ACTIVE:5
[Mon Jun  8 03:23:39 2026] Launch requested: opening Terminal #1 from dock button
[Mon Jun  8 03:23:39 2026] State updated: idx=1, key=0
[Mon Jun  8 03:23:39 2026] Command received: SET_ACTIVE:3
[Mon Jun  8 03:23:39 2026] Minimize requested: moving Terminal #1 to toolbar
[Mon Jun  8 03:23:39 2026] State updated: idx=5, key=0
[Mon Jun  8 03:23:39 2026] Command received: SET_ACTIVE:6
[Mon Jun  8 03:23:39 2026] Restore requested: reopening Terminal #1 from toolbar
[Mon Jun  8 03:23:39 2026] State updated: idx=1, key=0
[Mon Jun  8 03:23:39 2026] Wraith-Alpha Manager shutting down.
[Mon Jun  8 03:26:08 2026] Wraith-Alpha Manager starting in /home/no/Desktop/🤖️🪤️🏠️/🗓️📆️👩🏻‍💻️/jun-7/wraith-surgical-01.04/1.TPMOS_c_+rmmp.0102.0020
[Mon Jun  8 03:26:08 2026] State updated: idx=1, key=0
[Mon Jun  8 03:26:09 2026] Input received: 13
[Mon Jun  8 03:26:09 2026] Launch requested: opening Terminal #1 from dock
[Mon Jun  8 03:26:09 2026] State updated: idx=1, key=0
[Mon Jun  8 03:26:09 2026] Command received: SET_ACTIVE:5
[Mon Jun  8 03:26:10 2026] Input received: 51
[Mon Jun  8 03:26:10 2026] State updated: idx=3, key=3
[Mon Jun  8 03:26:11 2026] Input received: 13
[Mon Jun  8 03:26:11 2026] Minimize requested: moving Terminal #1 to toolbar
[Mon Jun  8 03:26:11 2026] State updated: idx=5, key=0
[Mon Jun  8 03:26:11 2026] Command received: SET_ACTIVE:3
[Mon Jun  8 03:26:11 2026] Minimize requested: moving Terminal #1 to toolbar
[Mon Jun  8 03:26:11 2026] State updated: idx=5, key=0
[Mon Jun  8 03:26:12 2026] Input received: 50
[Mon Jun  8 03:26:12 2026] State updated: idx=2, key=2
[Mon Jun  8 03:26:12 2026] Input received: 13
[Mon Jun  8 03:26:12 2026] Restore requested: reopening Terminal #1 from toolbar
[Mon Jun  8 03:26:12 2026] State updated: idx=1, key=0
[Mon Jun  8 03:26:12 2026] Command received: SET_ACTIVE:6
[Mon Jun  8 03:26:13 2026] Input received: 51
[Mon Jun  8 03:26:13 2026] State updated: idx=3, key=3
[Mon Jun  8 03:26:14 2026] Input received: 13
[Mon Jun  8 03:26:14 2026] Minimize requested: moving Terminal #1 to toolbar
[Mon Jun  8 03:26:14 2026] State updated: idx=5, key=0
[Mon Jun  8 03:26:14 2026] Command received: SET_ACTIVE:3
[Mon Jun  8 03:26:14 2026] Minimize requested: moving Terminal #1 to toolbar
[Mon Jun  8 03:26:14 2026] State updated: idx=5, key=0
[Mon Jun  8 03:26:14 2026] Input received: 50
[Mon Jun  8 03:26:14 2026] State updated: idx=2, key=2
[Mon Jun  8 03:26:53 2026] Wraith-Alpha Manager shutting down.
[Mon Jun  8 03:29:49 2026] Wraith-Alpha Manager starting in /home/no/Desktop/🤖️🪤️🏠️/🗓️📆️👩🏻‍💻️/jun-7/wraith-surgical-01.04/1.TPMOS_c_+rmmp.0102.0020
[Mon Jun  8 03:29:49 2026] State updated: idx=1, key=0
[Mon Jun  8 03:29:57 2026] Wraith-Alpha Manager shutting down.
[Mon Jun  8 03:31:25 2026] Wraith-Alpha Manager starting in /home/no/Desktop/🤖️🪤️🏠️/🗓️📆️👩🏻‍💻️/jun-7/wraith-surgical-01.04/1.TPMOS_c_+rmmp.0102.0020
[Mon Jun  8 03:31:25 2026] State updated: idx=1, key=0
[Mon Jun  8 03:31:26 2026] Input received: 13
[Mon Jun  8 03:31:26 2026] Command received: SET_ACTIVE:5
[Mon Jun  8 03:31:26 2026] Launch requested: opening Terminal #1 from dock button
[Mon Jun  8 03:31:26 2026] State updated: idx=1, key=0
[Mon Jun  8 03:31:27 2026] Input received: 51
[Mon Jun  8 03:31:27 2026] State updated: idx=3, key=3
[Mon Jun  8 03:31:28 2026] Input received: 13
[Mon Jun  8 03:31:28 2026] Command received: SET_ACTIVE:3
[Mon Jun  8 03:31:28 2026] Minimize requested: moving Terminal #1 to toolbar
[Mon Jun  8 03:31:28 2026] State updated: idx=5, key=0
[Mon Jun  8 03:35:25 2026] Input received: 1002
[Mon Jun  8 03:35:25 2026] State updated: idx=4, key=UP
[Mon Jun  8 03:35:26 2026] Wraith-Alpha Manager shutting down.
[Mon Jun  8 03:35:30 2026] Wraith-Alpha Manager starting in /home/no/Desktop/🤖️🪤️🏠️/🗓️📆️👩🏻‍💻️/jun-7/wraith-surgical-01.04/1.TPMOS_c_+rmmp.0102.0020
[Mon Jun  8 03:35:30 2026] State updated: idx=1, key=0
[Mon Jun  8 03:35:31 2026] Input received: 13
[Mon Jun  8 03:35:31 2026] Command received: SET_ACTIVE:5
[Mon Jun  8 03:35:31 2026] Launch requested: opening Terminal #1 from dock button
[Mon Jun  8 03:35:31 2026] State updated: idx=1, key=0
[Mon Jun  8 03:35:33 2026] Input received: 51
[Mon Jun  8 03:35:33 2026] State updated: idx=3, key=3
[Mon Jun  8 03:35:33 2026] Input received: 13
[Mon Jun  8 03:35:33 2026] Command received: SET_ACTIVE:3
[Mon Jun  8 03:35:33 2026] Minimize requested: moving Terminal #1 to toolbar
[Mon Jun  8 03:35:33 2026] State updated: idx=5, key=0
[Mon Jun  8 03:35:34 2026] Input received: 50
[Mon Jun  8 03:35:34 2026] State updated: idx=2, key=2
[Mon Jun  8 03:35:34 2026] Input received: 13
[Mon Jun  8 03:35:34 2026] Command received: SET_ACTIVE:6
[Mon Jun  8 03:35:34 2026] Restore requested: reopening Terminal #1 from toolbar
[Mon Jun  8 03:35:34 2026] State updated: idx=1, key=0
[Mon Jun  8 03:35:38 2026] Input received: 51
[Mon Jun  8 03:35:38 2026] State updated: idx=3, key=3
[Mon Jun  8 03:35:38 2026] Input received: 13
[Mon Jun  8 03:35:38 2026] Command received: SET_ACTIVE:3
[Mon Jun  8 03:35:38 2026] Minimize requested: moving Terminal #1 to toolbar
[Mon Jun  8 03:35:38 2026] State updated: idx=5, key=0
[Mon Jun  8 03:37:56 2026] Input received: 1002
[Mon Jun  8 03:37:56 2026] State updated: idx=4, key=UP
[Mon Jun  8 03:37:57 2026] Wraith-Alpha Manager shutting down.
[Mon Jun  8 03:38:35 2026] Wraith-Alpha Manager starting in /home/no/Desktop/🤖️🪤️🏠️/🗓️📆️👩🏻‍💻️/jun-7/wraith-surgical-01.04/1.TPMOS_c_+rmmp.0102.0020
[Mon Jun  8 03:38:35 2026] State updated: idx=1, key=0
[Mon Jun  8 03:38:36 2026] Input received: 13
[Mon Jun  8 03:38:36 2026] Command received: SET_ACTIVE:5
[Mon Jun  8 03:38:36 2026] Launch requested: opening Terminal #1 from dock button
[Mon Jun  8 03:38:36 2026] State updated: idx=1, key=0
[Mon Jun  8 03:38:38 2026] Input received: 51
[Mon Jun  8 03:38:38 2026] State updated: idx=3, key=3
[Mon Jun  8 03:38:38 2026] Input received: 13
[Mon Jun  8 03:38:38 2026] Command received: SET_ACTIVE:3
[Mon Jun  8 03:38:38 2026] Minimize requested: moving Terminal #1 to toolbar
[Mon Jun  8 03:38:38 2026] State updated: idx=5, key=0
[Mon Jun  8 03:38:40 2026] Input received: 50
[Mon Jun  8 03:38:40 2026] State updated: idx=2, key=2
[Mon Jun  8 03:38:40 2026] Input received: 13
[Mon Jun  8 03:38:40 2026] Command received: SET_ACTIVE:6
[Mon Jun  8 03:38:40 2026] Restore requested: reopening Terminal #1 from toolbar
[Mon Jun  8 03:38:40 2026] State updated: idx=1, key=0
[Mon Jun  8 03:38:42 2026] Input received: 51
[Mon Jun  8 03:38:42 2026] State updated: idx=3, key=3
[Mon Jun  8 03:38:42 2026] Input received: 13
[Mon Jun  8 03:38:42 2026] Command received: SET_ACTIVE:3
[Mon Jun  8 03:38:42 2026] Minimize requested: moving Terminal #1 to toolbar
[Mon Jun  8 03:38:42 2026] State updated: idx=5, key=0
[Mon Jun  8 03:38:43 2026] Input received: 50
[Mon Jun  8 03:38:43 2026] State updated: idx=2, key=2
[Mon Jun  8 03:38:43 2026] Input received: 13
[Mon Jun  8 03:38:43 2026] Command received: SET_ACTIVE:6
[Mon Jun  8 03:38:43 2026] Restore requested: reopening Terminal #1 from toolbar
[Mon Jun  8 03:38:43 2026] State updated: idx=1, key=0
[Mon Jun  8 03:38:46 2026] Wraith-Alpha Manager shutting down.
[Mon Jun  8 03:53:29 2026] State updated: idx=1, windows=0, minimized=0, alpha_bytes=2264, ui_bytes=2264, alpha_rename=0, ui_rename=0
[Mon Jun  8 03:53:29 2026] Wraith-Alpha Manager starting in /home/no/Desktop/🤖️🪤️🏠️/🗓️📆️👩🏻‍💻️/jun-7/wraith-surgical-01.04/1.TPMOS_c_+rmmp.0102.0020
[Mon Jun  8 03:53:31 2026] Input received: 13
[Mon Jun  8 03:53:31 2026] Command received: SET_ACTIVE:5
[Mon Jun  8 03:53:31 2026] Launch requested: opening Terminal #1
[Mon Jun  8 03:53:31 2026] State updated: idx=1, windows=1, minimized=0, alpha_bytes=2543, ui_bytes=2543, alpha_rename=0, ui_rename=0
[Mon Jun  8 03:53:32 2026] Input received: 51
[Mon Jun  8 03:53:32 2026] State updated: idx=3, windows=1, minimized=0, alpha_bytes=2544, ui_bytes=2544, alpha_rename=0, ui_rename=0
[Mon Jun  8 03:53:32 2026] Input received: 13
[Mon Jun  8 03:53:32 2026] Command received: SET_ACTIVE:3
[Mon Jun  8 03:53:32 2026] Minimize requested: moving Terminal #1 to taskbar
[Mon Jun  8 03:53:32 2026] State updated: idx=1, windows=1, minimized=1, alpha_bytes=2551, ui_bytes=2551, alpha_rename=0, ui_rename=0
[Mon Jun  8 03:53:33 2026] Input received: 50
[Mon Jun  8 03:53:33 2026] State updated: idx=2, windows=1, minimized=1, alpha_bytes=2552, ui_bytes=2552, alpha_rename=0, ui_rename=0
[Mon Jun  8 03:53:33 2026] Input received: 13
[Mon Jun  8 03:53:33 2026] Command received: SET_ACTIVE:6
[Mon Jun  8 03:53:33 2026] Restore requested: reopening Terminal #1 from taskbar slot 1
[Mon Jun  8 03:53:33 2026] State updated: idx=1, windows=1, minimized=0, alpha_bytes=2543, ui_bytes=2543, alpha_rename=0, ui_rename=0
[Mon Jun  8 03:53:33 2026] Input received: 51
[Mon Jun  8 03:53:33 2026] State updated: idx=3, windows=1, minimized=0, alpha_bytes=2544, ui_bytes=2544, alpha_rename=0, ui_rename=0
[Mon Jun  8 03:53:34 2026] Input received: 13
[Mon Jun  8 03:53:34 2026] Command received: SET_ACTIVE:3
[Mon Jun  8 03:53:34 2026] Minimize requested: moving Terminal #1 to taskbar
[Mon Jun  8 03:53:34 2026] State updated: idx=1, windows=1, minimized=1, alpha_bytes=2551, ui_bytes=2551, alpha_rename=0, ui_rename=0
[Mon Jun  8 03:53:34 2026] Input received: 50
[Mon Jun  8 03:53:34 2026] State updated: idx=2, windows=1, minimized=1, alpha_bytes=2552, ui_bytes=2552, alpha_rename=0, ui_rename=0
[Mon Jun  8 03:53:34 2026] Input received: 13
[Mon Jun  8 03:53:34 2026] Command received: SET_ACTIVE:6
[Mon Jun  8 03:53:34 2026] Restore requested: reopening Terminal #1 from taskbar slot 1
[Mon Jun  8 03:53:34 2026] State updated: idx=1, windows=1, minimized=0, alpha_bytes=2543, ui_bytes=2543, alpha_rename=0, ui_rename=0
[Mon Jun  8 03:53:35 2026] Wraith-Alpha Manager shutting down.
[Mon Jun  8 03:58:37 2026] State updated: idx=1, windows=1, minimized=0
[Mon Jun  8 03:58:37 2026] Wraith-Alpha Manager starting in /home/no/Desktop/🤖️🪤️🏠️/🗓️📆️👩🏻‍💻️/jun-7/wraith-surgical-01.04/1.TPMOS_c_+rmmp.0102.0020
[Mon Jun  8 03:58:38 2026] Input received: 13
[Mon Jun  8 03:58:38 2026] Command received: SET_ACTIVE:5
[Mon Jun  8 03:58:38 2026] Launch requested: opening Terminal #2
[Mon Jun  8 03:58:38 2026] State updated: idx=1, windows=2, minimized=0
[Mon Jun  8 03:58:39 2026] Input received: 51
[Mon Jun  8 03:58:39 2026] State updated: idx=3, windows=2, minimized=0
[Mon Jun  8 03:58:39 2026] Input received: 13
[Mon Jun  8 03:58:39 2026] Command received: SET_ACTIVE:3
[Mon Jun  8 03:58:39 2026] Minimize requested: moving Terminal #2 to taskbar
[Mon Jun  8 03:58:39 2026] State updated: idx=1, windows=2, minimized=1
[Mon Jun  8 03:58:40 2026] Input received: 50
[Mon Jun  8 03:58:40 2026] State updated: idx=2, windows=2, minimized=1
[Mon Jun  8 03:58:40 2026] Input received: 13
[Mon Jun  8 03:58:40 2026] Command received: SET_ACTIVE:6
[Mon Jun  8 03:58:40 2026] Restore requested: reopening Terminal #2 from taskbar slot 1
[Mon Jun  8 03:58:40 2026] State updated: idx=1, windows=2, minimized=0
[Mon Jun  8 03:58:41 2026] Input received: 51
[Mon Jun  8 03:58:41 2026] State updated: idx=3, windows=2, minimized=0
[Mon Jun  8 03:58:41 2026] Input received: 13
[Mon Jun  8 03:58:41 2026] Command received: SET_ACTIVE:3
[Mon Jun  8 03:58:41 2026] Minimize requested: moving Terminal #2 to taskbar
[Mon Jun  8 03:58:41 2026] State updated: idx=1, windows=2, minimized=1
[Mon Jun  8 03:58:41 2026] Input received: 50
[Mon Jun  8 03:58:41 2026] State updated: idx=2, windows=2, minimized=1
[Mon Jun  8 03:58:42 2026] Input received: 13
[Mon Jun  8 03:58:42 2026] Command received: SET_ACTIVE:6
[Mon Jun  8 03:58:42 2026] Restore requested: reopening Terminal #2 from taskbar slot 1
[Mon Jun  8 03:58:42 2026] State updated: idx=1, windows=2, minimized=0
[Mon Jun  8 03:58:42 2026] Input received: 51
[Mon Jun  8 03:58:42 2026] State updated: idx=3, windows=2, minimized=0
[Mon Jun  8 03:58:42 2026] Input received: 13
[Mon Jun  8 03:58:42 2026] Command received: SET_ACTIVE:3
[Mon Jun  8 03:58:42 2026] Minimize requested: moving Terminal #2 to taskbar
[Mon Jun  8 03:58:42 2026] State updated: idx=1, windows=2, minimized=1
[Mon Jun  8 03:58:43 2026] Wraith-Alpha Manager shutting down.
[Tue Jun  9 15:46:41 2026] State updated: idx=1, windows=2, minimized=0
[Tue Jun  9 15:46:41 2026] Wraith-Alpha Manager starting in /home/no/Desktop/🤖️🪤️🏠️/🗓️📆️👩🏻‍💻️/jun-8/wraith-surgical-01.09/1.TPMOS_c_+rmmp.0102.0020
[Tue Jun  9 15:46:43 2026] Input received: 13
[Tue Jun  9 15:46:43 2026] Command received: SET_ACTIVE:5
[Tue Jun  9 15:46:43 2026] Launch requested: opening Terminal #3
[Tue Jun  9 15:46:43 2026] State updated: idx=1, windows=3, minimized=0
[Tue Jun  9 15:46:45 2026] Input received: 1003
[Tue Jun  9 15:46:45 2026] State updated: idx=2, windows=3, minimized=0
[Tue Jun  9 15:46:45 2026] Input received: 1003
[Tue Jun  9 15:46:45 2026] State updated: idx=3, windows=3, minimized=0
[Tue Jun  9 15:46:46 2026] Input received: 52
[Tue Jun  9 15:46:46 2026] State updated: idx=4, windows=3, minimized=0
[Tue Jun  9 15:46:47 2026] Input received: 53
[Tue Jun  9 15:46:47 2026] State updated: idx=5, windows=3, minimized=0
[Tue Jun  9 15:46:48 2026] Input received: 13
[Tue Jun  9 15:46:48 2026] Command received: SET_ACTIVE:5
[Tue Jun  9 15:46:48 2026] Launch requested: opening Terminal #4
[Tue Jun  9 15:46:48 2026] State updated: idx=5, windows=4, minimized=1
[Tue Jun  9 15:46:50 2026] Input received: 1003
[Tue Jun  9 15:46:50 2026] State updated: idx=6, windows=4, minimized=1
[Tue Jun  9 15:46:51 2026] Input received: 13
[Tue Jun  9 15:46:51 2026] Command received: SET_ACTIVE:6
[Tue Jun  9 15:46:51 2026] Restore requested: reopening Terminal #3 from taskbar slot 1
[Tue Jun  9 15:46:51 2026] State updated: idx=1, windows=4, minimized=1
[Tue Jun  9 15:47:10 2026] Input received: 13
[Tue Jun  9 15:47:10 2026] Command received: SET_ACTIVE:6
[Tue Jun  9 15:47:10 2026] Restore requested: reopening Terminal #4 from taskbar slot 1
[Tue Jun  9 15:47:10 2026] State updated: idx=1, windows=4, minimized=1
[Tue Jun  9 15:47:12 2026] Input received: 1003
[Tue Jun  9 15:47:12 2026] State updated: idx=2, windows=4, minimized=1
[Tue Jun  9 15:47:13 2026] Input received: 1003
[Tue Jun  9 15:47:13 2026] State updated: idx=3, windows=4, minimized=1
[Tue Jun  9 15:47:14 2026] Input received: 1003
[Tue Jun  9 15:47:14 2026] State updated: idx=4, windows=4, minimized=1
[Tue Jun  9 15:49:24 2026] Input received: 99
[Tue Jun  9 15:49:26 2026] Wraith-Alpha Manager shutting down.
[Tue Jun  9 16:08:16 2026] State updated: idx=1, windows=4, minimized=0
[Tue Jun  9 16:08:16 2026] Wraith-Alpha Manager starting in /home/no/Desktop/🤖️🪤️🏠️/🗓️📆️👩🏻‍💻️/jun-8/wraith-surgical-01.09/1.TPMOS_c_+rmmp.0102.0020
[Tue Jun  9 16:08:17 2026] Wraith-Alpha Manager shutting down.
[Tue Jun  9 16:17:07 2026] State updated: idx=1, windows=4, minimized=0
[Tue Jun  9 16:17:07 2026] Wraith-Alpha Manager starting in /home/no/Desktop/🤖️🪤️🏠️/🗓️📆️👩🏻‍💻️/jun-8/wraith-surgical-01.09/1.TPMOS_c_+rmmp.0102.0020
[Tue Jun  9 16:17:09 2026] Input received: 13
[Tue Jun  9 16:17:12 2026] Input received: 1002
[Tue Jun  9 16:17:12 2026] Input received: 1003
[Tue Jun  9 16:17:13 2026] Wraith-Alpha Manager shutting down.
[Tue Jun  9 16:20:39 2026] State updated: idx=1, windows=4, minimized=0
[Tue Jun  9 16:20:39 2026] Wraith-Alpha Manager starting in /home/no/Desktop/🤖️🪤️🏠️/🗓️📆️👩🏻‍💻️/jun-8/wraith-surgical-01.09/1.TPMOS_c_+rmmp.0102.0020
[Tue Jun  9 16:20:40 2026] Input received: 13
[Tue Jun  9 16:20:40 2026] Command received: SET_ACTIVE:5
[Tue Jun  9 16:20:40 2026] Launch requested: opening Terminal #5
[Tue Jun  9 16:20:40 2026] State updated: idx=1, windows=5, minimized=0
[Tue Jun  9 16:20:41 2026] Input received: 51
[Tue Jun  9 16:20:41 2026] State updated: idx=3, windows=5, minimized=0
[Tue Jun  9 16:20:42 2026] Input received: 13
[Tue Jun  9 16:20:42 2026] Command received: SET_ACTIVE:3
[Tue Jun  9 16:20:42 2026] Minimize requested: moving Terminal #5 to taskbar
[Tue Jun  9 16:20:42 2026] State updated: idx=1, windows=5, minimized=1
[Tue Jun  9 16:20:44 2026] Input received: 50
[Tue Jun  9 16:20:44 2026] State updated: idx=2, windows=5, minimized=1
[Tue Jun  9 16:20:44 2026] Input received: 13
[Tue Jun  9 16:20:44 2026] Command received: SET_ACTIVE:6
[Tue Jun  9 16:20:44 2026] Restore requested: reopening Terminal #5 from taskbar slot 1
[Tue Jun  9 16:20:44 2026] State updated: idx=1, windows=5, minimized=0
[Tue Jun  9 16:20:45 2026] Input received: 13
[Tue Jun  9 16:20:45 2026] Command received: SET_ACTIVE:5
[Tue Jun  9 16:20:45 2026] Launch requested: opening Terminal #6
[Tue Jun  9 16:20:45 2026] State updated: idx=1, windows=6, minimized=1
[Tue Jun  9 16:20:46 2026] Input received: 51
[Tue Jun  9 16:20:46 2026] State updated: idx=3, windows=6, minimized=1
[Tue Jun  9 16:20:47 2026] Input received: 54
[Tue Jun  9 16:20:47 2026] State updated: idx=6, windows=6, minimized=1
[Tue Jun  9 16:20:47 2026] Input received: 13
[Tue Jun  9 16:20:47 2026] Command received: SET_ACTIVE:6
[Tue Jun  9 16:20:47 2026] Restore requested: reopening Terminal #5 from taskbar slot 1
[Tue Jun  9 16:20:47 2026] State updated: idx=1, windows=6, minimized=1
[Tue Jun  9 16:20:47 2026] Wraith-Alpha Manager shutting down.
[Tue Jun  9 16:27:09 2026] State updated: idx=1, windows=6, minimized=0
[Tue Jun  9 16:27:09 2026] Wraith-Alpha Manager starting in /home/no/Desktop/🤖️🪤️🏠️/🗓️📆️👩🏻‍💻️/jun-8/wraith-surgical-01.09/1.TPMOS_c_+rmmp.0102.0020
[Tue Jun  9 16:27:10 2026] Input received: 13
[Tue Jun  9 16:27:13 2026] Input received: 1002
[Tue Jun  9 16:27:13 2026] Input received: 1003
[Tue Jun  9 16:28:49 2026] Wraith-Alpha Manager shutting down.
[Tue Jun  9 16:29:29 2026] State updated: idx=1, windows=6, minimized=0
[Tue Jun  9 16:29:29 2026] Wraith-Alpha Manager starting in /home/no/Desktop/🤖️🪤️🏠️/🗓️📆️👩🏻‍💻️/jun-8/wraith-surgical-01.09/1.TPMOS_c_+rmmp.0102.0020
[Tue Jun  9 16:29:30 2026] Input received: 13
[Tue Jun  9 16:29:30 2026] Command received: SET_ACTIVE:5
[Tue Jun  9 16:29:30 2026] Launch requested: opening Terminal #7
[Tue Jun  9 16:29:30 2026] State updated: idx=1, windows=7, minimized=0
[Tue Jun  9 16:29:31 2026] Input received: 50
[Tue Jun  9 16:29:31 2026] State updated: idx=2, windows=7, minimized=0
[Tue Jun  9 16:29:31 2026] Input received: 51
[Tue Jun  9 16:29:31 2026] State updated: idx=3, windows=7, minimized=0
[Tue Jun  9 16:29:31 2026] Input received: 13
[Tue Jun  9 16:29:31 2026] Command received: SET_ACTIVE:3
[Tue Jun  9 16:29:31 2026] Minimize requested: moving Terminal #7 to taskbar
[Tue Jun  9 16:29:31 2026] State updated: idx=1, windows=7, minimized=1
[Tue Jun  9 16:29:32 2026] Input received: 52
[Tue Jun  9 16:29:32 2026] Input received: 51
[Tue Jun  9 16:29:33 2026] Input received: 50
[Tue Jun  9 16:29:33 2026] State updated: idx=2, windows=7, minimized=1
[Tue Jun  9 16:29:33 2026] Input received: 13
[Tue Jun  9 16:29:33 2026] Command received: SET_ACTIVE:6
[Tue Jun  9 16:29:33 2026] Restore requested: reopening Terminal #7 from taskbar slot 1
[Tue Jun  9 16:29:33 2026] State updated: idx=1, windows=7, minimized=0
[Tue Jun  9 16:29:34 2026] Wraith-Alpha Manager shutting down.
[Tue Jun  9 16:41:15 2026] State updated: idx=1, windows=7, minimized=0
[Tue Jun  9 16:41:15 2026] Wraith-Alpha Manager starting in /home/no/Desktop/🤖️🪤️🏠️/🗓️📆️👩🏻‍💻️/jun-8/wraith-surgical-01.09/1.TPMOS_c_+rmmp.0102.0020
[Tue Jun  9 16:41:20 2026] Input received: 13
[Tue Jun  9 16:41:20 2026] Command received: SET_ACTIVE:5
[Tue Jun  9 16:41:20 2026] Launch requested: opening Terminal #8
[Tue Jun  9 16:41:20 2026] State updated: idx=1, windows=8, minimized=0
[Tue Jun  9 16:42:20 2026] Wraith-Alpha Manager shutting down.
[Tue Jun  9 16:44:46 2026] Mouse mode requested via /home/no/Desktop/🤖️🪤️🏠️/🗓️📆️👩🏻‍💻️/jun-8/wraith-surgical-01.09/1.TPMOS_c_+rmmp.0102.0020/pieces/mouse/mouse_enabled.lock
[Tue Jun  9 16:44:46 2026] State updated: idx=1, windows=8, minimized=0
[Tue Jun  9 16:44:46 2026] Wraith-Alpha Manager starting in /home/no/Desktop/🤖️🪤️🏠️/🗓️📆️👩🏻‍💻️/jun-8/wraith-surgical-01.09/1.TPMOS_c_+rmmp.0102.0020
[Tue Jun  9 16:44:47 2026] Command received: MOUSE_MOVE 35 59 10
[Tue Jun  9 16:44:47 2026] Mouse updated: btn=35 x=59 y=10
[Tue Jun  9 16:44:47 2026] State updated: idx=1, windows=8, minimized=0
[Tue Jun  9 16:44:47 2026] Command received: MOUSE_MOVE 35 56 11
[Tue Jun  9 16:44:47 2026] Mouse updated: btn=35 x=56 y=11
[Tue Jun  9 16:44:47 2026] State updated: idx=1, windows=8, minimized=0
[Tue Jun  9 16:44:47 2026] Command received: MOUSE_MOVE 35 53 13
[Tue Jun  9 16:44:47 2026] Mouse updated: btn=35 x=53 y=13
[Tue Jun  9 16:44:47 2026] State updated: idx=1, windows=8, minimized=0
[Tue Jun  9 16:44:47 2026] Command received: MOUSE_MOVE 35 52 14
[Tue Jun  9 16:44:47 2026] Mouse updated: btn=35 x=52 y=14
[Tue Jun  9 16:44:47 2026] State updated: idx=1, windows=8, minimized=0
[Tue Jun  9 16:44:47 2026] Command received: MOUSE_MOVE 35 51 15
[Tue Jun  9 16:44:47 2026] Mouse updated: btn=35 x=51 y=15
[Tue Jun  9 16:44:47 2026] State updated: idx=1, windows=8, minimized=0
[Tue Jun  9 16:44:47 2026] Command received: MOUSE_MOVE 35 50 15
[Tue Jun  9 16:44:47 2026] Mouse updated: btn=35 x=50 y=15
[Tue Jun  9 16:44:47 2026] State updated: idx=1, windows=8, minimized=0
[Tue Jun  9 16:44:47 2026] Command received: MOUSE_MOVE 35 49 15
[Tue Jun  9 16:44:47 2026] Mouse updated: btn=35 x=49 y=15
[Tue Jun  9 16:44:47 2026] State updated: idx=1, windows=8, minimized=0
[Tue Jun  9 16:44:47 2026] Command received: MOUSE_MOVE 35 50 14
[Tue Jun  9 16:44:47 2026] Mouse updated: btn=35 x=50 y=14
[Tue Jun  9 16:44:47 2026] State updated: idx=1, windows=8, minimized=0
[Tue Jun  9 16:44:47 2026] Command received: MOUSE_MOVE 35 50 13
[Tue Jun  9 16:44:47 2026] Mouse updated: btn=35 x=50 y=13
[Tue Jun  9 16:44:47 2026] State updated: idx=1, windows=8, minimized=0
[Tue Jun  9 16:44:47 2026] Command received: MOUSE_MOVE 35 49 13
[Tue Jun  9 16:44:47 2026] Mouse updated: btn=35 x=49 y=13
[Tue Jun  9 16:44:47 2026] State updated: idx=1, windows=8, minimized=0
[Tue Jun  9 16:44:47 2026] Command received: MOUSE_MOVE 35 46 13
[Tue Jun  9 16:44:47 2026] Mouse updated: btn=35 x=46 y=13
[Tue Jun  9 16:44:47 2026] State updated: idx=1, windows=8, minimized=0
[Tue Jun  9 16:44:47 2026] Command received: MOUSE_MOVE 35 44 13
[Tue Jun  9 16:44:47 2026] Mouse updated: btn=35 x=44 y=13
[Tue Jun  9 16:44:47 2026] State updated: idx=1, windows=8, minimized=0
[Tue Jun  9 16:44:47 2026] Command received: MOUSE_MOVE 35 42 13
[Tue Jun  9 16:44:47 2026] Mouse updated: btn=35 x=42 y=13
[Tue Jun  9 16:44:47 2026] State updated: idx=1, windows=8, minimized=0
[Tue Jun  9 16:44:47 2026] Command received: MOUSE_MOVE 35 41 14
[Tue Jun  9 16:44:47 2026] Mouse updated: btn=35 x=41 y=14
[Tue Jun  9 16:44:47 2026] State updated: idx=1, windows=8, minimized=0
[Tue Jun  9 16:44:47 2026] Command received: MOUSE_MOVE 35 40 15
[Tue Jun  9 16:44:47 2026] Mouse updated: btn=35 x=40 y=15
[Tue Jun  9 16:44:47 2026] State updated: idx=1, windows=8, minimized=0
[Tue Jun  9 16:44:47 2026] Command received: MOUSE_MOVE 35 40 16
[Tue Jun  9 16:44:47 2026] Mouse updated: btn=35 x=40 y=16
[Tue Jun  9 16:44:47 2026] State updated: idx=1, windows=8, minimized=0
[Tue Jun  9 16:44:47 2026] Command received: MOUSE_MOVE 35 41 15
[Tue Jun  9 16:44:47 2026] Mouse updated: btn=35 x=41 y=15
[Tue Jun  9 16:44:47 2026] State updated: idx=1, windows=8, minimized=0
[Tue Jun  9 16:44:47 2026] Command received: MOUSE_MOVE 35 42 15
[Tue Jun  9 16:44:47 2026] Mouse updated: btn=35 x=42 y=15
[Tue Jun  9 16:44:47 2026] State updated: idx=1, windows=8, minimized=0
[Tue Jun  9 16:44:47 2026] Command received: MOUSE_MOVE 35 45 15
[Tue Jun  9 16:44:47 2026] Mouse updated: btn=35 x=45 y=15
[Tue Jun  9 16:44:47 2026] State updated: idx=1, windows=8, minimized=0
[Tue Jun  9 16:44:48 2026] Wraith-Alpha Manager shutting down.
[Tue Jun  9 18:23:33 2026] Mouse mode requested via /home/no/Desktop/🤖️🪤️🏠️/🗓️📆️👩🏻‍💻️/jun-8/xer/wraith-surgical-01.09+10%/wraith-surgical-01.09/1.TPMOS_c_+rmmp.0102.0020/pieces/mouse/mouse_enabled.lock
[Tue Jun  9 18:23:33 2026] State updated: idx=1, windows=8, minimized=0
[Tue Jun  9 18:23:33 2026] Wraith-Alpha Manager starting in /home/no/Desktop/🤖️🪤️🏠️/🗓️📆️👩🏻‍💻️/jun-8/xer/wraith-surgical-01.09+10%/wraith-surgical-01.09/1.TPMOS_c_+rmmp.0102.0020
[Tue Jun  9 18:23:33 2026] Input received: 13
[Tue Jun  9 18:23:33 2026] Command received: SET_ACTIVE:5
[Tue Jun  9 18:23:33 2026] Launch requested: opening Terminal #9
[Tue Jun  9 18:23:33 2026] State updated: idx=1, windows=9, minimized=0
[Tue Jun  9 18:23:34 2026] Command received: MOUSE_MOVE 35 63 16
[Tue Jun  9 18:23:34 2026] Mouse updated: btn=35 x=63 y=16
[Tue Jun  9 18:23:34 2026] State updated: idx=1, windows=9, minimized=0
[Tue Jun  9 18:23:35 2026] Command received: MOUSE_MOVE 35 59 20
[Tue Jun  9 18:23:35 2026] Mouse updated: btn=35 x=59 y=20
[Tue Jun  9 18:23:35 2026] State updated: idx=1, windows=9, minimized=0
[Tue Jun  9 18:23:35 2026] Command received: MOUSE_MOVE 35 54 23
[Tue Jun  9 18:23:35 2026] Mouse updated: btn=35 x=54 y=23
[Tue Jun  9 18:23:35 2026] State updated: idx=1, windows=9, minimized=0
[Tue Jun  9 18:23:35 2026] Command received: MOUSE_MOVE 35 53 24
[Tue Jun  9 18:23:35 2026] Mouse updated: btn=35 x=53 y=24
[Tue Jun  9 18:23:35 2026] State updated: idx=1, windows=9, minimized=0
[Tue Jun  9 18:23:35 2026] Command received: MOUSE_MOVE 35 52 25
[Tue Jun  9 18:23:35 2026] Mouse updated: btn=35 x=52 y=25
[Tue Jun  9 18:23:35 2026] State updated: idx=1, windows=9, minimized=0
[Tue Jun  9 18:23:35 2026] Command received: MOUSE_MOVE 35 51 25
[Tue Jun  9 18:23:35 2026] Mouse updated: btn=35 x=51 y=25
[Tue Jun  9 18:23:35 2026] State updated: idx=1, windows=9, minimized=0
[Tue Jun  9 18:23:35 2026] Command received: MOUSE_MOVE 35 50 25
[Tue Jun  9 18:23:35 2026] Mouse updated: btn=35 x=50 y=25
[Tue Jun  9 18:23:35 2026] State updated: idx=1, windows=9, minimized=0
[Tue Jun  9 18:23:35 2026] Command received: MOUSE_MOVE 35 49 24
[Tue Jun  9 18:23:35 2026] Mouse updated: btn=35 x=49 y=24
[Tue Jun  9 18:23:35 2026] State updated: idx=1, windows=9, minimized=0
[Tue Jun  9 18:23:35 2026] Command received: MOUSE_MOVE 35 49 23
[Tue Jun  9 18:23:35 2026] Mouse updated: btn=35 x=49 y=23
[Tue Jun  9 18:23:35 2026] State updated: idx=1, windows=9, minimized=0
[Tue Jun  9 18:23:35 2026] Command received: MOUSE_MOVE 35 51 21
[Tue Jun  9 18:23:35 2026] Mouse updated: btn=35 x=51 y=21
[Tue Jun  9 18:23:35 2026] State updated: idx=1, windows=9, minimized=0
[Tue Jun  9 18:23:35 2026] Command received: MOUSE_MOVE 35 51 20
[Tue Jun  9 18:23:35 2026] Mouse updated: btn=35 x=51 y=20
[Tue Jun  9 18:23:35 2026] State updated: idx=1, windows=9, minimized=0
[Tue Jun  9 18:23:35 2026] Command received: MOUSE_MOVE 35 52 19
[Tue Jun  9 18:23:35 2026] Mouse updated: btn=35 x=52 y=19
[Tue Jun  9 18:23:35 2026] State updated: idx=1, windows=9, minimized=0
[Tue Jun  9 18:23:35 2026] Command received: MOUSE_MOVE 35 53 19
[Tue Jun  9 18:23:35 2026] Mouse updated: btn=35 x=53 y=19
[Tue Jun  9 18:23:35 2026] State updated: idx=1, windows=9, minimized=0
[Tue Jun  9 18:23:35 2026] Command received: MOUSE_MOVE 35 53 20
[Tue Jun  9 18:23:35 2026] Mouse updated: btn=35 x=53 y=20
[Tue Jun  9 18:23:35 2026] State updated: idx=1, windows=9, minimized=0
[Tue Jun  9 18:23:35 2026] Command received: MOUSE_MOVE 35 52 21
[Tue Jun  9 18:23:35 2026] Mouse updated: btn=35 x=52 y=21
[Tue Jun  9 18:23:35 2026] State updated: idx=1, windows=9, minimized=0
[Tue Jun  9 18:23:35 2026] Command received: MOUSE_MOVE 35 52 22
[Tue Jun  9 18:23:35 2026] Mouse updated: btn=35 x=52 y=22
[Tue Jun  9 18:23:35 2026] State updated: idx=1, windows=9, minimized=0
[Tue Jun  9 18:23:35 2026] Command received: MOUSE_MOVE 35 52 23
[Tue Jun  9 18:23:35 2026] Mouse updated: btn=35 x=52 y=23
[Tue Jun  9 18:23:35 2026] State updated: idx=1, windows=9, minimized=0
[Tue Jun  9 18:23:35 2026] Command received: MOUSE_MOVE 35 53 22
[Tue Jun  9 18:23:35 2026] Mouse updated: btn=35 x=53 y=22
[Tue Jun  9 18:23:35 2026] State updated: idx=1, windows=9, minimized=0
[Tue Jun  9 18:23:35 2026] Command received: MOUSE_MOVE 35 55 22
[Tue Jun  9 18:23:35 2026] Mouse updated: btn=35 x=55 y=22
[Tue Jun  9 18:23:35 2026] State updated: idx=1, windows=9, minimized=0
[Tue Jun  9 18:23:35 2026] Command received: MOUSE_MOVE 35 57 21
[Tue Jun  9 18:23:35 2026] Mouse updated: btn=35 x=57 y=21
[Tue Jun  9 18:23:35 2026] State updated: idx=1, windows=9, minimized=0
[Tue Jun  9 18:23:35 2026] Command received: MOUSE_MOVE 35 57 22
[Tue Jun  9 18:23:35 2026] Mouse updated: btn=35 x=57 y=22
[Tue Jun  9 18:23:35 2026] State updated: idx=1, windows=9, minimized=0
[Tue Jun  9 18:23:35 2026] Command received: MOUSE_MOVE 35 57 23
[Tue Jun  9 18:23:35 2026] Mouse updated: btn=35 x=57 y=23
[Tue Jun  9 18:23:35 2026] State updated: idx=1, windows=9, minimized=0
[Tue Jun  9 18:23:35 2026] Command received: MOUSE_MOVE 35 58 23
[Tue Jun  9 18:23:35 2026] Mouse updated: btn=35 x=58 y=23
[Tue Jun  9 18:23:35 2026] State updated: idx=1, windows=9, minimized=0
[Tue Jun  9 18:23:35 2026] Command received: MOUSE_MOVE 35 59 23
[Tue Jun  9 18:23:35 2026] Mouse updated: btn=35 x=59 y=23
[Tue Jun  9 18:23:35 2026] State updated: idx=1, windows=9, minimized=0
[Tue Jun  9 18:23:35 2026] Command received: MOUSE_MOVE 35 60 22
[Tue Jun  9 18:23:35 2026] Mouse updated: btn=35 x=60 y=22
[Tue Jun  9 18:23:35 2026] State updated: idx=1, windows=9, minimized=0
[Tue Jun  9 18:23:36 2026] Wraith-Alpha Manager shutting down.
[Tue Jun  9 18:37:51 2026] Mouse mode requested via /home/no/Desktop/🤖️🪤️🏠️/🗓️📆️👩🏻‍💻️/jun-9/wraith-surgical-01.09%+1/1.TPMOS_c_+rmmp.0102.0020/pieces/mouse/mouse_enabled.lock
[Tue Jun  9 18:37:51 2026] State updated: idx=1, windows=9, minimized=0
[Tue Jun  9 18:37:51 2026] Wraith-Alpha Manager starting in /home/no/Desktop/🤖️🪤️🏠️/🗓️📆️👩🏻‍💻️/jun-9/wraith-surgical-01.09%+1/1.TPMOS_c_+rmmp.0102.0020
[Tue Jun  9 18:37:52 2026] Input received: 13
[Tue Jun  9 18:37:52 2026] Command received: SET_ACTIVE:5
[Tue Jun  9 18:37:52 2026] Launch requested: opening Terminal #10
[Tue Jun  9 18:37:52 2026] State updated: idx=1, windows=10, minimized=0
[Tue Jun  9 18:37:54 2026] Command received: MOUSE_MOVE 35 54 2
[Tue Jun  9 18:37:54 2026] Mouse updated: btn=35 x=54 y=2
[Tue Jun  9 18:37:54 2026] State updated: idx=1, windows=10, minimized=0
[Tue Jun  9 18:37:54 2026] Command received: MOUSE_MOVE 35 55 2
[Tue Jun  9 18:37:54 2026] Mouse updated: btn=35 x=55 y=2
[Tue Jun  9 18:37:54 2026] State updated: idx=1, windows=10, minimized=0
[Tue Jun  9 18:37:54 2026] Command received: MOUSE_MOVE 35 55 3
[Tue Jun  9 18:37:54 2026] Mouse updated: btn=35 x=55 y=3
[Tue Jun  9 18:37:54 2026] State updated: idx=1, windows=10, minimized=0
[Tue Jun  9 18:37:54 2026] Command received: MOUSE_MOVE 35 55 4
[Tue Jun  9 18:37:54 2026] Mouse updated: btn=35 x=55 y=4
[Tue Jun  9 18:37:54 2026] State updated: idx=1, windows=10, minimized=0
[Tue Jun  9 18:37:54 2026] Command received: MOUSE_MOVE 35 56 5
[Tue Jun  9 18:37:54 2026] Mouse updated: btn=35 x=56 y=5
[Tue Jun  9 18:37:54 2026] State updated: idx=1, windows=10, minimized=0
[Tue Jun  9 18:37:54 2026] Command received: MOUSE_MOVE 35 57 6
[Tue Jun  9 18:37:54 2026] Mouse updated: btn=35 x=57 y=6
[Tue Jun  9 18:37:54 2026] State updated: idx=1, windows=10, minimized=0
[Tue Jun  9 18:37:54 2026] Command received: MOUSE_MOVE 35 58 7
[Tue Jun  9 18:37:54 2026] Mouse updated: btn=35 x=58 y=7
[Tue Jun  9 18:37:54 2026] State updated: idx=1, windows=10, minimized=0
[Tue Jun  9 18:37:54 2026] Command received: MOUSE_MOVE 35 58 8
[Tue Jun  9 18:37:54 2026] Mouse updated: btn=35 x=58 y=8
[Tue Jun  9 18:37:54 2026] State updated: idx=1, windows=10, minimized=0
[Tue Jun  9 18:37:54 2026] Command received: MOUSE_MOVE 35 59 9
[Tue Jun  9 18:37:54 2026] Mouse updated: btn=35 x=59 y=9
[Tue Jun  9 18:37:54 2026] State updated: idx=1, windows=10, minimized=0
[Tue Jun  9 18:37:54 2026] Command received: MOUSE_MOVE 35 58 10
[Tue Jun  9 18:37:54 2026] Mouse updated: btn=35 x=58 y=10
[Tue Jun  9 18:37:54 2026] State updated: idx=1, windows=10, minimized=0
[Tue Jun  9 18:37:54 2026] Command received: MOUSE_MOVE 35 57 10
[Tue Jun  9 18:37:54 2026] Mouse updated: btn=35 x=57 y=10
[Tue Jun  9 18:37:54 2026] State updated: idx=1, windows=10, minimized=0
[Tue Jun  9 18:37:54 2026] Command received: MOUSE_MOVE 35 54 11
[Tue Jun  9 18:37:54 2026] Mouse updated: btn=35 x=54 y=11
[Tue Jun  9 18:37:54 2026] State updated: idx=1, windows=10, minimized=0
[Tue Jun  9 18:37:54 2026] Command received: MOUSE_MOVE 35 52 12
[Tue Jun  9 18:37:54 2026] Mouse updated: btn=35 x=52 y=12
[Tue Jun  9 18:37:54 2026] State updated: idx=1, windows=10, minimized=0
[Tue Jun  9 18:37:54 2026] Command received: MOUSE_MOVE 35 50 12
[Tue Jun  9 18:37:54 2026] Mouse updated: btn=35 x=50 y=12
[Tue Jun  9 18:37:54 2026] State updated: idx=1, windows=10, minimized=0
[Tue Jun  9 18:37:54 2026] Command received: MOUSE_MOVE 35 48 12
[Tue Jun  9 18:37:54 2026] Mouse updated: btn=35 x=48 y=12
[Tue Jun  9 18:37:54 2026] State updated: idx=1, windows=10, minimized=0
[Tue Jun  9 18:37:54 2026] Command received: MOUSE_MOVE 35 47 12
[Tue Jun  9 18:37:54 2026] Mouse updated: btn=35 x=47 y=12
[Tue Jun  9 18:37:54 2026] State updated: idx=1, windows=10, minimized=0
[Tue Jun  9 18:37:54 2026] Command received: MOUSE_MOVE 35 45 12
[Tue Jun  9 18:37:54 2026] Mouse updated: btn=35 x=45 y=12
[Tue Jun  9 18:37:54 2026] State updated: idx=1, windows=10, minimized=0
[Tue Jun  9 18:37:54 2026] Command received: MOUSE_MOVE 35 44 11
[Tue Jun  9 18:37:54 2026] Mouse updated: btn=35 x=44 y=11
[Tue Jun  9 18:37:54 2026] State updated: idx=1, windows=10, minimized=0
[Tue Jun  9 18:37:54 2026] Command received: MOUSE_MOVE 35 43 11
[Tue Jun  9 18:37:54 2026] Mouse updated: btn=35 x=43 y=11
[Tue Jun  9 18:37:54 2026] State updated: idx=1, windows=10, minimized=0
[Tue Jun  9 18:37:54 2026] Command received: MOUSE_MOVE 35 41 10
[Tue Jun  9 18:37:54 2026] Mouse updated: btn=35 x=41 y=10
[Tue Jun  9 18:37:54 2026] State updated: idx=1, windows=10, minimized=0
[Tue Jun  9 18:37:54 2026] Command received: MOUSE_MOVE 35 40 9
[Tue Jun  9 18:37:54 2026] Mouse updated: btn=35 x=40 y=9
[Tue Jun  9 18:37:54 2026] State updated: idx=1, windows=10, minimized=0
[Tue Jun  9 18:37:54 2026] Command received: MOUSE_MOVE 35 40 8
[Tue Jun  9 18:37:54 2026] Mouse updated: btn=35 x=40 y=8
[Tue Jun  9 18:37:54 2026] State updated: idx=1, windows=10, minimized=0
[Tue Jun  9 18:37:54 2026] Command received: MOUSE_MOVE 35 40 7
[Tue Jun  9 18:37:54 2026] Mouse updated: btn=35 x=40 y=7
[Tue Jun  9 18:37:54 2026] State updated: idx=1, windows=10, minimized=0
[Tue Jun  9 18:37:54 2026] Command received: MOUSE_MOVE 35 40 6
[Tue Jun  9 18:37:54 2026] Mouse updated: btn=35 x=40 y=6
[Tue Jun  9 18:37:54 2026] State updated: idx=1, windows=10, minimized=0
[Tue Jun  9 18:37:54 2026] Command received: MOUSE_MOVE 35 41 7
[Tue Jun  9 18:37:54 2026] Mouse updated: btn=35 x=41 y=7
[Tue Jun  9 18:37:54 2026] State updated: idx=1, windows=10, minimized=0
[Tue Jun  9 18:37:54 2026] Command received: MOUSE_MOVE 35 42 8
[Tue Jun  9 18:37:54 2026] Mouse updated: btn=35 x=42 y=8
[Tue Jun  9 18:37:54 2026] State updated: idx=1, windows=10, minimized=0
[Tue Jun  9 18:37:54 2026] Command received: MOUSE_MOVE 35 43 9
[Tue Jun  9 18:37:54 2026] Mouse updated: btn=35 x=43 y=9
[Tue Jun  9 18:37:54 2026] State updated: idx=1, windows=10, minimized=0
[Tue Jun  9 18:37:55 2026] Command received: MOUSE_MOVE 35 42 9
[Tue Jun  9 18:37:55 2026] Mouse updated: btn=35 x=42 y=9
[Tue Jun  9 18:37:55 2026] State updated: idx=1, windows=10, minimized=0
[Tue Jun  9 18:37:55 2026] Command received: MOUSE_MOVE 35 42 10
[Tue Jun  9 18:37:55 2026] Mouse updated: btn=35 x=42 y=10
[Tue Jun  9 18:37:55 2026] State updated: idx=1, windows=10, minimized=0
[Tue Jun  9 18:37:55 2026] Command received: MOUSE_MOVE 35 41 11
[Tue Jun  9 18:37:55 2026] Mouse updated: btn=35 x=41 y=11
[Tue Jun  9 18:37:55 2026] State updated: idx=1, windows=10, minimized=0
[Tue Jun  9 18:37:55 2026] Command received: MOUSE_MOVE 35 40 11
[Tue Jun  9 18:37:55 2026] Mouse updated: btn=35 x=40 y=11
[Tue Jun  9 18:37:55 2026] State updated: idx=1, windows=10, minimized=0
[Tue Jun  9 18:37:55 2026] Command received: MOUSE_MOVE 0 40 11
[Tue Jun  9 18:37:55 2026] Mouse updated: btn=0 x=40 y=11
[Tue Jun  9 18:37:55 2026] State updated: idx=1, windows=10, minimized=0
[Tue Jun  9 18:37:55 2026] Command received: MOUSE_MOVE 35 40 12
[Tue Jun  9 18:37:55 2026] Mouse updated: btn=35 x=40 y=12
[Tue Jun  9 18:37:55 2026] State updated: idx=1, windows=10, minimized=0
[Tue Jun  9 18:37:55 2026] Command received: MOUSE_MOVE 35 39 12
[Tue Jun  9 18:37:55 2026] Mouse updated: btn=35 x=39 y=12
[Tue Jun  9 18:37:55 2026] State updated: idx=1, windows=10, minimized=0
[Tue Jun  9 18:37:55 2026] Command received: MOUSE_MOVE 35 38 12
[Tue Jun  9 18:37:55 2026] Mouse updated: btn=35 x=38 y=12
[Tue Jun  9 18:37:55 2026] State updated: idx=1, windows=10, minimized=0
[Tue Jun  9 18:37:55 2026] Command received: MOUSE_MOVE 35 37 12
[Tue Jun  9 18:37:55 2026] Mouse updated: btn=35 x=37 y=12
[Tue Jun  9 18:37:55 2026] State updated: idx=1, windows=10, minimized=0
[Tue Jun  9 18:37:55 2026] Command received: MOUSE_MOVE 35 35 12
[Tue Jun  9 18:37:55 2026] Mouse updated: btn=35 x=35 y=12
[Tue Jun  9 18:37:55 2026] State updated: idx=1, windows=10, minimized=0
[Tue Jun  9 18:37:55 2026] Command received: MOUSE_MOVE 35 34 12
[Tue Jun  9 18:37:55 2026] Mouse updated: btn=35 x=34 y=12
[Tue Jun  9 18:37:55 2026] State updated: idx=1, windows=10, minimized=0
[Tue Jun  9 18:37:55 2026] Command received: MOUSE_MOVE 35 33 12
[Tue Jun  9 18:37:55 2026] Mouse updated: btn=35 x=33 y=12
[Tue Jun  9 18:37:55 2026] State updated: idx=1, windows=10, minimized=0
[Tue Jun  9 18:37:55 2026] Command received: MOUSE_MOVE 35 31 12
[Tue Jun  9 18:37:55 2026] Mouse updated: btn=35 x=31 y=12
[Tue Jun  9 18:37:55 2026] State updated: idx=1, windows=10, minimized=0
[Tue Jun  9 18:37:55 2026] Command received: MOUSE_MOVE 35 30 12
[Tue Jun  9 18:37:55 2026] Mouse updated: btn=35 x=30 y=12
[Tue Jun  9 18:37:55 2026] State updated: idx=1, windows=10, minimized=0
[Tue Jun  9 18:37:56 2026] Wraith-Alpha Manager shutting down.
[Tue Jun  9 18:46:14 2026] Mouse mode requested via /home/no/Desktop/🤖️🪤️🏠️/🗓️📆️👩🏻‍💻️/jun-9/wraith-surgical-01.09%+1/1.TPMOS_c_+rmmp.0102.0020/pieces/mouse/mouse_enabled.lock
[Tue Jun  9 18:46:14 2026] State updated: idx=1, windows=10, minimized=0
[Tue Jun  9 18:46:14 2026] Wraith-Alpha Manager starting in /home/no/Desktop/🤖️🪤️🏠️/🗓️📆️👩🏻‍💻️/jun-9/wraith-surgical-01.09%+1/1.TPMOS_c_+rmmp.0102.0020
[Tue Jun  9 18:46:15 2026] Input received: 13
[Tue Jun  9 18:46:15 2026] Command received: SET_ACTIVE:5
[Tue Jun  9 18:46:15 2026] Launch ignored: registry full (10 windows)
[Tue Jun  9 18:46:15 2026] State updated: idx=1, windows=10, minimized=0
[Tue Jun  9 18:46:19 2026] Command received: MOUSE_MOVE 35 62 22
[Tue Jun  9 18:46:19 2026] Mouse updated: btn=35 x=62 y=22
[Tue Jun  9 18:46:19 2026] State updated: idx=1, windows=10, minimized=0
[Tue Jun  9 18:46:19 2026] Command received: MOUSE_MOVE 35 58 22
[Tue Jun  9 18:46:19 2026] Mouse updated: btn=35 x=58 y=22
[Tue Jun  9 18:46:19 2026] State updated: idx=1, windows=10, minimized=0
[Tue Jun  9 18:46:19 2026] Command received: MOUSE_MOVE 35 53 23
[Tue Jun  9 18:46:19 2026] Mouse updated: btn=35 x=53 y=23
[Tue Jun  9 18:46:19 2026] State updated: idx=1, windows=10, minimized=0
[Tue Jun  9 18:46:19 2026] Command received: MOUSE_MOVE 35 47 24
[Tue Jun  9 18:46:19 2026] Mouse updated: btn=35 x=47 y=24
[Tue Jun  9 18:46:19 2026] State updated: idx=1, windows=10, minimized=0
[Tue Jun  9 18:46:19 2026] Command received: MOUSE_MOVE 35 44 25
[Tue Jun  9 18:46:19 2026] Mouse updated: btn=35 x=44 y=25
[Tue Jun  9 18:46:19 2026] State updated: idx=1, windows=10, minimized=0
[Tue Jun  9 18:46:19 2026] Command received: MOUSE_MOVE 35 42 26
[Tue Jun  9 18:46:19 2026] Mouse updated: btn=35 x=42 y=26
[Tue Jun  9 18:46:19 2026] State updated: idx=1, windows=10, minimized=0
[Tue Jun  9 18:46:19 2026] Command received: MOUSE_MOVE 35 41 26
[Tue Jun  9 18:46:19 2026] Mouse updated: btn=35 x=41 y=26
[Tue Jun  9 18:46:19 2026] State updated: idx=1, windows=10, minimized=0
[Tue Jun  9 18:46:19 2026] Command received: MOUSE_MOVE 35 41 27
[Tue Jun  9 18:46:19 2026] Mouse updated: btn=35 x=41 y=27
[Tue Jun  9 18:46:19 2026] State updated: idx=1, windows=10, minimized=0
[Tue Jun  9 18:46:19 2026] Command received: MOUSE_MOVE 35 41 28
[Tue Jun  9 18:46:19 2026] Mouse updated: btn=35 x=41 y=28
[Tue Jun  9 18:46:19 2026] State updated: idx=1, windows=10, minimized=0
[Tue Jun  9 18:46:19 2026] Command received: MOUSE_MOVE 35 40 28
[Tue Jun  9 18:46:19 2026] Mouse updated: btn=35 x=40 y=28
[Tue Jun  9 18:46:19 2026] State updated: idx=1, windows=10, minimized=0
[Tue Jun  9 18:46:19 2026] Command received: MOUSE_MOVE 35 37 29
[Tue Jun  9 18:46:19 2026] Mouse updated: btn=35 x=37 y=29
[Tue Jun  9 18:46:19 2026] State updated: idx=1, windows=10, minimized=0
[Tue Jun  9 18:46:19 2026] Command received: MOUSE_MOVE 35 32 30
[Tue Jun  9 18:46:19 2026] Mouse updated: btn=35 x=32 y=30
[Tue Jun  9 18:46:19 2026] State updated: idx=1, windows=10, minimized=0
[Tue Jun  9 18:46:19 2026] Command received: MOUSE_MOVE 35 26 31
[Tue Jun  9 18:46:19 2026] Mouse updated: btn=35 x=26 y=31
[Tue Jun  9 18:46:19 2026] State updated: idx=1, windows=10, minimized=0
[Tue Jun  9 18:46:19 2026] Command received: MOUSE_MOVE 35 22 31
[Tue Jun  9 18:46:19 2026] Mouse updated: btn=35 x=22 y=31
[Tue Jun  9 18:46:19 2026] State updated: idx=1, windows=10, minimized=0
[Tue Jun  9 18:46:19 2026] Command received: MOUSE_MOVE 35 17 31
[Tue Jun  9 18:46:19 2026] Mouse updated: btn=35 x=17 y=31
[Tue Jun  9 18:46:19 2026] State updated: idx=1, windows=10, minimized=0
[Tue Jun  9 18:46:19 2026] Command received: MOUSE_MOVE 35 14 32
[Tue Jun  9 18:46:19 2026] Mouse updated: btn=35 x=14 y=32
[Tue Jun  9 18:46:19 2026] State updated: idx=1, windows=10, minimized=0
[Tue Jun  9 18:46:20 2026] Command received: MOUSE_MOVE 35 13 32
[Tue Jun  9 18:46:20 2026] Mouse updated: btn=35 x=13 y=32
[Tue Jun  9 18:46:20 2026] State updated: idx=1, windows=10, minimized=0
[Tue Jun  9 18:46:20 2026] Command received: MOUSE_MOVE 35 12 32
[Tue Jun  9 18:46:20 2026] Mouse updated: btn=35 x=12 y=32
[Tue Jun  9 18:46:20 2026] State updated: idx=1, windows=10, minimized=0
[Tue Jun  9 18:46:20 2026] Command received: MOUSE_MOVE 35 12 31
[Tue Jun  9 18:46:20 2026] Mouse updated: btn=35 x=12 y=31
[Tue Jun  9 18:46:20 2026] State updated: idx=1, windows=10, minimized=0
[Tue Jun  9 18:46:20 2026] Command received: MOUSE_MOVE 0 12 31
[Tue Jun  9 18:46:20 2026] Mouse updated: btn=0 x=12 y=31
[Tue Jun  9 18:46:20 2026] State updated: idx=1, windows=10, minimized=0
[Tue Jun  9 18:46:20 2026] Command received: MOUSE_MOVE 32 12 30
[Tue Jun  9 18:46:20 2026] Mouse updated: btn=32 x=12 y=30
[Tue Jun  9 18:46:20 2026] State updated: idx=1, windows=10, minimized=0
[Tue Jun  9 18:46:20 2026] Command received: MOUSE_MOVE 32 12 27
[Tue Jun  9 18:46:20 2026] Mouse updated: btn=32 x=12 y=27
[Tue Jun  9 18:46:20 2026] State updated: idx=1, windows=10, minimized=0
[Tue Jun  9 18:46:20 2026] Command received: MOUSE_MOVE 32 13 21
[Tue Jun  9 18:46:20 2026] Mouse updated: btn=32 x=13 y=21
[Tue Jun  9 18:46:20 2026] State updated: idx=1, windows=10, minimized=0
[Tue Jun  9 18:46:20 2026] Command received: MOUSE_MOVE 32 15 14
[Tue Jun  9 18:46:20 2026] Mouse updated: btn=32 x=15 y=14
[Tue Jun  9 18:46:20 2026] State updated: idx=1, windows=10, minimized=0
[Tue Jun  9 18:46:20 2026] Command received: MOUSE_MOVE 32 15 11
[Tue Jun  9 18:46:20 2026] Mouse updated: btn=32 x=15 y=11
[Tue Jun  9 18:46:20 2026] State updated: idx=1, windows=10, minimized=0
[Tue Jun  9 18:46:20 2026] Command received: MOUSE_MOVE 32 15 9
[Tue Jun  9 18:46:20 2026] Mouse updated: btn=32 x=15 y=9
[Tue Jun  9 18:46:20 2026] State updated: idx=1, windows=10, minimized=0
[Tue Jun  9 18:46:21 2026] Command received: MOUSE_MOVE 32 15 6
[Tue Jun  9 18:46:21 2026] Mouse updated: btn=32 x=15 y=6
[Tue Jun  9 18:46:21 2026] State updated: idx=1, windows=10, minimized=0
[Tue Jun  9 18:46:21 2026] Command received: MOUSE_MOVE 32 17 5
[Tue Jun  9 18:46:21 2026] Mouse updated: btn=32 x=17 y=5
[Tue Jun  9 18:46:21 2026] State updated: idx=1, windows=10, minimized=0
[Tue Jun  9 18:46:21 2026] Command received: MOUSE_MOVE 32 18 3
[Tue Jun  9 18:46:21 2026] Mouse updated: btn=32 x=18 y=3
[Tue Jun  9 18:46:21 2026] State updated: idx=1, windows=10, minimized=0
[Tue Jun  9 18:46:21 2026] Command received: MOUSE_MOVE 32 19 3
[Tue Jun  9 18:46:21 2026] Mouse updated: btn=32 x=19 y=3
[Tue Jun  9 18:46:21 2026] State updated: idx=1, windows=10, minimized=0
[Tue Jun  9 18:46:21 2026] Command received: MOUSE_MOVE 32 19 2
[Tue Jun  9 18:46:21 2026] Mouse updated: btn=32 x=19 y=2
[Tue Jun  9 18:46:21 2026] State updated: idx=1, windows=10, minimized=0
[Tue Jun  9 18:46:21 2026] Command received: MOUSE_MOVE 32 19 3
[Tue Jun  9 18:46:21 2026] Mouse updated: btn=32 x=19 y=3
[Tue Jun  9 18:46:21 2026] State updated: idx=1, windows=10, minimized=0
[Tue Jun  9 18:46:21 2026] Command received: MOUSE_MOVE 32 19 4
[Tue Jun  9 18:46:21 2026] Mouse updated: btn=32 x=19 y=4
[Tue Jun  9 18:46:21 2026] State updated: idx=1, windows=10, minimized=0
[Tue Jun  9 18:46:21 2026] Command received: MOUSE_MOVE 32 19 5
[Tue Jun  9 18:46:21 2026] Mouse updated: btn=32 x=19 y=5
[Tue Jun  9 18:46:21 2026] State updated: idx=1, windows=10, minimized=0
[Tue Jun  9 18:46:21 2026] Command received: MOUSE_MOVE 32 19 7
[Tue Jun  9 18:46:21 2026] Mouse updated: btn=32 x=19 y=7
[Tue Jun  9 18:46:21 2026] State updated: idx=1, windows=10, minimized=0
[Tue Jun  9 18:46:21 2026] Command received: MOUSE_MOVE 32 19 8
[Tue Jun  9 18:46:21 2026] Mouse updated: btn=32 x=19 y=8
[Tue Jun  9 18:46:21 2026] State updated: idx=1, windows=10, minimized=0
[Tue Jun  9 18:46:21 2026] Command received: MOUSE_MOVE 32 20 10
[Tue Jun  9 18:46:21 2026] Mouse updated: btn=32 x=20 y=10
[Tue Jun  9 18:46:21 2026] State updated: idx=1, windows=10, minimized=0
[Tue Jun  9 18:46:21 2026] Command received: MOUSE_MOVE 32 20 12
[Tue Jun  9 18:46:21 2026] Mouse updated: btn=32 x=20 y=12
[Tue Jun  9 18:46:21 2026] State updated: idx=1, windows=10, minimized=0
[Tue Jun  9 18:46:21 2026] Command received: MOUSE_MOVE 32 21 12
[Tue Jun  9 18:46:21 2026] Mouse updated: btn=32 x=21 y=12
[Tue Jun  9 18:46:21 2026] State updated: idx=1, windows=10, minimized=0
[Tue Jun  9 18:46:21 2026] Command received: MOUSE_MOVE 32 21 14
[Tue Jun  9 18:46:21 2026] Mouse updated: btn=32 x=21 y=14
[Tue Jun  9 18:46:21 2026] State updated: idx=1, windows=10, minimized=0
[Tue Jun  9 18:46:21 2026] Command received: MOUSE_MOVE 0 21 14
[Tue Jun  9 18:46:21 2026] Mouse updated: btn=0 x=21 y=14
[Tue Jun  9 18:46:21 2026] State updated: idx=1, windows=10, minimized=0
[Tue Jun  9 18:46:21 2026] Wraith-Alpha Manager shutting down.
[Tue Jun  9 18:52:06 2026] Mouse mode requested via /home/no/Desktop/🤖️🪤️🏠️/🗓️📆️👩🏻‍💻️/jun-9/wraith-surgical-01.09%+1/1.TPMOS_c_+rmmp.0102.0020/pieces/mouse/mouse_enabled.lock
[Tue Jun  9 18:52:06 2026] State updated: idx=1, windows=10, minimized=0
[Tue Jun  9 18:52:06 2026] Wraith-Alpha Manager starting in /home/no/Desktop/🤖️🪤️🏠️/🗓️📆️👩🏻‍💻️/jun-9/wraith-surgical-01.09%+1/1.TPMOS_c_+rmmp.0102.0020
[Tue Jun  9 18:52:08 2026] Input received: 13
[Tue Jun  9 18:52:08 2026] Command received: SET_ACTIVE:5
[Tue Jun  9 18:52:08 2026] Launch ignored: registry full (10 windows)
[Tue Jun  9 18:52:08 2026] State updated: idx=1, windows=10, minimized=0
[Tue Jun  9 18:52:09 2026] Input received: 13
[Tue Jun  9 18:52:09 2026] Command received: SET_ACTIVE:5
[Tue Jun  9 18:52:09 2026] Launch ignored: registry full (10 windows)
[Tue Jun  9 18:52:09 2026] State updated: idx=1, windows=10, minimized=0
[Tue Jun  9 18:52:09 2026] Command received: MOUSE_MOVE 35 44 11
[Tue Jun  9 18:52:09 2026] Mouse updated: btn=35 x=44 y=11
[Tue Jun  9 18:52:09 2026] State updated: idx=1, windows=10, minimized=0
[Tue Jun  9 18:52:09 2026] Command received: MOUSE_MOVE 35 42 11
[Tue Jun  9 18:52:09 2026] Mouse updated: btn=35 x=42 y=11
[Tue Jun  9 18:52:09 2026] State updated: idx=1, windows=10, minimized=0
[Tue Jun  9 18:52:09 2026] Command received: MOUSE_MOVE 35 39 12
[Tue Jun  9 18:52:09 2026] Mouse updated: btn=35 x=39 y=12
[Tue Jun  9 18:52:09 2026] State updated: idx=1, windows=10, minimized=0
[Tue Jun  9 18:52:09 2026] Command received: MOUSE_MOVE 35 38 12
[Tue Jun  9 18:52:09 2026] Mouse updated: btn=35 x=38 y=12
[Tue Jun  9 18:52:09 2026] State updated: idx=1, windows=10, minimized=0
[Tue Jun  9 18:52:09 2026] Command received: MOUSE_MOVE 35 37 12
[Tue Jun  9 18:52:09 2026] Mouse updated: btn=35 x=37 y=12
[Tue Jun  9 18:52:09 2026] State updated: idx=1, windows=10, minimized=0
[Tue Jun  9 18:52:09 2026] Command received: MOUSE_MOVE 35 36 12
[Tue Jun  9 18:52:09 2026] Mouse updated: btn=35 x=36 y=12
[Tue Jun  9 18:52:09 2026] State updated: idx=1, windows=10, minimized=0
[Tue Jun  9 18:52:10 2026] Command received: MOUSE_MOVE 51 36 12
[Tue Jun  9 18:52:10 2026] Mouse updated: btn=51 x=36 y=12
[Tue Jun  9 18:52:10 2026] State updated: idx=1, windows=10, minimized=0
[Tue Jun  9 18:52:10 2026] Wraith-Alpha Manager shutting down.
[Tue Jun  9 18:52:59 2026] Mouse mode requested via /home/no/Desktop/🤖️🪤️🏠️/🗓️📆️👩🏻‍💻️/jun-9/wraith-surgical-01.09%+1/1.TPMOS_c_+rmmp.0102.0020/pieces/mouse/mouse_enabled.lock
[Tue Jun  9 18:52:59 2026] State updated: idx=1, windows=10, minimized=0
[Tue Jun  9 18:52:59 2026] Wraith-Alpha Manager starting in /home/no/Desktop/🤖️🪤️🏠️/🗓️📆️👩🏻‍💻️/jun-9/wraith-surgical-01.09%+1/1.TPMOS_c_+rmmp.0102.0020
[Tue Jun  9 18:52:59 2026] Command received: MOUSE_MOVE 35 57 1
[Tue Jun  9 18:52:59 2026] Mouse updated: btn=35 x=57 y=1
[Tue Jun  9 18:52:59 2026] State updated: idx=1, windows=10, minimized=0
[Tue Jun  9 18:52:59 2026] Command received: MOUSE_MOVE 35 58 2
[Tue Jun  9 18:52:59 2026] Mouse updated: btn=35 x=58 y=2
[Tue Jun  9 18:52:59 2026] State updated: idx=1, windows=10, minimized=0
[Tue Jun  9 18:52:59 2026] Command received: MOUSE_MOVE 35 59 3
[Tue Jun  9 18:52:59 2026] Mouse updated: btn=35 x=59 y=3
[Tue Jun  9 18:52:59 2026] State updated: idx=1, windows=10, minimized=0
[Tue Jun  9 18:52:59 2026] Command received: MOUSE_MOVE 35 60 4
[Tue Jun  9 18:52:59 2026] Mouse updated: btn=35 x=60 y=4
[Tue Jun  9 18:52:59 2026] State updated: idx=1, windows=10, minimized=0
[Tue Jun  9 18:53:00 2026] Command received: MOUSE_MOVE 35 60 5
[Tue Jun  9 18:53:00 2026] Mouse updated: btn=35 x=60 y=5
[Tue Jun  9 18:53:00 2026] State updated: idx=1, windows=10, minimized=0
[Tue Jun  9 18:53:00 2026] Command received: MOUSE_MOVE 35 61 5
[Tue Jun  9 18:53:00 2026] Mouse updated: btn=35 x=61 y=5
[Tue Jun  9 18:53:00 2026] State updated: idx=1, windows=10, minimized=0
[Tue Jun  9 18:53:00 2026] Command received: MOUSE_MOVE 35 62 4
[Tue Jun  9 18:53:00 2026] Mouse updated: btn=35 x=62 y=4
[Tue Jun  9 18:53:00 2026] State updated: idx=1, windows=10, minimized=0
[Tue Jun  9 18:53:00 2026] Command received: MOUSE_MOVE 35 63 4
[Tue Jun  9 18:53:00 2026] Mouse updated: btn=35 x=63 y=4
[Tue Jun  9 18:53:00 2026] State updated: idx=1, windows=10, minimized=0
[Tue Jun  9 18:53:00 2026] Command received: MOUSE_MOVE 35 63 3
[Tue Jun  9 18:53:00 2026] Mouse updated: btn=35 x=63 y=3
[Tue Jun  9 18:53:00 2026] State updated: idx=1, windows=10, minimized=0
[Tue Jun  9 18:53:00 2026] Command received: MOUSE_MOVE 35 64 2
[Tue Jun  9 18:53:00 2026] Mouse updated: btn=35 x=64 y=2
[Tue Jun  9 18:53:00 2026] State updated: idx=1, windows=10, minimized=0
[Tue Jun  9 18:53:00 2026] Command received: MOUSE_MOVE 35 65 1
[Tue Jun  9 18:53:00 2026] Mouse updated: btn=35 x=65 y=1
[Tue Jun  9 18:53:00 2026] State updated: idx=1, windows=10, minimized=0
[Tue Jun  9 18:53:01 2026] Input received: 13
[Tue Jun  9 18:53:01 2026] Command received: SET_ACTIVE:5
[Tue Jun  9 18:53:01 2026] Launch ignored: registry full (10 windows)
[Tue Jun  9 18:53:01 2026] State updated: idx=1, windows=10, minimized=0
[Tue Jun  9 18:53:02 2026] Command received: MOUSE_MOVE 35 56 1
[Tue Jun  9 18:53:02 2026] Mouse updated: btn=35 x=56 y=1
[Tue Jun  9 18:53:02 2026] State updated: idx=1, windows=10, minimized=0
[Tue Jun  9 18:53:02 2026] Command received: MOUSE_MOVE 35 56 2
[Tue Jun  9 18:53:02 2026] Mouse updated: btn=35 x=56 y=2
[Tue Jun  9 18:53:02 2026] State updated: idx=1, windows=10, minimized=0
[Tue Jun  9 18:53:02 2026] Command received: MOUSE_MOVE 35 56 3
[Tue Jun  9 18:53:02 2026] Mouse updated: btn=35 x=56 y=3
[Tue Jun  9 18:53:02 2026] State updated: idx=1, windows=10, minimized=0
[Tue Jun  9 18:53:02 2026] Command received: MOUSE_MOVE 35 55 5
[Tue Jun  9 18:53:02 2026] Mouse updated: btn=35 x=55 y=5
[Tue Jun  9 18:53:02 2026] State updated: idx=1, windows=10, minimized=0
[Tue Jun  9 18:53:02 2026] Command received: MOUSE_MOVE 35 54 6
[Tue Jun  9 18:53:02 2026] Mouse updated: btn=35 x=54 y=6
[Tue Jun  9 18:53:02 2026] State updated: idx=1, windows=10, minimized=0
[Tue Jun  9 18:53:02 2026] Command received: MOUSE_MOVE 35 54 8
[Tue Jun  9 18:53:02 2026] Mouse updated: btn=35 x=54 y=8
[Tue Jun  9 18:53:02 2026] State updated: idx=1, windows=10, minimized=0
[Tue Jun  9 18:53:02 2026] Command received: MOUSE_MOVE 35 53 10
[Tue Jun  9 18:53:02 2026] Mouse updated: btn=35 x=53 y=10
[Tue Jun  9 18:53:02 2026] State updated: idx=1, windows=10, minimized=0
[Tue Jun  9 18:53:02 2026] Command received: MOUSE_MOVE 35 52 11
[Tue Jun  9 18:53:02 2026] Mouse updated: btn=35 x=52 y=11
[Tue Jun  9 18:53:02 2026] State updated: idx=1, windows=10, minimized=0
[Tue Jun  9 18:53:02 2026] Command received: MOUSE_MOVE 35 52 13
[Tue Jun  9 18:53:02 2026] Mouse updated: btn=35 x=52 y=13
[Tue Jun  9 18:53:02 2026] State updated: idx=1, windows=10, minimized=0
[Tue Jun  9 18:53:02 2026] Command received: MOUSE_MOVE 35 51 15
[Tue Jun  9 18:53:02 2026] Mouse updated: btn=35 x=51 y=15
[Tue Jun  9 18:53:02 2026] State updated: idx=1, windows=10, minimized=0
[Tue Jun  9 18:53:02 2026] Command received: MOUSE_MOVE 35 49 16
[Tue Jun  9 18:53:02 2026] Mouse updated: btn=35 x=49 y=16
[Tue Jun  9 18:53:02 2026] State updated: idx=1, windows=10, minimized=0
[Tue Jun  9 18:53:02 2026] Command received: MOUSE_MOVE 35 49 17
[Tue Jun  9 18:53:02 2026] Mouse updated: btn=35 x=49 y=17
[Tue Jun  9 18:53:02 2026] State updated: idx=1, windows=10, minimized=0
[Tue Jun  9 18:53:02 2026] Command received: MOUSE_MOVE 35 48 18
[Tue Jun  9 18:53:02 2026] Mouse updated: btn=35 x=48 y=18
[Tue Jun  9 18:53:02 2026] State updated: idx=1, windows=10, minimized=0
[Tue Jun  9 18:53:03 2026] Command received: MOUSE_MOVE 0 48 18
[Tue Jun  9 18:53:03 2026] Mouse updated: btn=0 x=48 y=18
[Tue Jun  9 18:53:03 2026] State updated: idx=1, windows=10, minimized=0
[Tue Jun  9 18:53:03 2026] Input received: 13
[Tue Jun  9 18:53:03 2026] Command received: SET_ACTIVE:5
[Tue Jun  9 18:53:03 2026] Launch ignored: registry full (10 windows)
[Tue Jun  9 18:53:03 2026] State updated: idx=1, windows=10, minimized=0
[Tue Jun  9 18:53:04 2026] Command received: MOUSE_MOVE 35 47 18
[Tue Jun  9 18:53:04 2026] Mouse updated: btn=35 x=47 y=18
[Tue Jun  9 18:53:04 2026] State updated: idx=1, windows=10, minimized=0
[Tue Jun  9 18:53:04 2026] Command received: MOUSE_MOVE 35 46 19
[Tue Jun  9 18:53:04 2026] Mouse updated: btn=35 x=46 y=19
[Tue Jun  9 18:53:04 2026] State updated: idx=1, windows=10, minimized=0
[Tue Jun  9 18:53:04 2026] Command received: MOUSE_MOVE 35 45 19
[Tue Jun  9 18:53:04 2026] Mouse updated: btn=35 x=45 y=19
[Tue Jun  9 18:53:04 2026] State updated: idx=1, windows=10, minimized=0
[Tue Jun  9 18:53:04 2026] Command received: MOUSE_MOVE 35 44 20
[Tue Jun  9 18:53:04 2026] Mouse updated: btn=35 x=44 y=20
[Tue Jun  9 18:53:04 2026] State updated: idx=1, windows=10, minimized=0
[Tue Jun  9 18:53:04 2026] Command received: MOUSE_MOVE 35 43 20
[Tue Jun  9 18:53:04 2026] Mouse updated: btn=35 x=43 y=20
[Tue Jun  9 18:53:04 2026] State updated: idx=1, windows=10, minimized=0
[Tue Jun  9 18:53:05 2026] Wraith-Alpha Manager shutting down.
[Tue Jun  9 18:56:46 2026] Mouse mode requested via /home/no/Desktop/🤖️🪤️🏠️/🗓️📆️👩🏻‍💻️/jun-9/wraith-surgical-01.09%+1/1.TPMOS_c_+rmmp.0102.0020/pieces/mouse/mouse_enabled.lock
[Tue Jun  9 18:56:46 2026] State updated: idx=1, windows=10, minimized=0
[Tue Jun  9 18:56:46 2026] Wraith-Alpha Manager starting in /home/no/Desktop/🤖️🪤️🏠️/🗓️📆️👩🏻‍💻️/jun-9/wraith-surgical-01.09%+1/1.TPMOS_c_+rmmp.0102.0020
[Tue Jun  9 18:56:47 2026] Command received: MOUSE_MOVE 35 57 6
[Tue Jun  9 18:56:47 2026] Mouse updated: btn=35 x=57 y=6
[Tue Jun  9 18:56:47 2026] State updated: idx=1, windows=10, minimized=0
[Tue Jun  9 18:56:47 2026] Command received: MOUSE_MOVE 35 57 7
[Tue Jun  9 18:56:47 2026] Mouse updated: btn=35 x=57 y=7
[Tue Jun  9 18:56:47 2026] State updated: idx=1, windows=10, minimized=0
[Tue Jun  9 18:56:47 2026] Command received: MOUSE_MOVE 35 58 8
[Tue Jun  9 18:56:47 2026] Mouse updated: btn=35 x=58 y=8
[Tue Jun  9 18:56:47 2026] State updated: idx=1, windows=10, minimized=0
[Tue Jun  9 18:56:47 2026] Command received: MOUSE_MOVE 35 58 9
[Tue Jun  9 18:56:47 2026] Mouse updated: btn=35 x=58 y=9
[Tue Jun  9 18:56:47 2026] State updated: idx=1, windows=10, minimized=0
[Tue Jun  9 18:56:47 2026] Command received: MOUSE_MOVE 35 58 10
[Tue Jun  9 18:56:47 2026] Mouse updated: btn=35 x=58 y=10
[Tue Jun  9 18:56:47 2026] State updated: idx=1, windows=10, minimized=0
[Tue Jun  9 18:56:47 2026] Command received: MOUSE_MOVE 35 59 10
[Tue Jun  9 18:56:47 2026] Mouse updated: btn=35 x=59 y=10
[Tue Jun  9 18:56:47 2026] State updated: idx=1, windows=10, minimized=0
[Tue Jun  9 18:56:48 2026] Command received: MOUSE_MOVE 35 59 11
[Tue Jun  9 18:56:48 2026] Mouse updated: btn=35 x=59 y=11
[Tue Jun  9 18:56:48 2026] State updated: idx=1, windows=10, minimized=0
[Tue Jun  9 18:56:48 2026] Command received: MOUSE_MOVE 35 60 11
[Tue Jun  9 18:56:48 2026] Mouse updated: btn=35 x=60 y=11
[Tue Jun  9 18:56:48 2026] State updated: idx=1, windows=10, minimized=0
[Tue Jun  9 18:56:48 2026] Command received: MOUSE_MOVE 0 60 11
[Tue Jun  9 18:56:48 2026] Mouse updated: btn=0 x=60 y=11
[Tue Jun  9 18:56:48 2026] State updated: idx=1, windows=10, minimized=0
[Tue Jun  9 18:56:48 2026] Input received: 13
[Tue Jun  9 18:56:48 2026] Command received: SET_ACTIVE:5
[Tue Jun  9 18:56:48 2026] Launch requested: opening Terminal #11
[Tue Jun  9 18:56:48 2026] State updated: idx=1, windows=11, minimized=0
[Tue Jun  9 18:56:49 2026] Input received: 13
[Tue Jun  9 18:56:49 2026] Command received: SET_ACTIVE:5
[Tue Jun  9 18:56:49 2026] Launch requested: opening Terminal #12
[Tue Jun  9 18:56:49 2026] State updated: idx=1, windows=12, minimized=1
[Tue Jun  9 18:56:51 2026] Input received: 54
[Tue Jun  9 18:56:51 2026] State updated: idx=6, windows=12, minimized=1
[Tue Jun  9 18:56:52 2026] Input received: 13
[Tue Jun  9 18:56:52 2026] Command received: SET_ACTIVE:6
[Tue Jun  9 18:56:52 2026] Restore requested: reopening Terminal #11 from taskbar slot 1
[Tue Jun  9 18:56:52 2026] State updated: idx=1, windows=12, minimized=1
[Tue Jun  9 18:56:53 2026] Input received: 51
[Tue Jun  9 18:56:53 2026] State updated: idx=3, windows=12, minimized=1
[Tue Jun  9 18:56:54 2026] Input received: 13
[Tue Jun  9 18:56:54 2026] Command received: SET_ACTIVE:3
[Tue Jun  9 18:56:54 2026] Minimize requested: moving Terminal #11 to taskbar
[Tue Jun  9 18:56:54 2026] State updated: idx=1, windows=12, minimized=2
[Tue Jun  9 18:56:54 2026] Command received: MOUSE_MOVE 35 60 11
[Tue Jun  9 18:56:54 2026] Mouse updated: btn=35 x=60 y=11
[Tue Jun  9 18:56:54 2026] State updated: idx=1, windows=12, minimized=2
[Tue Jun  9 18:56:55 2026] Wraith-Alpha Manager shutting down.
